spot_id,B-cells,CAFs,Cancer Epithelial,Cycling T-cells,Endothelial,Myeloid,NK cells,NKT cells,Normal Epithelial,PVL,Plasmablasts,T cells CD4+,T cells CD8+
mix_0000_depth100,0.0,0.0,0.843570381638505,0.0,0.0,0.0,0.0,0.0,0.1564296183614949,0.0,0.0,0.0,0.0
mix_0000_depth25,0.0,0.0,0.8800004735557908,0.0,0.0,0.0,0.0,0.0,0.1199995264442092,0.0,0.0,0.0,0.0
mix_0001_depth100,0.0,0.0,0.5958925723800165,0.0,0.0,0.0,0.0,0.0,0.4041074276199834,0.0,0.0,0.0,0.0
mix_0001_depth25,0.0,0.0,0.6194823207328156,0.0,0.0,0.0,0.0,0.0,0.3805176792671843,0.0,0.0,0.0,0.0
mix_0002_depth100,0.0,0.0,0.8363153380083442,0.0,0.0,0.0,0.0,0.0177697800123459,0.1459148819793098,0.0,0.0,0.0,0.0
mix_0002_depth25,0.0,0.0,0.8424221103442932,0.0,0.0,0.0,0.0,0.0169697235060143,0.1406081661496924,0.0,0.0,0.0,0.0
mix_0003_depth100,0.0,0.0,0.45920641066708767,0.1172321797166496,0.0,0.0956665386932848,0.0,0.0,0.3278948709229777,0.0,0.0,0.0,0.0
mix_0003_depth25,0.0,0.0,0.4689555895308195,0.1229022783209974,0.0,0.0946016137154799,0.0,0.0,0.3135405184327029,0.0,0.0,0.0,0.0
mix_0004_depth100,0.0,0.0,0.4598065084312818,0.0,0.0,0.0551322365040194,0.0,0.0,0.4850612550646986,0.0,0.0,0.0,0.0
mix_0004_depth25,0.0,0.0,0.4664868660741875,0.0,0.0,0.0521272714863358,0.0,0.0,0.4813858624394766,0.0,0.0,0.0,0.0
mix_0005_depth100,0.0,0.0,0.6007664943810382,0.0,0.0,0.1215907801102448,0.0,0.0,0.2776427255087168,0.0,0.0,0.0,0.0
mix_0005_depth25,0.0,0.0,0.5833580356562142,0.0,0.0,0.1288307556435972,0.0,0.0,0.2878112087001885,0.0,0.0,0.0,0.0
mix_0006_depth100,0.0,0.0,0.6489054221943807,0.0,0.0,0.0,0.0,0.0,0.3510945778056192,0.0,0.0,0.0,0.0
mix_0006_depth25,0.0,0.0,0.6290108316267723,0.0,0.0,0.0,0.0,0.0,0.3709891683732277,0.0,0.0,0.0,0.0
mix_0007_depth100,0.0,0.0,0.8865294515066492,0.0,0.0,0.0,0.0,0.0,0.1134705484933505,0.0,0.0,0.0,0.0
mix_0007_depth25,0.0,0.0,0.8728229752342413,0.0,0.0,0.0,0.0,0.0,0.1271770247657584,0.0,0.0,0.0,0.0
mix_0008_depth100,0.0,0.0,0.48977870336825813,0.0,0.0,0.0212886967620457,0.0,0.0039621272004607,0.4849704726692354,0.0,0.0,0.0,0.0
mix_0008_depth25,0.0,0.0,0.4346088427371902,0.0,0.0,0.0209970262609513,0.0,0.0012353018502617,0.5431588291515965,0.0,0.0,0.0,0.0
mix_0009_depth100,0.0,0.0,0.5875445906459986,0.0,0.0,0.0,0.0,0.0108901202003021,0.4015652891536991,0.0,0.0,0.0,0.0
mix_0009_depth25,0.0,0.0,0.6031781395014505,0.0,0.0,0.0,0.0,0.021256098418146,0.3755657620804033,0.0,0.0,0.0,0.0
mix_0010_depth100,0.0,0.0,0.5780130129549816,0.0,0.0,0.0780195039269213,0.0,0.0125214501061102,0.2040811753246976,0.1273648576872889,0.0,0.0,0.0
mix_0010_depth25,0.0,0.0,0.5576871137451145,0.0,0.0,0.0690329477719069,0.0,0.0074111346566004,0.2481790717179303,0.1176897321084476,0.0,0.0,0.0
mix_0011_depth100,0.0,0.0,0.6964531223736534,0.0,0.0,0.0,0.0,0.0,0.3035468776263464,0.0,0.0,0.0,0.0
mix_0011_depth25,0.0,0.0,0.7196856002695128,0.0,0.0,0.0,0.0,0.0,0.280314399730487,0.0,0.0,0.0,0.0
mix_0012_depth100,0.0,0.0,0.5635514454850585,0.0,0.0,0.0,0.0,0.0,0.4364485545149414,0.0,0.0,0.0,0.0
mix_0012_depth25,0.0,0.0,0.5417802696723473,0.0,0.0,0.0,0.0,0.0,0.4582197303276528,0.0,0.0,0.0,0.0
mix_0013_depth100,0.0,0.0,0.3564893392479086,0.0,0.0,0.0,0.0,0.0,0.6435106607520913,0.0,0.0,0.0,0.0
mix_0013_depth25,0.0,0.0,0.3524860065139021,0.0,0.0,0.0,0.0,0.0,0.6475139934860978,0.0,0.0,0.0,0.0
mix_0014_depth100,0.0,0.0,0.6874877206340622,0.0,0.0,0.0188483002017362,0.0,0.0579664416193331,0.2356975375448684,0.0,0.0,0.0,0.0
mix_0014_depth25,0.0,0.0,0.6746393786946983,0.0,0.0,0.0138293533704019,0.0,0.0696202369824939,0.2419110309524056,0.0,0.0,0.0,0.0
mix_0015_depth100,0.0,0.0,0.5067549057893025,0.0,0.0,0.0,0.0,0.0,0.4932450942106973,0.0,0.0,0.0,0.0
mix_0015_depth25,0.0,0.0,0.47950260868968864,0.0,0.0,0.0,0.0,0.0,0.5204973913103114,0.0,0.0,0.0,0.0
mix_0016_depth100,0.0,0.0,0.847182288867979,0.0,0.0,0.0,0.0,0.0,0.1528177111320209,0.0,0.0,0.0,0.0
mix_0016_depth25,0.0,0.0,0.8766278613692237,0.0,0.0,0.0,0.0,0.0,0.1233721386307762,0.0,0.0,0.0,0.0
mix_0017_depth100,0.0,0.0,0.670259414872595,0.0,0.0,0.0,0.0,0.0,0.329740585127405,0.0,0.0,0.0,0.0
mix_0017_depth25,0.0,0.0,0.6447099390179574,0.0,0.0,0.0,0.0,0.0,0.3552900609820426,0.0,0.0,0.0,0.0
mix_0018_depth100,0.0,0.0,0.6945495360263719,0.0,0.0,0.0,0.0,0.010435531759495,0.2950149322141329,0.0,0.0,0.0,0.0
mix_0018_depth25,0.0,0.0,0.6621693023010295,0.0,0.0,0.0,0.0,0.0045818970579389,0.3332488006410314,0.0,0.0,0.0,0.0
mix_0019_depth100,0.0,0.0,0.3796551281346331,0.1985650403585802,0.0,0.0,0.0,0.0,0.3825885968606161,0.0391912346461705,0.0,0.0,0.0
mix_0019_depth25,0.0,0.0,0.36125407988218217,0.20087579032858,0.0,0.0039992022889408,0.0,0.0,0.3958358026327582,0.0380351248675386,0.0,0.0,0.0
mix_0020_depth100,0.0,0.0,0.34194533176568137,0.0,0.0,0.0051077613886858,0.0,0.0,0.6529469068456327,0.0,0.0,0.0,0.0
mix_0020_depth25,0.0,0.0,0.30233145789691873,0.0,0.0,0.0012100977981478,0.0,0.0,0.6964584443049334,0.0,0.0,0.0,0.0
mix_0021_depth100,0.0,0.0,0.1580575681350113,0.0,0.0,0.0,0.0,0.0,0.8419424318649886,0.0,0.0,0.0,0.0
mix_0021_depth25,0.0,0.0,0.193799794702883,0.0,0.0,0.0,0.0,0.0,0.806200205297117,0.0,0.0,0.0,0.0
mix_0022_depth100,0.0,0.0,0.5351185842925086,0.0,0.002452962586057,0.0,0.0,0.0773660476553765,0.3850624054660578,0.0,0.0,0.0,0.0
mix_0022_depth25,0.0,0.0,0.5196829284584856,0.0,0.0300711901281988,0.0,0.0,0.0589676881872599,0.3912781932260555,0.0,0.0,0.0,0.0
mix_0023_depth100,0.0,0.0,0.5928892899170034,0.0,0.0,0.0030387032049923,0.0,0.0742598868397785,0.3298121200382256,0.0,0.0,0.0,0.0
mix_0023_depth25,0.0,0.0,0.6092495471575939,0.0,0.0,0.0,0.0,0.0616445725994105,0.3291058802429953,0.0,0.0,0.0,0.0
mix_0024_depth100,0.0,0.0,0.6465847961693691,0.0,0.0,0.108302323448226,0.0,0.0042381302709536,0.2408747501114512,0.0,0.0,0.0,0.0
mix_0024_depth25,0.0,0.0,0.6461809427151204,0.0,0.0,0.1079309052880537,0.0,0.0053334337778388,0.2405547182189869,0.0,0.0,0.0,0.0
mix_0025_depth100,0.0,0.0,0.7096480966280616,0.0,0.0,0.0629082159279183,0.0,0.0,0.2274436874440198,0.0,0.0,0.0,0.0
mix_0025_depth25,0.0,0.0,0.6674987186628786,0.0,0.0,0.0579242231232173,0.0,0.026071194743615,0.2485058634702891,0.0,0.0,0.0,0.0
mix_0026_depth100,0.0,0.0,0.754638362410152,0.0,0.0,0.0484737480126241,0.0,0.0387517432639422,0.1156482800499692,0.0424878662633123,0.0,0.0,0.0
mix_0026_depth25,0.0,0.0,0.7465937957467628,0.0,0.0508244619913514,0.0373533033356508,0.0,0.0385785910190657,0.1150910446043758,0.011558803302793,0.0,0.0,0.0
mix_0027_depth100,0.0,0.0342146744421589,0.2169428692418358,0.0236457624819958,0.2433517326094975,0.0469673350706486,0.0,0.0,0.4348776261538632,0.0,0.0,0.0,0.0
mix_0027_depth25,0.0,0.0403112275209832,0.2109114159335726,0.0411596533917802,0.2190626198073803,0.0328381987587835,0.0,0.0,0.4557168845874998,0.0,0.0,0.0,0.0
mix_0028_depth100,0.0,0.0,0.4755599746771591,0.0,0.0009971538715585,0.0486457528544961,0.0,0.0096223184005697,0.4651748001962165,0.0,0.0,0.0,0.0
mix_0028_depth25,0.0,0.0,0.4657954109544741,0.0,0.0,0.0390607700784308,0.0,0.0023971042700055,0.4927467146970896,0.0,0.0,0.0,0.0
mix_0029_depth100,0.0,0.0,0.5736809754613599,0.0,0.0,0.0423126946818745,0.0,0.0,0.3539054887835474,0.030100841073218,0.0,0.0,0.0
mix_0029_depth25,0.0,0.0,0.5837774529735201,0.0,0.0,0.0423703831871634,0.0,0.0,0.3401029917672546,0.0337491720720616,0.0,0.0,0.0
mix_0030_depth100,0.0,0.0,0.7928693880812695,0.0,0.0,0.0,0.0,0.0376522739592802,0.1694783379594502,0.0,0.0,0.0,0.0
mix_0030_depth25,0.0,0.0,0.7583412517582399,0.0,0.0,0.000882233244423,0.0,0.0401973624517375,0.2005791525455994,0.0,0.0,0.0,0.0
mix_0031_depth100,0.0,0.0,0.4928636554595113,0.0,0.0,0.0278295791813797,0.0,0.0002158550730103,0.4790909102860985,0.0,0.0,0.0,0.0
mix_0031_depth25,0.0,0.0,0.4399539182366738,0.0,0.0,0.025344116885663,0.0,0.0,0.5347019648776633,0.0,0.0,0.0,0.0
mix_0032_depth100,0.0,0.0,0.4999294014741691,0.0,0.0,0.005062336602638,0.0,0.0,0.4864079160457721,0.0086003458774206,0.0,0.0,0.0
mix_0032_depth25,0.0,0.0,0.49895717595025607,0.0,0.0,0.0265402594775308,0.0,0.0,0.459465351785686,0.0150372127865269,0.0,0.0,0.0
mix_0033_depth100,0.0,0.0,0.5658908113506697,0.1055688925345316,0.0,0.0511376624491061,0.0,0.0,0.2373077162791328,0.0400949173865596,0.0,0.0,0.0
mix_0033_depth25,0.0,0.0,0.5590328353706567,0.0476884970658368,0.0,0.0585111358138914,0.0,0.0,0.2671479037588668,0.0676196279907481,0.0,0.0,0.0
mix_0034_depth100,0.0,0.0,0.8556955168212641,0.0,0.0,0.0,0.0,0.0227942217790668,0.1215102613996688,0.0,0.0,0.0,0.0
mix_0034_depth25,0.0,0.0,0.8761711244765585,0.0,0.0,0.0,0.0,0.0337394145190861,0.0900894610043553,0.0,0.0,0.0,0.0
mix_0035_depth100,0.0,0.0,0.47735148069866157,0.0,0.0,0.0323450578204395,0.0,0.0,0.4903034614808987,0.0,0.0,0.0,0.0
mix_0035_depth25,0.0,0.0,0.5353447587681074,0.0,0.0,0.0340537591774273,0.0,0.0,0.4306014820544652,0.0,0.0,0.0,0.0
mix_0036_depth100,0.0,0.0,0.7914549758153763,0.0,0.0,0.0152831134500148,0.0,0.0118384327477754,0.1814234779868334,0.0,0.0,0.0,0.0
mix_0036_depth25,0.0,0.0,0.7837159051211503,0.0,0.0,0.0089025563624779,0.0,0.0068264374983922,0.2005551010179794,0.0,0.0,0.0,0.0
mix_0037_depth100,0.0,0.0,0.7714999342051039,0.0,0.0,0.0,0.0,0.0145896659626024,0.2139103998322937,0.0,0.0,0.0,0.0
mix_0037_depth25,0.0,0.0,0.7889951968797327,0.0,0.0,0.0,0.0,0.0041909990814802,0.206813804038787,0.0,0.0,0.0,0.0
mix_0038_depth100,0.0,0.0,0.565671093148089,0.0,0.0,0.0,0.0,0.0564436572457658,0.377885249606145,0.0,0.0,0.0,0.0
mix_0038_depth25,0.0,0.0,0.5529702096418291,0.0,0.0,0.0,0.0,0.0682176551681973,0.3788121351899733,0.0,0.0,0.0,0.0
mix_0039_depth100,0.0,0.0,0.5234469199825483,0.0,0.0,0.0,0.0,0.1051458898999699,0.3316055296068916,0.0398016605105898,0.0,0.0,0.0
mix_0039_depth25,0.0,0.0,0.4902389755345289,0.0,0.0,0.0,0.0,0.1029045508349296,0.3258198285797126,0.0810366450508287,0.0,0.0,0.0
mix_0040_depth100,0.0,0.0,0.6950469055279457,0.0,0.0,0.0,0.0,0.0584484643713723,0.2465046301006819,0.0,0.0,0.0,0.0
mix_0040_depth25,0.0,0.0,0.6742865499656584,0.0,0.0,0.0,0.0,0.0410348960634012,0.2846785539709404,0.0,0.0,0.0,0.0
mix_0041_depth100,0.0,0.0,0.8226907104152881,0.0,0.0,0.0,0.0,0.0,0.1773092895847118,0.0,0.0,0.0,0.0
mix_0041_depth25,0.0,0.0,0.7781225213095196,0.0,0.0,0.0,0.0,0.0,0.2218774786904802,0.0,0.0,0.0,0.0
mix_0042_depth100,0.0,0.0,0.2750501484622964,0.266763532419525,0.0,0.0,0.0,0.0,0.4195760256338372,0.0,0.0,0.0386102934843412,0.0
mix_0042_depth25,0.0,0.0,0.2586961545953417,0.1995247320258913,0.0,0.0125227780779177,0.0,0.0,0.409719448777799,0.0,0.0,0.1195368865230502,0.0
mix_0043_depth100,0.0,0.0,0.267076835813351,0.0,0.0,0.002255423407349,0.0,0.0725539096814642,0.4518970037669697,0.2062168273308659,0.0,0.0,0.0
mix_0043_depth25,0.0146541750456855,0.0435928158720221,0.2319379664104868,0.0,0.0,0.0,0.0533223635988944,0.0369822997052788,0.4588933714195061,0.160617007948126,0.0,0.0,0.0
mix_0044_depth100,0.0,0.0,0.5955420473076628,0.0,0.0869112027257904,0.0,0.0,0.1068152517393101,0.2107314982272366,0.0,0.0,0.0,0.0
mix_0044_depth25,0.0,0.0,0.6363927109579843,0.0,0.1419577210505044,0.0,0.0,0.0971767022556814,0.1244728657358296,0.0,0.0,0.0,0.0
mix_0045_depth100,0.0,0.0,0.5248771288611533,0.0,0.0,0.0,0.0,0.0752770089124075,0.3998458622264392,0.0,0.0,0.0,0.0
mix_0045_depth25,0.0,0.0,0.4990498396237695,0.0,0.0,0.0235902255479089,0.0,0.0478142937702916,0.4295456410580298,0.0,0.0,0.0,0.0
mix_0046_depth100,0.0,0.0,0.641211931177955,0.0,0.0,0.0,0.0,0.0205299965879221,0.3382580722341227,0.0,0.0,0.0,0.0
mix_0046_depth25,0.0,0.0,0.6430394075683505,0.0,0.0,0.0106159372496428,0.0,0.0028518511930063,0.3434928039890004,0.0,0.0,0.0,0.0
mix_0047_depth100,0.0,0.0,0.43979408514189433,0.0,0.0,0.2856447248417917,0.0,0.0314531490034149,0.236390383168742,0.0067176578441567,0.0,0.0,0.0
mix_0047_depth25,0.0,0.0,0.4328952354049941,0.0,0.0,0.2742701699693962,0.0,0.0195505654627208,0.2254665835457203,0.0478174456171684,0.0,0.0,0.0
mix_0048_depth100,0.0,0.0,0.42565369297523303,0.0,0.0285256334735706,0.0,0.0,0.0684894814927166,0.4773311920584797,0.0,0.0,0.0,0.0
mix_0048_depth25,0.0,0.0,0.4323916921258222,0.0,0.0231265925907766,0.0151576392834788,0.0,0.0681836230826724,0.4611404529172497,0.0,0.0,0.0,0.0
mix_0049_depth100,0.0,0.0,0.5910925814896547,0.0,0.0,0.0,0.0,0.0143089181913254,0.3508599903837362,0.0437385099352835,0.0,0.0,0.0
mix_0049_depth25,0.0,0.0,0.5686016973134724,0.0,0.0,0.0,0.0,0.0337865090607828,0.3405673489625588,0.0570444446631858,0.0,0.0,0.0
mix_0050_depth100,0.0,0.0,0.6709320899161602,0.0,0.0,0.0,0.0,0.0274558505403722,0.3016120595434676,0.0,0.0,0.0,0.0
mix_0050_depth25,0.0,0.0,0.6686701662391941,0.0,0.0,0.0,0.0,0.0185633910343859,0.3127664427264201,0.0,0.0,0.0,0.0
mix_0051_depth100,0.0,0.0,0.36728557970622266,0.2554055810754133,0.0,0.0,0.0,0.0,0.3773088392183639,0.0,0.0,0.0,0.0
mix_0051_depth25,0.0,0.0,0.3600204328750764,0.2193963805811748,0.0,0.0,0.0,0.008976621402211,0.4116065651415376,0.0,0.0,0.0,0.0
mix_0052_depth100,0.0,0.0,0.588998620016218,0.0,0.0,0.0,0.0,0.0420891993738814,0.3689121806099005,0.0,0.0,0.0,0.0
mix_0052_depth25,0.0,0.0,0.5088267260925504,0.0,0.0,0.0,0.0,0.0517772382198153,0.4393960356876342,0.0,0.0,0.0,0.0
mix_0053_depth100,0.0,0.0,0.4535486645462202,0.2301529989308792,0.0,0.0254517807139688,0.0,0.0,0.2908465558089315,0.0,0.0,0.0,0.0
mix_0053_depth25,0.0,0.0,0.4482292382330695,0.2469210310863825,0.0,0.0078352897856989,0.0,0.0,0.2970144408948491,0.0,0.0,0.0,0.0
mix_0054_depth100,0.0,0.0,0.4719174026002435,0.0263836737766904,0.0,0.0997207116519379,0.0,0.0426388257368317,0.2361367493293142,0.123202636904982,0.0,0.0,0.0
mix_0054_depth25,0.0,0.0,0.4464225670245531,0.0,0.0,0.1034966503913528,0.0,0.0706234810582483,0.241351748282438,0.1381055532434076,0.0,0.0,0.0
mix_0055_depth100,0.0,0.0,0.6836965699202301,0.0,0.0,0.0,0.0,0.0983594954393967,0.217943934640373,0.0,0.0,0.0,0.0
mix_0055_depth25,0.0,0.0,0.6204859610928772,0.0,0.0,0.0,0.0,0.1047688406991361,0.2747451982079866,0.0,0.0,0.0,0.0
mix_0056_depth100,0.0,0.0,0.719250513451965,0.0,0.0,0.0,0.0,0.0103148757444933,0.2704346108035415,0.0,0.0,0.0,0.0
mix_0056_depth25,0.0,0.0,0.7304147125201211,0.0,0.0,0.0,0.0,0.0069501909371362,0.2626350965427425,0.0,0.0,0.0,0.0
mix_0057_depth100,0.0,0.0608478307389921,0.4352260544656697,0.0145715655748609,0.0365330245326714,0.0275507244965448,0.0,0.1320970884278739,0.2871493719360746,0.0060243398273124,0.0,0.0,0.0
mix_0057_depth25,0.0,0.009768897394748,0.41645238925847927,0.0493224390957217,0.0,0.0307886328480246,0.0,0.1434729109819631,0.3501947304210631,0.0,0.0,0.0,0.0
mix_0058_depth100,0.0,0.0,0.3796493955577353,0.0489036256228911,0.0,0.0078443455940996,0.0,0.0390313550779921,0.5245712781472816,0.0,0.0,0.0,0.0
mix_0058_depth25,0.0,0.0,0.4234085675375058,0.0,0.0,0.0072494175058293,0.0,0.05778920916104,0.5115528057956249,0.0,0.0,0.0,0.0
mix_0059_depth100,0.0,0.0,0.30587967329723353,0.1589195938841148,0.0,0.0210200904622136,0.0,0.1338468902748818,0.2771527969815814,0.0608577934148902,0.0,0.0423231616850845,0.0
mix_0059_depth25,0.0,0.0,0.30963059902091916,0.147681231007254,0.0,0.024545001937755,0.0,0.1383232055035525,0.2924166871829551,0.0478968420112551,0.0,0.0395064333363089,0.0
mix_0060_depth100,0.0,0.0,0.4543797223237796,0.0331056962873376,0.0,0.0082371341256677,0.0,0.0,0.504277447263215,0.0,0.0,0.0,0.0
mix_0060_depth25,0.0,0.0,0.4467601174575857,0.0395492658002402,0.0,0.0052130812931245,0.0,0.0,0.5084775354490493,0.0,0.0,0.0,0.0
mix_0061_depth100,0.0,0.0,0.2384263605432144,0.0449942198857869,0.1052714763852838,0.0081559239090404,0.0,0.0834255253678316,0.227888636797874,0.2217975130155653,0.0,0.0,0.0700403440954031
mix_0061_depth25,0.0,0.0,0.22312741227900662,0.0462677837666297,0.1210341306773067,0.0235192459618434,0.0,0.0870963051821417,0.296206503201156,0.2026643727567196,0.0,0.0,8.424617519596923e-05
mix_0062_depth100,0.0,0.0,0.5154907354748205,0.0,0.0,0.0,0.0,0.1123188683359482,0.3721903961892311,0.0,0.0,0.0,0.0
mix_0062_depth25,0.0,0.0,0.5038390389943779,0.0,0.0,0.0,0.0,0.1253961060394794,0.3707648549661426,0.0,0.0,0.0,0.0
mix_0063_depth100,0.0,0.0,0.37020291131766453,0.0,0.0,0.0,0.0,0.0,0.6297970886823354,0.0,0.0,0.0,0.0
mix_0063_depth25,0.0,0.0,0.3233719659988878,0.0,0.0,0.0,0.0,0.0,0.6766280340011122,0.0,0.0,0.0,0.0
mix_0064_depth100,0.0,0.0,0.7229049254694135,0.0,0.0,0.0,0.0,0.0291231265305031,0.2479719480000832,0.0,0.0,0.0,0.0
mix_0064_depth25,0.0,0.0,0.7210254550716692,0.0,0.0072617187722782,0.0,0.0,0.0506089740613051,0.2171682925352566,0.0039355595594906,0.0,0.0,0.0
mix_0065_depth100,0.0,0.0762263921060816,0.5853933711533337,0.0973447635879656,0.0,0.0223406505138401,0.0,0.0,0.2186948226387789,0.0,0.0,0.0,0.0
mix_0065_depth25,0.0,0.0429293824546342,0.6048102486542407,0.1016560606889981,0.0,0.0210029435252679,0.0,0.0,0.2296013646768588,0.0,0.0,0.0,0.0
mix_0066_depth100,0.0,0.0062187327759828,0.6957147572221846,0.0,0.0,0.1176054364737305,0.0,0.0,0.180461073528102,0.0,0.0,0.0,0.0
mix_0066_depth25,0.0,0.0,0.7456547004108449,0.0,0.0,0.0999990410518272,0.0,0.0,0.1543462585373277,0.0,0.0,0.0,0.0
mix_0067_depth100,0.0,0.0918960772209348,0.4658135045641022,0.0,0.0,0.0805295342632134,0.0,0.0,0.3617608839517494,0.0,0.0,0.0,0.0
mix_0067_depth25,0.0,0.0171377851330442,0.4658631640504268,0.0,0.0,0.0562684518220476,0.0,0.02016436167605,0.4405662373184311,0.0,0.0,0.0,0.0
mix_0068_depth100,0.0,0.1084493959450922,0.4690861682608426,0.0,0.0,0.2087334583660744,0.0,0.0,0.2137309774279907,0.0,0.0,0.0,0.0
mix_0068_depth25,0.0,0.1067225768006722,0.4532516329467209,0.0,0.0,0.2157033833522014,0.0,0.0,0.2243224069004053,0.0,0.0,0.0,0.0
mix_0069_depth100,0.0,0.0,0.5015948195316315,0.0025855426567037,0.0116895738904042,0.0269368365343317,0.0,0.0111015375871658,0.4460916897997627,0.0,0.0,0.0,0.0
mix_0069_depth25,0.0,0.0,0.4671725525415731,0.0,0.0305569271861305,0.0312227314794731,0.0,0.0095071958002263,0.4615405929925968,0.0,0.0,0.0,0.0
mix_0070_depth100,0.0,0.1062761785460094,0.5477234653715856,0.0001438575821889,0.0,0.0156579782708696,0.0,0.0,0.3301985202293464,0.0,0.0,0.0,0.0
mix_0070_depth25,0.0,0.0739505438625337,0.5563968288238658,0.0,0.0,0.0129450723248783,0.0,0.0,0.3567075549887221,0.0,0.0,0.0,0.0
mix_0071_depth100,0.0,0.0,0.6231113586593112,0.0545061482415171,0.0,0.035625872932229,0.0,0.0096835562727973,0.2770730638941452,0.0,0.0,0.0,0.0
mix_0071_depth25,0.0,0.0,0.6161493871970409,0.005959350706692,0.0206040473232106,0.0390610172730794,0.0,0.022581543373165,0.2956446541268117,0.0,0.0,0.0,0.0
mix_0072_depth100,0.0,0.0,0.745641484966458,0.0,0.0,0.0,0.0,0.0,0.2543585150335418,0.0,0.0,0.0,0.0
mix_0072_depth25,0.0,0.0,0.768309264875316,0.0,0.0,0.0,0.0,0.0,0.231690735124684,0.0,0.0,0.0,0.0
mix_0073_depth100,0.0,0.0,0.520556239770883,0.0,0.0,0.0160756252779152,0.0,0.0,0.354223411009639,0.1091447239415626,0.0,0.0,0.0
mix_0073_depth25,0.0,0.0,0.5412510750709012,0.0,0.0,0.0239701210112647,0.0,0.0,0.3596290763990946,0.0751497275187394,0.0,0.0,0.0
mix_0074_depth100,0.0,0.0673985409078618,0.5905654782622415,0.0,0.0,0.0,0.0,0.0559332737282459,0.2861027071016505,0.0,0.0,0.0,0.0
mix_0074_depth25,0.0,0.0878432444700579,0.5771213708127063,0.0,0.0,0.0,0.0,0.0452812989069569,0.2729853169376591,0.0167687688726195,0.0,0.0,0.0
mix_0075_depth100,0.0,0.0,0.6932065643096949,0.0,0.0,0.0,0.0,0.0,0.3067934356903051,0.0,0.0,0.0,0.0
mix_0075_depth25,0.0,0.0,0.6853198992934907,0.0,0.0,0.0,0.0,0.0,0.3146801007065093,0.0,0.0,0.0,0.0
mix_0076_depth100,0.0,0.0,0.573078977590386,0.0,0.0,0.0172782414870454,0.0,0.0411734270977465,0.3684693538248219,0.0,0.0,0.0,0.0
mix_0076_depth25,0.0,0.0,0.6165275821420677,0.0,0.0,0.0212624637365021,0.0,0.0281862286407305,0.3340237254806995,0.0,0.0,0.0,0.0
mix_0077_depth100,0.0,0.0,0.2659636609711619,0.2152665252569551,0.0,0.0,0.0,0.0,0.5187698137718828,0.0,0.0,0.0,0.0
mix_0077_depth25,0.0,0.0,0.2598292107864584,0.2576286993090407,0.0,0.0,0.0,0.0,0.482542089904501,0.0,0.0,0.0,0.0
mix_0078_depth100,0.0,0.0648750200307912,0.4620176903097754,0.0,0.0,0.0258385921023717,0.0,0.0442050485467349,0.4030636490103267,0.0,0.0,0.0,0.0
mix_0078_depth25,0.0,0.0527539749817641,0.412033247166037,0.0029185447377541,0.0,0.0214187271507111,0.0,0.0810105164494541,0.4298649895142791,0.0,0.0,0.0,0.0
mix_0079_depth100,0.0,0.0,0.6583911859690617,0.0,0.0,0.0,0.0,0.0160477716750925,0.3255610423558458,0.0,0.0,0.0,0.0
mix_0079_depth25,0.0,0.0,0.6301981453168437,0.0,0.0,0.0,0.0,0.002291725573877,0.3675101291092791,0.0,0.0,0.0,0.0
mix_0080_depth100,0.0,0.0,0.7040317810999794,0.0,0.0,0.0,0.0,0.0,0.2959682189000204,0.0,0.0,0.0,0.0
mix_0080_depth25,0.0,0.0,0.716378386942968,0.0,0.0,0.0,0.0,0.0083240556564327,0.2752975574005993,0.0,0.0,0.0,0.0
mix_0081_depth100,0.0,0.3753814750964104,0.29861499169795347,0.0,0.0,0.0134003171288625,0.0,0.1196219190688406,0.1769523802755528,0.0160289167323799,0.0,0.0,0.0
mix_0081_depth25,0.0,0.3033894947351565,0.2977659019215523,0.0,0.0,0.0082068111746721,0.0,0.1310424260323539,0.2315162909776596,0.0280790751586053,0.0,0.0,0.0
mix_0082_depth100,0.0,0.1268185420317321,0.6166294593507213,0.0,0.0,0.0165376727640257,0.0,0.0433088464470621,0.1967054794064586,0.0,0.0,0.0,0.0
mix_0082_depth25,0.0,0.1439291405892912,0.6311106046961004,0.0,0.0,0.0055830330464576,0.0,0.0536125420331189,0.1657646796350317,0.0,0.0,0.0,0.0
mix_0083_depth100,0.0,0.0,0.6895664806372388,0.0,0.0,0.0,0.0,0.0,0.3104335193627612,0.0,0.0,0.0,0.0
mix_0083_depth25,0.0,0.0,0.7104969615201229,0.0,0.0,0.0018460580564448,0.0,0.0,0.2876569804234323,0.0,0.0,0.0,0.0
mix_0084_depth100,0.0,0.2841470746019863,0.5003518059951203,0.0,0.0152178077046044,0.0,0.0,0.0575805742681559,0.1427027374301329,0.0,0.0,0.0,0.0
mix_0084_depth25,0.0,0.2782807511371399,0.49281393449893934,0.0,0.027506905345177,0.0,0.0,0.0800085233583492,0.1094498670063168,0.0119400186540774,0.0,0.0,0.0
mix_0085_depth100,0.0,0.0,0.7403984014800664,0.0,0.0,0.0,0.0,0.0839860011876891,0.1756155973322442,0.0,0.0,0.0,0.0
mix_0085_depth25,0.0,0.0,0.7106040949983203,0.0,0.0,0.0,0.0,0.0919556081228015,0.1974402968788783,0.0,0.0,0.0,0.0
mix_0086_depth100,0.0,0.0,0.6300138323085116,0.0,0.0,0.0,0.0,0.0723855693703303,0.2452814151735551,0.0523191831476026,0.0,0.0,0.0
mix_0086_depth25,0.0,0.0,0.6171994642490837,0.0,0.0,0.0,0.0,0.0783439879953788,0.241444337101746,0.0630122106537912,0.0,0.0,0.0
mix_0087_depth100,0.0,0.334735179871507,0.124287538292286,0.0441539250538912,0.0,0.0703409720963841,0.0,0.0,0.4264823846859314,0.0,0.0,0.0,0.0
mix_0087_depth25,0.0,0.3375747420568321,0.156446583386461,0.0350892316137201,0.0,0.0594733071240404,0.0,0.0,0.4114161358189462,0.0,0.0,0.0,0.0
mix_0088_depth100,0.0,0.0,0.5691668433151409,0.0,0.0,0.0769049821208752,0.0,0.0,0.3539281745639839,0.0,0.0,0.0,0.0
mix_0088_depth25,0.0,0.0,0.5997656470187069,0.0,0.0,0.0882519030301141,0.0,0.0,0.3119824499511788,0.0,0.0,0.0,0.0
mix_0089_depth100,0.0,0.0083081369755674,0.4949478310619477,0.0,0.0,0.1658269350633808,0.0,0.0,0.3309170968991039,0.0,0.0,0.0,0.0
mix_0089_depth25,0.0,0.0,0.471922398992492,0.0,0.0,0.1721825442572133,0.0,0.0,0.3558950567502946,0.0,0.0,0.0,0.0
mix_0090_depth100,0.0,0.083455703553687,0.4917026298950554,0.0,0.0,0.0150869523707531,0.0,0.0214201655525793,0.3157149378560255,0.0726196107718992,0.0,0.0,0.0
mix_0090_depth25,0.0,0.0857585397137637,0.4883716001869722,0.0,0.0,0.0026369312626288,0.0,0.003080733866948,0.3525487370102035,0.0676034579594834,0.0,0.0,0.0
mix_0091_depth100,0.0,0.2900005852368541,0.42786696131533286,0.0,0.0,0.0,0.0,0.0703519088752816,0.2117805445725311,0.0,0.0,0.0,0.0
mix_0091_depth25,0.0,0.2493217884317547,0.4492149448906184,0.0,0.0,0.0,0.0,0.0654348953779766,0.2360283712996499,0.0,0.0,0.0,0.0
mix_0092_depth100,0.0,0.0,0.776899657122283,0.0,0.0,0.0,0.0,0.0,0.2231003428777168,0.0,0.0,0.0,0.0
mix_0092_depth25,0.0,0.0,0.7474858254662863,0.0,0.0,0.0,0.0,0.0,0.2525141745337135,0.0,0.0,0.0,0.0
mix_0093_depth100,0.0,0.0,0.6047784704415118,0.0,0.0,0.0221902479232237,0.0,0.0147337720806937,0.3582975095545704,0.0,0.0,0.0,0.0
mix_0093_depth25,0.0,0.0,0.6334463488051054,0.0,0.0,0.0139098302901442,0.0,0.03264168525511,0.3200021356496402,0.0,0.0,0.0,0.0
mix_0094_depth100,0.0,0.0,0.7213360017573898,0.0,0.0,0.0,0.0,0.0259888149251356,0.2526751833174747,0.0,0.0,0.0,0.0
mix_0094_depth25,0.0,0.0,0.7560829233010946,0.0,0.0,0.0,0.0,0.0197380145481511,0.2241790621507541,0.0,0.0,0.0,0.0
mix_0095_depth100,0.0,0.143812947585217,0.2793991463058367,0.0175560862159176,0.0,0.0341946196316472,0.0,0.0,0.5250372002613812,0.0,0.0,0.0,0.0
mix_0095_depth25,0.0,0.1661148468495445,0.31669289330372996,0.0,0.0,0.0371991736984404,0.0,0.0,0.479993086148285,0.0,0.0,0.0,0.0
mix_0096_depth100,0.0,0.0,0.8078550375476238,0.0,0.0,0.0,0.0,0.0,0.1921449624523762,0.0,0.0,0.0,0.0
mix_0096_depth25,0.0,0.0,0.7717631627745918,0.0,0.0,0.007964100820355,0.0,0.0235747525494842,0.1966979838555689,0.0,0.0,0.0,0.0
mix_0097_depth100,0.0,0.0,0.45018536321610336,0.0,0.0,0.007351258775954,0.0,0.0406411752204941,0.5018222027874483,0.0,0.0,0.0,0.0
mix_0097_depth25,0.0,0.0249482673687744,0.3883697032722608,0.0,0.0,0.0222201997107406,0.0,0.0108186665839591,0.553643163064265,0.0,0.0,0.0,0.0
mix_0098_depth100,0.0,0.3461797593916999,0.3545134249510792,0.0,0.0,0.0025291501047739,0.0,0.0319285841380688,0.2648490814143781,0.0,0.0,0.0,0.0
mix_0098_depth25,0.0,0.3754967749137403,0.34951540597275327,0.0,0.0,0.0046055784222905,0.0,0.0335842916579997,0.236797949033216,0.0,0.0,0.0,0.0
mix_0099_depth100,0.0,0.0726619042325588,0.6180804560462966,0.0,0.0,0.0,0.0,0.0260180677255384,0.2832395719956059,0.0,0.0,0.0,0.0
mix_0099_depth25,0.0,0.071307137721783,0.6196517908258317,0.0,0.0,0.0,0.0,0.0262789821931962,0.282762089259189,0.0,0.0,0.0,0.0
mix_0100_depth100,0.0,0.085433669093389,0.4984253259758386,0.0,0.0,0.0,0.0,0.044362714801882,0.3717782901288902,0.0,0.0,0.0,0.0
mix_0100_depth25,0.0,0.112152008851788,0.4703129428374936,0.0,0.0,0.0037994872280084,0.0,0.0336960811184335,0.3800394799642763,0.0,0.0,0.0,0.0
mix_0101_depth100,0.0,0.0,0.5201111190468108,0.0,0.0,0.0,0.0,0.0,0.4798888809531891,0.0,0.0,0.0,0.0
mix_0101_depth25,0.0,0.0,0.5479393995124907,0.0,0.0,0.0,0.0,0.0,0.4520606004875092,0.0,0.0,0.0,0.0
mix_0102_depth100,0.0,0.0828738701735386,0.4313725944243343,0.0,0.0,0.0961796837421072,0.0,0.072141954670662,0.1681436642431743,0.1492882327461833,0.0,0.0,0.0
mix_0102_depth25,0.0,0.0966716626361028,0.4548831878887125,0.0,0.0,0.0991319628113754,0.0,0.0687855210157352,0.1560096327306655,0.1245180329174081,0.0,0.0,0.0
mix_0103_depth100,0.0,0.0049551237320928,0.3771985135946504,0.1678622972276719,0.0,0.0356035410428248,0.0,0.0,0.41438052440276,0.0,0.0,0.0,0.0
mix_0103_depth25,0.0,0.0195067248034259,0.3657218444983824,0.1891906165584739,0.0,0.0342465568778089,0.0,0.0,0.3913342572619087,0.0,0.0,0.0,0.0
mix_0104_depth100,0.0,0.0240080137537029,0.4182787555777252,0.0,0.0,0.0177429816693051,0.0,0.0381655405848602,0.5018047084144064,0.0,0.0,0.0,0.0
mix_0104_depth25,0.0,0.0273549910859487,0.3879054614414892,0.0,0.0,0.0097569288607672,0.0,0.0611994855176397,0.513783133094155,0.0,0.0,0.0,0.0
mix_0105_depth100,0.0,0.2482769967960033,0.3184402769335063,0.1781226810012885,0.0,0.103681037477947,0.0,0.0,0.1039315421300797,0.0,0.0,0.0475474656611749,0.0
mix_0105_depth25,0.0,0.2325814027786613,0.3281998370211197,0.2140574607223159,0.0,0.0972727099465164,0.0,0.0,0.1142713866436929,0.0,0.0,0.0136172028876936,0.0
mix_0106_depth100,0.0,0.0221902057023721,0.4991909598750462,0.219421972382781,0.0,0.0192553186233355,0.0,0.0382065334282085,0.2017350099882565,0.0,0.0,0.0,0.0
mix_0106_depth25,0.0,0.0,0.4911890048792632,0.2702582555399215,0.0,0.0100274233134747,0.0,0.0182825801090114,0.2102427361583292,0.0,0.0,0.0,0.0
mix_0107_depth100,0.0,0.0993599834809727,0.4170930362811819,0.0,0.0,0.0,0.0,0.1642057821992576,0.3193411980385874,0.0,0.0,0.0,0.0
mix_0107_depth25,0.0,0.0962407933704724,0.4303922684163512,0.0,0.0,0.0,0.0,0.1872107858353433,0.2861561523778329,0.0,0.0,0.0,0.0
mix_0108_depth100,0.0,0.1657063168080823,0.2478330509531893,0.0264589088294527,0.0,0.1413235323016408,0.0,0.0489465714323976,0.3142059324082873,0.0555256872669497,0.0,0.0,0.0
mix_0108_depth25,0.0,0.1506355189225567,0.24048188341081012,0.0368935661018661,0.0,0.1406854232077059,0.0,0.030260743873355,0.3442585826184679,0.056784281865238,0.0,0.0,0.0
mix_0109_depth100,0.0,0.0763338290241072,0.403957438137744,0.0,0.0,0.1744559173784512,0.0,0.1888708201320177,0.1327649070782371,0.0236170882494428,0.0,0.0,0.0
mix_0109_depth25,0.0,0.0877557674590013,0.4209981369916588,0.0,0.0,0.1892061525697378,0.0,0.1539972427474938,0.1160620309272603,0.0319806693048478,0.0,0.0,0.0
mix_0110_depth100,0.0,0.1281224687161483,0.219657764224991,0.0,0.0,0.3063557560633704,0.0,0.0560667790247968,0.2897972319706934,0.0,0.0,0.0,0.0
mix_0110_depth25,0.0,0.0868672133585372,0.28214009234147264,0.0,0.0,0.3253163155885852,0.0,0.0433831063006525,0.2622932724107524,0.0,0.0,0.0,0.0
mix_0111_depth100,0.0,0.0081723667297245,0.6071865854329245,0.0,0.0478004189763712,0.07647585187198,0.0,0.0011324306862666,0.1294497481638374,0.1297825981388957,0.0,0.0,0.0
mix_0111_depth25,0.0,0.0,0.6501333093773526,0.0,0.0,0.0825868468517543,0.0,0.0072782751974068,0.1043295685190607,0.1556720000544252,0.0,0.0,0.0
mix_0112_depth100,0.0,0.1376459952032773,0.3888341255457708,0.0,0.0,0.0348047528367851,0.0,0.1292938011563362,0.3094213252578304,0.0,0.0,0.0,0.0
mix_0112_depth25,0.0,0.1442547352696674,0.3412252952444343,0.0134400628923384,0.0,0.0332804766556435,0.0,0.1200611208629965,0.3477383090749197,0.0,0.0,0.0,0.0
mix_0113_depth100,0.0,0.0,0.34440061931729227,0.0373913696997143,0.0,0.0113192481829055,0.0,0.0,0.6068887628000879,0.0,0.0,0.0,0.0
mix_0113_depth25,0.0,0.0024052795028023,0.3546648575187704,0.0463037496652366,0.0,0.0,0.0,0.0,0.5966261133131904,0.0,0.0,0.0,0.0
mix_0114_depth100,0.0,0.1246519982655897,0.4894553109295663,0.0,0.0,0.0,0.0,0.1158849762408109,0.2700077145640328,0.0,0.0,0.0,0.0
mix_0114_depth25,0.0,0.1054594544381733,0.4920640538237081,0.0,0.0,0.0,0.0,0.0986786972126435,0.303797794525475,0.0,0.0,0.0,0.0
mix_0115_depth100,0.1417609886158308,0.3563203131583932,0.2652900213050019,0.0623075351893769,0.0,0.0052041801115225,0.0,0.1009608229050815,0.068156138714793,0.0,0.0,0.0,0.0
mix_0115_depth25,0.106464202255422,0.332996496721252,0.2945886508591268,0.0409948024193,0.0,0.027652029939939,0.0,0.0924195857585027,0.059691376282329,0.0,0.0,0.045192855764128,0.0
mix_0116_depth100,0.0,0.1457439068621566,0.3615855363063726,0.0182814996651283,0.0,0.0344452028323546,0.0,0.047845384259061,0.224766503803769,0.1673319662711576,0.0,0.0,0.0
mix_0116_depth25,0.0,0.0936947649743813,0.3079303677391735,0.0603082172018242,0.0,0.0332722446984072,0.0,0.0527733734541607,0.2408892716333375,0.2111317602987154,0.0,0.0,0.0
mix_0117_depth100,0.0,0.384832369852683,0.2502598394861301,0.0,0.0,0.0049869588083117,0.0,0.0340558207388855,0.3258650111139894,0.0,0.0,0.0,0.0
mix_0117_depth25,0.0,0.3645525257822347,0.2764046590000405,0.0,0.0,0.0010969190878294,0.0,0.03339652430355,0.3245493718263451,0.0,0.0,0.0,0.0
mix_0118_depth100,0.0,0.4828417352054736,0.4881329515229512,0.0,0.0,0.0,0.0,0.029025313271575,0.0,0.0,0.0,0.0,0.0
mix_0118_depth25,0.0,0.4417720698178358,0.5512069118359467,0.0,0.0,0.0,0.0,0.0070210183462175,0.0,0.0,0.0,0.0,0.0
mix_0119_depth100,0.0,0.003898745535694,0.1676613156818278,0.0437202746579747,0.0,0.0292079078960784,0.0,0.0700349887980214,0.471416682028035,0.2140600854023683,0.0,0.0,0.0
mix_0119_depth25,0.0,0.0193315803886914,0.1571311495881433,0.0678514988393568,0.0,0.0223762438474219,0.0,0.0791214433320685,0.4549515604788801,0.1992365235254377,0.0,0.0,0.0
mix_0120_depth100,0.0,0.0045154049557377,0.4199154162161441,0.0,0.0,0.0626859669018279,0.0,0.0850919423437566,0.2692735494998996,0.1585177200826339,0.0,0.0,0.0
mix_0120_depth25,0.0,0.0439205477216409,0.4565646379194854,0.0,0.0,0.0637882207027753,0.0,0.0651079093043762,0.2609610025274567,0.1096576818242653,0.0,0.0,0.0
mix_0121_depth100,0.0,0.0,0.559747251084071,0.0,0.0,0.0,0.0,0.1007812032571036,0.2166596329237867,0.1228119127350384,0.0,0.0,0.0
mix_0121_depth25,0.0,0.0,0.5341023529334452,0.0,0.0,0.0,0.0,0.1214618696496679,0.1949990408101423,0.1494367366067446,0.0,0.0,0.0
mix_0122_depth100,0.0,0.1187076328998269,0.4494875840897213,0.0508579952898113,0.0,0.0394005230463712,0.0,0.0437148946464978,0.1697992935224939,0.0339610233749953,0.0,0.0940710531302822,0.0
mix_0122_depth25,0.0,0.1077901404078972,0.4231229555514491,0.0321744388567108,0.0,0.0344581256663925,0.0,0.0404366514776699,0.2050663990031028,0.0537607161708434,0.0,0.103190572865934,0.0
mix_0123_depth100,0.0,0.1776797433026749,0.3265985980085878,0.0,0.0,0.0233014313632119,0.0,0.1107479240447427,0.280933242874636,0.0807390604061465,0.0,0.0,0.0
mix_0123_depth25,0.0,0.1422086892031366,0.3552400386744799,0.0,0.0,0.0204872280578272,0.0,0.1377635999496083,0.246563504795395,0.0977369393195526,0.0,0.0,0.0
mix_0124_depth100,0.0,0.2444279906832435,0.39205573901478635,0.0,0.0,0.0507166726368298,0.0,0.1282076860633052,0.1845919116018348,0.0,0.0,0.0,0.0
mix_0124_depth25,0.0,0.2681270472621423,0.3774698624496682,0.0,0.0,0.0419302371186709,0.0,0.1094889857322171,0.1577232734594384,0.0,0.0,0.0,0.0452605939778627
mix_0125_depth100,0.0,0.0,0.6690665458347929,0.0,0.0,0.0,0.0,0.1506168261021346,0.1803166280630724,0.0,0.0,0.0,0.0
mix_0125_depth25,0.0,0.0,0.6904230020152151,0.0,0.0,0.0,0.0,0.1424828933406275,0.1670941046441574,0.0,0.0,0.0,0.0
mix_0126_depth100,0.0,0.1675537048421415,0.3585171092554328,0.0,0.0,0.0239293667090582,0.0,0.0082278044804887,0.4417720147128784,0.0,0.0,0.0,0.0
mix_0126_depth25,0.0,0.1789978904903096,0.3220438432582774,0.0053199619801282,0.0,0.0291429260410468,0.0,0.0,0.4644953782302377,0.0,0.0,0.0,0.0
mix_0127_depth100,0.0,0.5155089781538925,0.4030218399288065,0.0,0.0,0.0,0.0,0.0177559016781392,0.0637132802391617,0.0,0.0,0.0,0.0
mix_0127_depth25,0.0,0.4964967031805463,0.3992661499501748,0.0,0.0,0.0,0.0,0.0277008496448338,0.076536297224445,0.0,0.0,0.0,0.0
mix_0128_depth100,0.0,0.2385706299865309,0.4796400978839592,0.0,0.0,0.002764713351103,0.0,0.0,0.2790245587784067,0.0,0.0,0.0,0.0
mix_0128_depth25,0.0,0.1974905448453211,0.5196366185682593,0.0,0.0,0.0129607193346513,0.0,0.0,0.2699121172517681,0.0,0.0,0.0,0.0
mix_0129_depth100,0.0,0.3850913983037539,0.4755643255327165,0.0,0.0,0.1067539618790896,0.0,0.0,0.0325903142844397,0.0,0.0,0.0,0.0
mix_0129_depth25,0.0,0.3737290128422867,0.47739723748654395,0.0,0.0,0.1242772928270377,0.0,0.0033779702888287,0.0212184865553026,0.0,0.0,0.0,0.0
mix_0130_depth100,0.0,0.5670096854998419,0.3125896753792915,0.0,0.0,0.0790987116574901,0.0,0.0234132347870216,0.0178886926763548,0.0,0.0,0.0,0.0
mix_0130_depth25,0.0,0.5827837825088472,0.31468618890521016,0.0,0.0,0.0805752750345404,0.0,0.021954753551402,0.0,0.0,0.0,0.0,0.0
mix_0131_depth100,0.0,0.4809900464078401,0.1835916639480622,0.0,0.0,0.1964109992175177,0.0,0.0,0.1390072904265799,0.0,0.0,0.0,0.0
mix_0131_depth25,0.0,0.4365461886992389,0.1313804109916667,0.0,0.0,0.2094564850809058,0.0,0.0,0.2226169152281883,0.0,0.0,0.0,0.0
mix_0132_depth100,0.0,0.2861797977191027,0.2991348929401654,0.1084150215394244,0.0,0.055113351962639,0.0,0.0,0.2511569358386682,0.0,0.0,0.0,0.0
mix_0132_depth25,0.0,0.3029520974757997,0.3205657657863685,0.0684143925613556,0.0,0.0672445425250932,0.0,0.0,0.2408232016513828,0.0,0.0,0.0,0.0
mix_0133_depth100,0.0,0.3521020401036827,0.39559914639660526,0.0,0.0,0.0,0.0,0.0,0.252298813499712,0.0,0.0,0.0,0.0
mix_0133_depth25,0.0,0.3145896986977545,0.405006745562982,0.0,0.0,0.0,0.0,0.0,0.2804035557392634,0.0,0.0,0.0,0.0
mix_0134_depth100,0.0,0.2398545005200629,0.5939574685190657,0.0,0.0,0.0,0.0,0.0332636819932265,0.1329243489676446,0.0,0.0,0.0,0.0
mix_0134_depth25,0.0,0.2456263619605235,0.5907356034539744,0.0,0.0,0.0,0.0,0.0283452453940938,0.135292789191408,0.0,0.0,0.0,0.0
mix_0135_depth100,0.0,0.4650495077462209,0.2395249248419361,0.0,0.0,0.0688610306533532,0.0,0.0017141271053627,0.101403211837037,0.12344719781609,0.0,0.0,0.0
mix_0135_depth25,0.0,0.4693173598653378,0.1973414382873078,0.0,0.0,0.0604694353092007,0.009770510520353,0.0208593446451728,0.1019819608042965,0.1402599505683313,0.0,0.0,0.0
mix_0136_depth100,0.0,0.1895645939680041,0.5925253347479005,0.0,0.0,0.0475886244181188,0.0,0.0,0.1703214468659763,0.0,0.0,0.0,0.0
mix_0136_depth25,0.0,0.1808458709523834,0.6102210136112937,0.0,0.0,0.044382067023234,0.0,0.0,0.1645510484130887,0.0,0.0,0.0,0.0
mix_0137_depth100,0.0,0.1885031893861445,0.4364582363080181,0.0,0.0,0.0381566344104856,0.0,0.0,0.3368819398953516,0.0,0.0,0.0,0.0
mix_0137_depth25,0.0,0.1703092650213375,0.4438862979908591,0.0,0.0,0.0401797026655582,0.0,0.0,0.3456247343222451,0.0,0.0,0.0,0.0
mix_0138_depth100,0.0,0.2927399654891791,0.49295829577625133,0.0,0.0,0.0,0.0,0.0,0.2143017387345694,0.0,0.0,0.0,0.0
mix_0138_depth25,0.0,0.2676128271461676,0.4826350519331608,0.0,0.0,0.0,0.0,0.0,0.2497521209206715,0.0,0.0,0.0,0.0
mix_0139_depth100,0.0,0.2486554344959725,0.259873774032344,0.0,0.0,0.0,0.0,0.0,0.4914707914716834,0.0,0.0,0.0,0.0
mix_0139_depth25,0.0,0.2336495119785264,0.2721152309985488,0.0,0.0,0.0053762220958385,0.0,0.0,0.4888590349270862,0.0,0.0,0.0,0.0
mix_0140_depth100,0.0,0.5947772161716046,0.2358817391041659,0.0707775897444569,0.0,0.024222373884984,0.0,0.0,0.0743410810947884,0.0,0.0,0.0,0.0
mix_0140_depth25,0.0,0.6109660860646948,0.2524816059402696,0.012609669742195,0.0,0.0178157348436757,0.0,0.0,0.0792031026799178,0.0,0.0,0.0269238007292468,0.0
mix_0141_depth100,0.0,0.4976130034831628,0.458366237310478,0.0,0.0,0.0,0.0,0.016905057615511,0.0271157015908481,0.0,0.0,0.0,0.0
mix_0141_depth25,0.0,0.5165676907931954,0.43268851672433806,0.0,0.0,0.0,0.0,0.0266184186028862,0.0241253738795799,0.0,0.0,0.0,0.0
mix_0142_depth100,0.0,0.4504712005047162,0.2847469397382197,0.1102367912541522,0.0,0.0328656568978439,0.0,0.0,0.1216794116050677,0.0,0.0,0.0,0.0
mix_0142_depth25,0.0,0.4502581938971555,0.2852334495813698,0.122861635419262,0.0,0.0216430280848826,0.0,0.0,0.1200036930173298,0.0,0.0,0.0,0.0
mix_0143_depth100,0.0,0.2502526180615184,0.5406183014444723,0.0,0.0,0.0,0.0,0.0,0.2091290804940093,0.0,0.0,0.0,0.0
mix_0143_depth25,0.0,0.2167998609832722,0.5637642219953571,0.0,0.0,0.0,0.0,0.0,0.2194359170213707,0.0,0.0,0.0,0.0
mix_0144_depth100,0.0,0.1729295123127794,0.4883239137939106,0.0,0.0722606103055771,0.0091569437096714,0.0,0.0999813028758903,0.1573477170021708,0.0,0.0,0.0,0.0
mix_0144_depth25,0.0,0.1858187314187966,0.4670022369228264,0.0,0.1126886955688711,0.0032893517933593,0.0,0.0753418241925527,0.1558591601035934,0.0,0.0,0.0,0.0
mix_0145_depth100,0.0,0.1797377793512024,0.3031872580159326,0.0877670839285215,0.0841830389042933,0.0,0.0,0.0949494467865285,0.1851400169700565,0.0650353760434648,0.0,0.0,0.0
mix_0145_depth25,0.0,0.1944063589313199,0.3413316489441105,0.0280229667955749,0.0533044532016477,0.0,0.0,0.0838216878553859,0.2022883382262967,0.0968245460456639,0.0,0.0,0.0
mix_0146_depth100,0.0,0.1442758347297099,0.4305004003193051,0.0,0.0,0.0,0.0,0.0,0.4252237649509849,0.0,0.0,0.0,0.0
mix_0146_depth25,0.0,0.1735308489406578,0.44662535812857723,0.0,0.0,0.0,0.0,0.0,0.379843792930765,0.0,0.0,0.0,0.0
mix_0147_depth100,0.0,0.7641697095034389,0.0940201131270967,0.0,0.0,0.0,0.0,0.1418101773694644,0.0,0.0,0.0,0.0,0.0
mix_0147_depth25,0.0,0.7142841016916115,0.1120272108343473,0.0,0.0,0.0,0.0,0.173688687474041,0.0,0.0,0.0,0.0,0.0
mix_0148_depth100,0.0,0.7009255795431617,0.0005275127551174,0.0544789413882745,0.0,0.0479439824870605,0.0,0.0,0.0,0.0,0.0,0.1961239838263857,0.0
mix_0148_depth25,0.0,0.7573929908725464,0.0,0.0099401349408199,0.0,0.0488082379617642,0.0,0.0,0.0,0.0,0.0,0.1838586362248694,0.0
mix_0149_depth100,0.0,0.5536977359517378,0.3703606742383294,0.0,0.0044816194915939,0.0,0.0,0.0413573078881241,0.0301026624302146,0.0,0.0,0.0,0.0
mix_0149_depth25,0.0,0.5256735815276645,0.39954997520131375,0.0,0.0245617893397227,0.0,0.0,0.0380239571347825,0.0121906967965162,0.0,0.0,0.0,0.0
mix_0150_depth100,0.0,0.1191903067742393,0.6439626735582477,0.0,0.0,0.0883752248308046,0.0,0.0555754724987447,0.0928963223379637,0.0,0.0,0.0,0.0
mix_0150_depth25,0.0,0.1212087288526266,0.6754310389659081,0.0,0.0,0.0813932629356499,0.0,0.0684577564242688,0.0535092128215464,0.0,0.0,0.0,0.0
mix_0151_depth100,0.0,0.4817075195996654,0.181009572318914,0.0370149087588692,0.0,0.1884825502805669,0.0,0.0,0.0,0.1117854490419841,0.0,0.0,0.0
mix_0151_depth25,0.0,0.4728104584866706,0.1653138107021626,0.0100235528830384,0.0,0.1699668846524966,0.0,0.0371998898196319,0.0,0.1446854034559997,0.0,0.0,0.0
mix_0152_depth100,0.0,0.742774868069534,0.1952186877141337,0.0,0.0,0.0620064442163322,0.0,0.0,0.0,0.0,0.0,0.0,0.0
mix_0152_depth25,0.0,0.7326026345791677,0.2061934000187686,0.0,0.0,0.0612039654020634,0.0,0.0,0.0,0.0,0.0,0.0,0.0
mix_0153_depth100,0.0,0.2781444623573333,0.5220050357362357,0.0,0.0,0.0540743138880281,0.0,0.0,0.1457761880184027,0.0,0.0,0.0,0.0
mix_0153_depth25,0.0,0.2781504944140917,0.4992462914562718,0.0,0.0,0.0707318905533028,0.0,0.0113226788134035,0.1285767668373175,0.0119718779256125,0.0,0.0,0.0
mix_0154_depth100,0.0,0.3142830615505701,0.1891278508575871,0.0385866792005274,0.0,0.0153336322980743,0.0,0.0,0.442668776093241,0.0,0.0,0.0,0.0
mix_0154_depth25,0.0,0.3041211464103857,0.1915280204252672,0.086906756797516,0.0,0.0179171491271057,0.0,0.0025437283435346,0.3969831988961906,0.0,0.0,0.0,0.0
mix_0155_depth100,0.0,0.3218130117058684,0.36428455413042604,0.0,0.0,0.0,0.0,0.0705631712106582,0.2433392629530472,0.0,0.0,0.0,0.0
mix_0155_depth25,0.0,0.2948506310972362,0.4185036690995686,0.0,0.0,0.0,0.0,0.0727875438286757,0.2138581559745193,0.0,0.0,0.0,0.0
mix_0156_depth100,0.0,0.2505616673593109,0.5187082367770337,0.0,0.0,0.0119086962616596,0.0,0.0346619367778308,0.1632814338384215,0.0208780289857432,0.0,0.0,0.0
mix_0156_depth25,0.0,0.2698801243605618,0.5250670650072099,0.0,0.0,0.0245126755497443,0.0,0.0249659261631737,0.1331135013276025,0.0224607075917076,0.0,0.0,0.0
mix_0157_depth100,0.0,0.0714096418209684,0.27917375870975036,0.0,0.0,0.0058541887535816,0.0,0.0,0.6435624107156993,0.0,0.0,0.0,0.0
mix_0157_depth25,0.0,0.1084054036051168,0.3187249517886887,0.0,0.0,0.0,0.0,0.0,0.5728696446061944,0.0,0.0,0.0,0.0
mix_0158_depth100,0.0,0.4281305247739589,0.5158237169254691,0.0,0.0,0.0,0.0,0.0560457583005715,0.0,0.0,0.0,0.0,0.0
mix_0158_depth25,0.0,0.4486925014167284,0.4704574752732501,0.0,0.0,0.0,0.0,0.0808500233100213,0.0,0.0,0.0,0.0,0.0
mix_0159_depth100,0.0,0.4315315072794021,0.2678264801513101,0.0,0.0,0.0161772372188931,0.0,0.0085139591067884,0.2561852858217315,0.0,0.0,0.0,0.0197655304218748
mix_0159_depth25,0.0,0.4190757158747041,0.2470339472949443,0.0,0.0,0.0,0.0,0.0,0.3083470052469174,0.0,0.0,0.0,0.0255433315834342
mix_0160_depth100,0.0,0.2017393724741593,0.2073366723406156,0.0,0.0,0.0,0.0,0.0,0.590923955185225,0.0,0.0,0.0,0.0
mix_0160_depth25,0.0,0.2400080059568016,0.2100486650596271,0.0,0.0,0.0069969275690405,0.0,0.0015419723666747,0.5414044290478558,0.0,0.0,0.0,0.0
mix_0161_depth100,0.0,0.4726037070456934,0.44344554996344326,0.0,0.0,0.0078625339104534,0.0,0.0217266990782156,0.0543615100021941,0.0,0.0,0.0,0.0
mix_0161_depth25,0.0,0.5173904054558278,0.3820327930945624,0.005758658855966,0.0,0.0,0.0,0.0,0.0948181425936437,0.0,0.0,0.0,0.0
mix_0162_depth100,0.0,0.0045339560365051,0.6671055552995282,0.169578936189314,0.0,0.0,0.0,0.0055204984984398,0.1532610539762127,0.0,0.0,0.0,0.0
mix_0162_depth25,0.0,0.009034714772956,0.6569236657860831,0.1327511638682705,0.0,0.0,0.0,0.0216423961876687,0.1796480593850217,0.0,0.0,0.0,0.0
mix_0163_depth100,0.0,0.4349818918530184,0.3040599169774766,0.0,0.0,0.0047632231296375,0.0,0.0,0.2561949680398675,0.0,0.0,0.0,0.0
mix_0163_depth25,0.0,0.4198121272048249,0.2848160381665834,0.0,0.0,0.0014352171013309,0.0,0.0,0.2939366175272606,0.0,0.0,0.0,0.0
mix_0164_depth100,0.0,0.6157468166502217,0.1739727891067828,0.0422918004408397,0.0,0.006045713503823,0.0,0.0,0.1619428802983328,0.0,0.0,0.0,0.0
mix_0164_depth25,0.0,0.6150475176234287,0.1850030700673375,0.0639535207086468,0.0,0.0028887092165633,0.0,0.0,0.1331071823840237,0.0,0.0,0.0,0.0
mix_0165_depth100,0.0,0.1464903579944722,0.5732683179693938,0.0,0.0136846949497692,0.0,0.0,0.0449960777906969,0.2199676057462565,0.001592945549411,0.0,0.0,0.0
mix_0165_depth25,0.0,0.1598834757879831,0.570344448363528,0.0,0.0,0.0053965438870591,0.0,0.045243929354116,0.2109953141986708,0.0081362884086429,0.0,0.0,0.0
mix_0166_depth100,0.0,0.7270909738747535,0.2061063454739181,0.0115612096929601,0.0,0.0159029045968915,0.0,0.0371753008042338,0.0,0.0,0.0,0.0021632655572427,0.0
mix_0166_depth25,0.0,0.7232216491085376,0.199668145703404,0.0147619857016136,0.0,0.0201305184169465,0.0,0.0065591945867985,0.0,0.0,0.0,0.0356585064826997,0.0
mix_0167_depth100,0.0,0.6097403126774268,0.19760252606301187,0.0246201382396982,0.0,0.0327955558219841,0.0,0.1124914673195625,0.0227499998783164,0.0,0.0,0.0,0.0
mix_0167_depth25,0.0,0.5589951321274923,0.1448928312821628,0.1058842422906787,0.0294311398895666,0.039067235837354,0.0,0.0966960339795319,0.0250333845932133,0.0,0.0,0.0,0.0
mix_0168_depth100,0.0,0.6230343818264856,0.0,0.0642544961901934,0.0,0.1054993591924067,0.0,0.0,0.0121839664062905,0.0,0.0,0.1950277963846236,0.0
mix_0168_depth25,0.0,0.6129303372911433,0.0,0.0,0.0,0.0904416287840197,0.0,0.0,0.0067889152553818,0.0,0.0,0.2898391186694551,0.0
mix_0169_depth100,0.0,0.5598265343248587,0.009018016624077,0.0,0.0,0.0548827745848865,0.0,0.0,0.0098046398927364,0.0,0.0,0.3664680345734412,0.0
mix_0169_depth25,0.0,0.525802248733225,0.0,0.0367700286206467,0.0,0.0532192138103202,0.0,0.0,0.0,0.0,0.0,0.384208508835808,0.0
mix_0170_depth100,0.0,0.5676183621713536,0.0300009543600748,0.1353749196790598,0.0,0.0297750413682878,0.0,0.0163028574748785,0.0773738331718376,0.0,0.0,0.1435540317745074,0.0
mix_0170_depth25,0.0,0.5737815350618249,0.0707022299951664,0.0956053690161542,0.0,0.0183742524241623,0.0,0.0,0.1018360224863529,0.0,0.0,0.1397005910163391,0.0
mix_0171_depth100,0.0,0.9201589505144524,0.0141996491849507,0.0,0.0,0.065641400300597,0.0,0.0,0.0,0.0,0.0,0.0,0.0
mix_0171_depth25,0.0,0.912390453716335,0.0107258863790949,0.0,0.0,0.0705682796440421,0.0,0.006315380260528,0.0,0.0,0.0,0.0,0.0
mix_0172_depth100,0.0,0.7960359539250189,0.0654113286553689,0.0,0.0,0.0369494069985973,0.0,0.0837032594984891,0.0,0.0,0.0,0.0,0.0179000509225254
mix_0172_depth25,0.0,0.7690966322901726,0.06347122192843399,0.0,0.0,0.0271168695490315,0.0,0.0857017028671059,0.0,0.0,0.0,0.0,0.0546135733652559
mix_0173_depth100,0.0,0.6928729352158585,0.14819650804601608,0.0,0.0,0.1050577962578801,0.0,0.0538727604802452,0.0,0.0,0.0,0.0,0.0
mix_0173_depth25,0.0,0.6931105046432431,0.11337824485296359,0.0,0.0,0.1053516045689602,0.0,0.088159645934833,0.0,0.0,0.0,0.0,0.0
mix_0174_depth100,0.0,0.794339846894033,0.1553883983086243,0.0,0.0,0.0,0.0,0.0299138732554693,0.0203578815418733,0.0,0.0,0.0,0.0
mix_0174_depth25,0.0,0.778894818461763,0.1589615724696433,0.0,0.0,0.0,0.0,0.0291975741740651,0.0329460348945284,0.0,0.0,0.0,0.0
mix_0175_depth100,0.0,0.5609207903931724,0.1365521244807687,0.0857518503323747,0.0,0.0555284956572866,0.0,0.1123883067293163,0.0488584324070811,0.0,0.0,0.0,0.0
mix_0175_depth25,0.0,0.6006661556683047,0.1150896304561779,0.0933154679800173,0.0,0.0905536125580251,0.0,0.0586447624365496,0.0417303709009248,0.0,0.0,0.0,0.0
mix_0176_depth100,0.0,0.619354251848797,0.1673682720841976,0.0962335659563455,0.0,0.0368803776264471,0.0,0.0,0.0801635324842126,0.0,0.0,0.0,0.0
mix_0176_depth25,0.0,0.6270883755550595,0.1754219957989132,0.0157602544543599,0.0,0.0547121517341307,0.0,0.0388936060323373,0.0881236164251991,0.0,0.0,0.0,0.0
mix_0177_depth100,0.0,0.5254255892500627,0.2518666735855477,0.0,0.0,0.0094624357928288,0.0,0.0207660119847283,0.1924792893868322,0.0,0.0,0.0,0.0
mix_0177_depth25,0.0,0.4831370964552722,0.229628302971017,0.0,0.0,0.0035004970080029,0.0,0.0394307270093054,0.2443033765564022,0.0,0.0,0.0,0.0
mix_0178_depth100,0.0,0.5159195393983945,0.0855665173329051,0.0,0.0,0.0978250694635772,0.0,0.016675597701581,0.1938021012097108,0.0,0.0,0.0902111748938311,0.0
mix_0178_depth25,0.0,0.5407600919759408,0.0918344635792796,0.0,0.0,0.0890018085766961,0.0,0.0287170381969665,0.1859624351855799,0.0,0.0,0.0637241624855367,0.0
mix_0179_depth100,0.0,0.7058691477847482,0.1116681357557316,0.0393212649773354,0.0,0.0861876846617741,0.0,0.0,0.0,0.0,0.0,0.0569537668204105,0.0
mix_0179_depth25,0.0,0.7226635835598111,0.0846711912216001,0.1096914002277058,0.0,0.082973824990883,0.0,0.0,0.0,0.0,0.0,0.0,0.0
mix_0180_depth100,0.0,0.5805685914228966,0.254859622400482,0.1193482927871048,0.0,0.0452234933895166,0.0,0.0,0.0,0.0,0.0,0.0,0.0
mix_0180_depth25,0.0,0.5761491372157493,0.2474837729930179,0.1266017939022403,0.0,0.0484332780973814,0.0,0.0,0.0013320177916108,0.0,0.0,0.0,0.0
mix_0181_depth100,0.0,0.9101513949996292,0.0630550497160792,0.0012489064160516,0.0,0.0069196451576326,0.0,0.0186250037106075,0.0,0.0,0.0,0.0,0.0
mix_0181_depth25,0.0,0.8718827741632073,0.0474664062368921,0.0258597148268629,0.0,0.0163916249998347,0.0,0.0383994797732028,0.0,0.0,0.0,0.0,0.0
mix_0182_depth100,0.0,0.4398757525060135,0.2375094036110253,0.1089041669463203,0.0,0.018336253858682,0.0,0.007190597025548,0.1881838260524106,0.0,0.0,0.0,0.0
mix_0182_depth25,0.0,0.4069820853205066,0.2533504743837493,0.1375103211218858,0.0,0.0236174817984956,0.0,0.0,0.1785396373753626,0.0,0.0,0.0,0.0
mix_0183_depth100,0.0,0.534991156863605,0.14373270422398698,0.0,0.0,0.0,0.0,0.1790462579301681,0.056415220032225,0.0797432341556285,0.0,0.0,0.0060714267943862
mix_0183_depth25,0.0,0.5384495348328758,0.1035781443808016,0.0,0.0,0.0,0.0,0.1883552458032615,0.0868436283581829,0.0827734466248778,0.0,0.0,0.0
mix_0184_depth100,0.0,0.2192316526557579,0.2359567677124686,0.0,0.0023805007374721,0.0,0.0,0.1507582110230913,0.0028057460776412,0.376962410890213,0.0,0.0,0.0119047109033556
mix_0184_depth25,0.0,0.1852739334927228,0.2607087577128889,0.0,0.0362412630909149,0.0,0.0,0.1193325388821676,0.0,0.374365290068356,0.0,0.0,0.0240782167529495
mix_0185_depth100,0.0,0.8202834521728641,0.0848049217988144,0.0,0.0,0.0472490472426632,0.0,0.047662578785658,0.0,0.0,0.0,0.0,0.0
mix_0185_depth25,0.0,0.8144603668683934,0.0871514900556001,0.0,0.0,0.0697808866160434,0.0,0.0286072564599629,0.0,0.0,0.0,0.0,0.0
mix_0186_depth100,0.0,0.330917553068065,0.3164956300402848,0.0283086818663093,0.0,0.0654112104025096,0.0,0.0126738003935271,0.23122511384402,0.0,0.0,0.0149680103852837,0.0
mix_0186_depth25,0.0,0.3189656165790123,0.326400378076463,0.0168369188853166,0.0,0.0590118297553289,0.0,0.0086153309967986,0.1855710333663974,0.0,0.0,0.084598892340683,0.0
mix_0187_depth100,0.0,0.4073670811240397,0.1583992973622384,0.1608915363439524,0.0,0.0420502434684542,0.0,0.0190420792736724,0.0631512860398946,0.0,0.0,0.1490984763877481,0.0
mix_0187_depth25,0.0,0.4123178477213088,0.1551688560908448,0.1643309253807329,0.0,0.0401993626053876,0.0,0.0418750578891588,0.0680746298925525,0.0,0.0,0.1180333204200142,0.0
mix_0188_depth100,0.0,0.569616697550991,0.0,0.2147388125276653,0.0,0.0487587965525708,0.0188121216804008,0.0109050530591725,0.0,0.0,0.0,0.1371685186291995,0.0
mix_0188_depth25,0.0,0.546061118570075,0.0,0.2372216712157131,0.0,0.0457717521900577,0.02003074108759,0.0064211916031896,0.0,0.0,0.0,0.1444935253333743,0.0
mix_0189_depth100,0.0963891589266358,0.0,0.0,0.0,0.0,0.2006493589811893,0.1777253770653278,0.0,0.011221126040645,0.0,0.0,0.5140149789862017,0.0
mix_0189_depth25,0.2091195851976832,0.0,0.0,0.0,0.0,0.136022314565743,0.1499323830978968,0.0,0.0073970349270069,0.0,0.0,0.4975286822116699,0.0
mix_0190_depth100,0.2935260103368998,0.0,0.0,0.0,0.0,0.1870068849001158,0.1687863720304002,0.0,0.0167207390915826,0.0,0.0,0.3339599936410014,0.0
mix_0190_depth25,0.4459867669657625,0.0,0.0,0.0,0.0,0.1755149970992713,0.1860468659190478,0.0,0.0093051135367156,0.0,0.0,0.1831462564792026,0.0
mix_0191_depth100,0.8264541595377451,0.0,0.0074603433930524,0.0,0.0,0.0963833184915028,0.0632214266496089,0.0,0.0064807519280904,0.0,0.0,0.0,0.0
mix_0191_depth25,0.7788883900635675,0.0,0.0,0.0,0.0,0.2184015890659832,0.0,0.0,0.0027100208704492,0.0,0.0,0.0,0.0
mix_0192_depth100,0.513997506594106,0.0,0.0,0.0,0.0,0.1758671179664541,0.3055154092511417,0.0,0.0,0.0,0.0,0.0046199661882981,0.0
mix_0192_depth25,0.4108062737765565,0.0,0.0,0.0,0.0,0.181490062708172,0.2799338227118049,0.0,0.0405207535646357,0.0,0.0,0.0872490872388307,0.0
mix_0193_depth100,0.5687041104067467,0.0,0.0,0.0,0.0,0.0972992790082266,0.1455330761390026,0.0,0.0,0.0,0.0,0.1884635344460238,0.0
mix_0193_depth25,0.3276580081487866,0.0,0.0,0.0,0.0,0.1279350632315906,0.2036119221579196,0.0,0.0,0.0,0.0,0.3407950064617031,0.0
mix_0194_depth100,0.0,1.0,0.0,0.0,0.0,0.0,0.0,0.0,0.0,0.0,0.0,0.0,0.0
mix_0194_depth25,0.0,1.0,0.0,0.0,0.0,0.0,0.0,0.0,0.0,0.0,0.0,0.0,0.0
mix_0195_depth100,0.0,0.9791059798336554,0.0,0.0,0.0,0.0208940201663446,0.0,0.0,0.0,0.0,0.0,0.0,0.0
mix_0195_depth25,0.0,0.9759083688998286,0.0,0.0,0.0,0.0240916311001714,0.0,0.0,0.0,0.0,0.0,0.0,0.0
mix_0196_depth100,0.0,0.9923440123360092,0.0,0.0,0.0,0.0,0.0,0.0,0.0076559876639909,0.0,0.0,0.0,0.0
mix_0196_depth25,0.0,0.9386146612469476,0.0,0.0,0.0,0.0,0.0,0.0,0.0613853387530522,0.0,0.0,0.0,0.0
mix_0197_depth100,0.0,1.0,0.0,0.0,0.0,0.0,0.0,0.0,0.0,0.0,0.0,0.0,0.0
mix_0197_depth25,0.0,1.0,0.0,0.0,0.0,0.0,0.0,0.0,0.0,0.0,0.0,0.0,0.0
mix_0198_depth100,0.0,0.9623029187735204,0.0030278638472561,0.0,0.0,0.0346692173792235,0.0,0.0,0.0,0.0,0.0,0.0,0.0
mix_0198_depth25,0.0,0.9540036388559991,0.0163803784929279,0.0,0.0,0.0296159826510728,0.0,0.0,0.0,0.0,0.0,0.0,0.0
mix_0199_depth100,0.0,0.0,0.4540718217526602,0.0,0.0,0.0,0.0,0.0,0.5459281782473399,0.0,0.0,0.0,0.0
mix_0199_depth25,0.0,0.0,0.4792280325407926,0.0,0.0,0.0,0.0,0.0,0.5207719674592073,0.0,0.0,0.0,0.0
mix_0200_depth100,0.0,0.0,1.0,0.0,0.0,0.0,0.0,0.0,0.0,0.0,0.0,0.0,0.0
mix_0200_depth25,0.0,0.0,1.0,0.0,0.0,0.0,0.0,0.0,0.0,0.0,0.0,0.0,0.0
mix_0201_depth100,0.0,0.0,0.5504196444563964,0.0,0.0,0.0,0.0,0.0,0.4495803555436036,0.0,0.0,0.0,0.0
mix_0201_depth25,0.0,0.0,0.5948787028735355,0.0,0.0,0.0,0.0,0.0,0.4051212971264644,0.0,0.0,0.0,0.0
mix_0202_depth100,0.0,0.0,0.6652882780498948,0.0,0.0,0.0,0.0,0.0,0.334711721950105,0.0,0.0,0.0,0.0
mix_0202_depth25,0.0,0.0,0.6765162232379103,0.0144076510002061,0.0,0.0,0.0,0.0,0.3090761257618833,0.0,0.0,0.0,0.0
mix_0203_depth100,0.0,0.0,0.5729733753942747,0.0897407307475994,0.0,0.0,0.0,0.0,0.3372858938581257,0.0,0.0,0.0,0.0
mix_0203_depth25,0.0,0.0,0.5913754502928767,0.0974305720082836,0.0,0.0,0.0,0.0,0.3111939776988395,0.0,0.0,0.0,0.0
mix_0204_depth100,0.0,0.0,0.0,0.9683023950086612,0.0,0.0039078704651289,0.0277897345262098,0.0,0.0,0.0,0.0,0.0,0.0
mix_0204_depth25,0.0,0.0,0.0,0.8716743811865124,0.0,0.0396516137440952,0.0886740050693922,0.0,0.0,0.0,0.0,0.0,0.0
mix_0205_depth100,0.0,0.0,0.0,0.8811471406646785,0.0,0.0,0.1188528593353215,0.0,0.0,0.0,0.0,0.0,0.0
mix_0205_depth25,0.0,0.0,0.0,0.9120606372472576,0.0,0.0,0.0879393627527424,0.0,0.0,0.0,0.0,0.0,0.0
mix_0206_depth100,0.0,0.0,0.0,0.8824117139388487,0.0,0.0,0.1175882860611514,0.0,0.0,0.0,0.0,0.0,0.0
mix_0206_depth25,0.0,0.0,0.0,0.8843993642647742,0.0,0.0,0.1156006357352258,0.0,0.0,0.0,0.0,0.0,0.0
mix_0207_depth100,0.0,0.0,0.0,0.7678488472274586,0.0,0.0,0.2298362103416831,0.0,0.0,0.0,0.0,0.0,0.0023149424308583
mix_0207_depth25,0.0,0.0,0.0,0.755987196440114,0.0,0.0,0.1196578387635245,0.0,0.0,0.0,0.0,0.0,0.1243549647963613
mix_0208_depth100,0.0,0.0,0.0,0.909132878447523,0.0,0.0,0.0908671215524769,0.0,0.0,0.0,0.0,0.0,0.0
mix_0208_depth25,0.0,0.0,0.0,0.9195815043322738,0.0,0.0078477679042138,0.0725707277635123,0.0,0.0,0.0,0.0,0.0,0.0
mix_0209_depth100,0.0,0.0188906810069076,0.0,0.0827973470384078,0.7058838070720245,0.0,0.0,0.0,0.0,0.1924281648826598,0.0,0.0,0.0
mix_0209_depth25,0.0,0.0671197672175828,0.0,0.1628846196188416,0.5944637782536034,0.0,0.0,0.0,0.0,0.175531834909972,0.0,0.0,0.0
mix_0210_depth100,0.1966551029807573,0.0432894191572835,0.0697682649806986,0.0,0.5964961871322347,0.0,0.0141416101403957,0.0,0.0,0.0,0.0,0.0,0.0796494156086302
mix_0210_depth25,0.1669411254427468,0.1147071205011448,0.0678704398328587,0.0,0.5337628670475195,0.0,0.0169558045068926,0.0,0.0,0.042974491273416,0.0,0.0,0.0567881513954213
mix_0211_depth100,0.0,0.0176747162575205,0.0588340150759435,0.1692146671996983,0.7542766014668375,0.0,0.0,0.0,0.0,0.0,0.0,0.0,0.0
mix_0211_depth25,0.0,0.0,0.0329333176057231,0.1956932472694557,0.771373435124821,0.0,0.0,0.0,0.0,0.0,0.0,0.0,0.0
mix_0212_depth100,0.0,0.0,0.0524606027354645,0.0,0.8974713675218255,0.0,0.0,0.0063951296149107,0.0,0.0,0.0,0.0,0.0436729001277989
mix_0212_depth25,0.0,0.0,0.115193477106594,0.0,0.884806522893406,0.0,0.0,0.0,0.0,0.0,0.0,0.0,0.0
mix_0213_depth100,0.0,0.1843787490359945,0.0,0.0480892695440386,0.5743632174000608,0.0518319009289094,0.0,0.0,0.0,0.0,0.0,0.1413368630909965,0.0
mix_0213_depth25,0.0,0.2411644232057499,0.0,0.0913188369782229,0.4513396707687187,0.0977675605919494,0.0,0.0,0.0,0.0,0.0,0.1184095084553589,0.0
mix_0214_depth100,0.0,0.0,0.0,0.0,0.0,1.0,0.0,0.0,0.0,0.0,0.0,0.0,0.0
mix_0214_depth25,0.0,0.0,0.0,0.0,0.0,1.0,0.0,0.0,0.0,0.0,0.0,0.0,0.0
mix_0215_depth100,0.0,0.0,0.0,0.0,0.0,1.0,0.0,0.0,0.0,0.0,0.0,0.0,0.0
mix_0215_depth25,0.0,0.0,0.0,0.0,0.0,1.0,0.0,0.0,0.0,0.0,0.0,0.0,0.0
mix_0216_depth100,0.0,0.0,0.0,0.0,0.0,1.0,0.0,0.0,0.0,0.0,0.0,0.0,0.0
mix_0216_depth25,0.0,0.0,0.0,0.0,0.0,1.0,0.0,0.0,0.0,0.0,0.0,0.0,0.0
mix_0217_depth100,0.0,0.0027216879501004,0.0,0.0,0.0,0.9972783120498996,0.0,0.0,0.0,0.0,0.0,0.0,0.0
mix_0217_depth25,0.0,0.0,0.0,0.0182241827268743,0.0,0.9817758172731256,0.0,0.0,0.0,0.0,0.0,0.0,0.0
mix_0218_depth100,0.0,0.0,0.0,0.0,0.0,1.0,0.0,0.0,0.0,0.0,0.0,0.0,0.0
mix_0218_depth25,0.0,0.0,0.0,0.0,0.0,0.9707443152759584,0.0,0.0292556847240414,0.0,0.0,0.0,0.0,0.0
mix_0219_depth100,0.0,0.0,0.0,0.2183196697540645,0.0,0.0195999941961456,0.7620803360497898,0.0,0.0,0.0,0.0,0.0,0.0
mix_0219_depth25,0.0,0.0163348685921128,0.0,0.2595999124659238,0.0,0.0008654221836469,0.7231997967583164,0.0,0.0,0.0,0.0,0.0,0.0
mix_0220_depth100,0.0,0.0,0.002557581381388,0.1015690152855372,0.0,0.0342322723354003,0.5510862756171211,0.1009194912056443,0.0,0.0801133193168963,0.0,0.0,0.1295220448580126
mix_0220_depth25,0.0,0.0,0.0,0.0876947679741254,0.0,0.0530880577818657,0.5779684589238071,0.0,0.0,0.0109730024915139,0.0,0.1315517481705669,0.1387239646581206
mix_0221_depth100,0.0,0.0,0.0,0.0968433468893619,0.0,0.0165444112696283,0.4775463111594833,0.0,0.0,0.0,0.0,0.3790062876397902,0.030059643041736
mix_0221_depth25,0.0,0.0,0.0,0.1132740498375941,0.0,0.021820918122967,0.4375503085029316,0.0,0.0,0.0,0.0,0.2231844735821775,0.2041702499543296
mix_0222_depth100,0.0,0.0,0.0137779221784594,0.098651789506939,0.0,0.0489100540748162,0.3317920182986582,0.5068682159411271,0.0,0.0,0.0,0.0,0.0
mix_0222_depth25,0.0,0.0126994338741143,0.0654676622126683,0.0274124704741553,0.0,0.0473473454857222,0.3631537149263359,0.4839193730270037,0.0,0.0,0.0,0.0,0.0
mix_0223_depth100,0.0,0.0,0.0,0.1687388708215944,0.0,0.0571121168468661,0.7741490123315394,0.0,0.0,0.0,0.0,0.0,0.0
mix_0223_depth25,0.0,0.0083549156723946,0.0,0.0,0.0,0.0775399248606149,0.8743291225475479,0.0,0.0,0.0,0.0,0.0397760369194423,0.0
mix_0224_depth100,0.0,0.0,0.0,0.1977135008311555,0.0,0.0385909169425632,0.2000643271889236,0.5636312550373576,0.0,0.0,0.0,0.0,0.0
mix_0224_depth25,0.0,0.0,0.0,0.254353021256447,0.0,0.038351187694162,0.4030841003436737,0.3042116907057172,0.0,0.0,0.0,0.0,0.0
mix_0225_depth100,0.0,0.0,0.0,0.1092684669291899,0.0,0.0888839345537693,0.0539062231320805,0.7076348163105212,0.0,0.040306559074439,0.0,0.0,0.0
mix_0225_depth25,0.0,0.0,0.0080404803013056,0.0,0.0,0.0692838157464312,0.0848216176981372,0.6120754168111285,0.0,0.1291537333111942,0.0,0.0966249361318029,0.0
mix_0226_depth100,0.0,0.0,0.0,0.062867491827913,0.0,0.0245951308298667,0.0,0.9125373773422204,0.0,0.0,0.0,0.0,0.0
mix_0226_depth25,0.0,0.0,0.0,0.0272913270913508,0.0,0.0092591589616757,0.0109978493081201,0.9524516646388532,0.0,0.0,0.0,0.0,0.0
mix_0227_depth100,0.0,0.0,0.0,0.0,0.0,0.0046313930597426,0.3129200799585585,0.6595654391006586,0.0,0.0228830878810402,0.0,0.0,0.0
mix_0227_depth25,0.0,0.0,0.0,0.0,0.0,0.0162106336765699,0.215328495158003,0.768460871165427,0.0,0.0,0.0,0.0,0.0
mix_0228_depth100,0.0,0.0,0.0,0.0,0.0,0.0,0.0,0.8159462633952945,0.0,0.0,0.0,0.0,0.1840537366047054
mix_0228_depth25,0.0,0.0,0.0,0.0,0.0,0.0,0.0422633178705447,0.9154816395065948,0.0,0.0,0.0,0.0,0.0422550426228603
mix_0229_depth100,0.0,0.3801704736895749,0.0650042581505663,0.491931115031436,0.0,0.0055618937641244,0.0,0.0,0.0,0.0573322593642982,0.0,0.0,0.0
mix_0229_depth25,0.0,0.3740581298966863,0.0646904845187989,0.4770318761342192,0.0,0.0,0.0,0.0,0.0,0.0842195094502954,0.0,0.0,0.0
mix_0230_depth100,0.0,0.046055520010716,0.0756632560464972,0.0142923280228522,0.0,0.017477591830156,0.0,0.0,0.0,0.8465113040897783,0.0,0.0,0.0
mix_0230_depth25,0.0,0.0342025123834025,0.0920131051092715,0.0,0.0,0.0169970990960601,0.0,0.0,0.0,0.8567872834112658,0.0,0.0,0.0
mix_0231_depth100,0.0054266335799877,0.1155973925425259,0.3262672812483163,0.0,0.0647465580949149,0.0,0.0,0.0423036712475144,0.0906569959109043,0.3550014673758361,0.0,0.0,0.0
mix_0231_depth25,0.0,0.0960497937014327,0.34927153868051153,0.0,0.1085321503740438,0.0,0.0,0.0586234080609867,0.0871665784270163,0.3003565307560087,0.0,0.0,0.0
mix_0232_depth100,0.0,0.0095882907066722,0.0,0.0,0.0,0.0,0.0,0.0,0.0118563487689563,0.8859176629823166,0.0,0.0926376975420547,0.0
mix_0232_depth25,0.0,0.0316955235923736,0.0,0.0641986872148056,0.0,0.0096383884865284,0.0,0.0,0.0,0.8055347016414826,0.0,0.0889326990648096,0.0
mix_0233_depth100,0.0,0.1833226276737545,0.1906347864495885,0.0,0.0,0.0035409501934811,0.0,0.0,0.037070314390627,0.4036568989279331,0.0,0.1817744223646156,0.0
mix_0233_depth25,0.0,0.2337646421759651,0.2339770521435391,0.0,0.0,0.0001236914902217,0.0,0.0,0.0,0.412584160063239,0.0,0.1195504541270349,0.0
mix_0234_depth100,0.0,0.0,0.0,0.0,0.0,0.0127714036133955,0.0,0.0,0.0,0.0,0.0,0.8523513916327571,0.1348772047538472
mix_0234_depth25,0.0,0.0,0.0,0.0,0.0,0.021021098091914,0.0633742914704295,0.0,0.0,0.0,0.0,0.7035903759727389,0.2120142344649176
mix_0235_depth100,0.0,0.0,0.0,0.0669034547578527,0.0,0.0,0.0,0.0,0.0,0.0,0.0,0.9330965452421474,0.0
mix_0235_depth25,0.0,0.0,0.0,0.1289933294945377,0.0,0.0,0.0364114031957618,0.0,0.0,0.0,0.0,0.8345952673097005,0.0
mix_0236_depth100,0.0,0.0,0.0,0.0102145698224568,0.0,0.0244396246214885,0.044626862433114,0.0,0.0,0.0,0.0,0.9207189431229406,0.0
mix_0236_depth25,0.0,0.0,0.0,0.0,0.0,0.0,0.0648195137458594,0.0,0.0,0.0114686124997469,0.0,0.9237118737543936,0.0
mix_0237_depth100,0.0,0.0,0.0,0.13463402653214,0.0,0.0,0.0,0.0,0.0,0.0,0.0,0.8653659734678599,0.0
mix_0237_depth25,0.0,0.0,0.0,0.132429251737286,0.0,0.0090814910230604,0.0,0.0,0.0,0.0,0.0,0.8584892572396535,0.0
mix_0238_depth100,0.0,0.0,0.0,0.0,0.0,0.0731456189801678,0.0,0.0,0.0,0.0,0.0,0.9268543810198324,0.0
mix_0238_depth25,0.0,0.0,0.0,0.0487795046029106,0.0,0.1003274697861925,0.0,0.0,0.0,0.0,0.0,0.850893025610897,0.0
mix_0239_depth100,0.0,0.0,0.0,0.2633931955190836,0.0,0.0709659137911943,0.221971132903804,0.0738006614395543,0.0,0.0,0.0,0.2342238746847908,0.1356452216615727
mix_0239_depth25,0.0,0.0,0.0,0.3213391785181233,0.0,0.0720608977021841,0.1521354922252275,0.0065416573183456,0.0,0.0,0.0,0.0487268354381212,0.3991959387979981
mix_0240_depth100,0.0,0.0,0.0,0.0788017756172137,0.0,0.0224101252291416,0.0,0.0539901053916611,0.0128361023154559,0.0578211731326617,0.0,0.0,0.7741407183138658
mix_0240_depth25,0.0,0.0,0.0424895738938803,0.0,0.0,0.0,0.0,0.0269538322930914,0.0029218765420968,0.0724593906507467,0.0,0.0,0.8551753266201845
mix_0241_depth100,0.0,0.0,0.0,0.1087917492920701,0.0,0.0273674759084331,0.0,0.0,0.0,0.0,0.0,0.5067104299209438,0.3571303448785527
mix_0241_depth25,0.0,0.0,0.0,0.3220790904897027,0.0,0.048642582749509,0.0,0.0,0.0,0.0,0.0,0.0952055029923166,0.5340728237684716
mix_0242_depth100,0.0,0.0,0.0,0.2872932463594129,0.0,0.0134099667466548,0.0644332265878322,0.0067631192503832,0.0,0.0,0.0,0.2778092382639608,0.3502912027917559
mix_0242_depth25,0.0,0.0,0.0,0.4083720769715935,0.0,0.045813251607556,0.0302455910346406,0.0,0.0,0.0,0.0,0.1508113321337186,0.364757748252491
mix_0243_depth100,0.0,0.0,0.0,0.2859421742231544,0.0,0.0,0.0010633480186635,0.0,0.0,0.0,0.0,0.0,0.712994477758182
mix_0243_depth25,0.0,0.0,0.0,0.1304647472655298,0.0,0.0064365752415361,0.0,0.0,0.0,0.0,0.0,0.0,0.863098677492934
