barcode,orig.ident,celltype_major,celltype_minor,celltype_subset,nCount_RNA,nFeature_RNA,percent.mito,reference_label,role,CD3D,CD3E,CD3G,TRAC,TRBC1,TRBC2,CD4,CD8A,CD8B,IL7R,CCR7,TCF7,FOXP3,IL2RA,CTLA4,NKG7,GNLY,PRF1,GZMB,GZMK,KLRD1,IFNG,ZFP36,IFIT1,ISG15,MKI67,TOP2A,EPCAM,KRT19,LYZ,MS4A1,PTPRC,CD2,CD247,LCK,KRT8,KRT18,CD79A,LST1,T_marker_umi,CD8_marker_umi,T_markers_detected,CD8_detected,CD4_detected,no_T_or_CD8_detected,epithelial_panel_umi,epithelial_panel_n_genes
CID4461_CCTACACTCTTCCTTC,CID4461,T-cells,T cells CD8+,T_cells_c4_CD8+_ZFP36,428,287,2.10280373831776,T cells CD8+,previously_inspected_validation,1,0,0,0,0,0,0,0,0,0,0,0,0,0,0,0,9,0,0,0,0,0,0,0,0,0,0,0,0,0,0,0,0,0,0,0,0,0,0,1,0,True,False,False,False,0,0
CID4461_CGTCAGGCAACTGGCC,CID4461,T-cells,T cells CD8+,T_cells_c4_CD8+_ZFP36,389,279,4.37017994858612,T cells CD8+,previously_inspected_validation,0,0,0,0,0,1,0,0,0,0,0,0,0,0,0,0,5,0,7,0,0,0,0,0,1,0,0,0,0,0,0,0,0,0,0,0,0,0,0,1,0,True,False,False,False,0,0
CID4461_GGGTCTGGTTCTGAAC,CID4461,T-cells,T cells CD8+,T_cells_c4_CD8+_ZFP36,274,212,2.55474452554745,T cells CD8+,previously_inspected_validation,0,0,1,0,0,2,0,0,0,0,0,1,0,0,0,0,0,0,0,0,1,0,0,0,0,0,0,0,0,0,0,0,0,0,0,0,0,0,0,3,0,True,False,False,False,0,0
CID4461_GCATACAAGGATGCGT,CID4461,T-cells,T cells CD8+,T_cells_c4_CD8+_ZFP36,261,208,1.91570881226054,T cells CD8+,previously_inspected_validation,0,0,1,0,1,0,0,0,0,0,0,0,0,0,0,0,0,0,0,0,0,0,0,0,0,0,0,0,0,0,0,0,0,0,1,0,0,0,0,2,0,True,False,False,False,0,0
CID4461_TCACAAGTCCGAGCCA,CID4461,T-cells,T cells CD8+,T_cells_c4_CD8+_ZFP36,324,239,4.93827160493827,T cells CD8+,previously_inspected_validation,0,0,0,0,1,0,0,0,0,0,0,0,0,0,0,0,6,0,0,1,1,0,0,0,0,0,0,0,0,0,0,1,0,0,0,0,0,0,0,1,0,True,False,False,False,0,0
CID4461_GTGAAGGTCATCACCC,CID4461,T-cells,T cells CD8+,T_cells_c6_IFIT1,423,309,0.945626477541371,T cells CD8+,previously_inspected_validation,0,0,0,0,0,0,0,0,0,0,0,0,0,0,0,0,0,0,0,0,0,0,0,0,6,0,0,0,0,0,0,0,0,0,0,0,0,0,0,0,0,False,False,False,True,0,0
CID4461_AGCCTAACAGGTTTCA,CID4461,T-cells,T cells CD8+,T_cells_c7_CD8+_IFNG,275,221,2.54545454545455,T cells CD8+,previously_inspected_validation,0,0,0,0,0,0,0,1,0,0,0,0,0,0,0,2,1,0,5,0,0,0,0,0,0,0,0,0,0,0,0,0,0,0,0,0,0,0,0,0,1,False,True,False,False,0,0
CID4461_ATTTCTGCACCATCCT,CID4461,T-cells,T cells CD8+,T_cells_c7_CD8+_IFNG,755,497,3.44370860927152,T cells CD8+,previously_inspected_validation,0,0,0,0,0,2,0,0,0,0,0,0,0,0,0,0,0,0,0,0,2,1,0,0,1,1,2,0,0,0,0,0,0,0,1,0,0,0,0,2,0,True,False,False,False,0,0
CID4461_CGCTGGATCTACCAGA,CID4461,T-cells,T cells CD8+,T_cells_c7_CD8+_IFNG,400,298,2.75,T cells CD8+,previously_inspected_validation,1,0,1,0,0,0,0,0,0,0,0,0,0,0,0,1,0,0,7,0,0,0,1,0,0,0,0,0,0,0,0,0,1,0,0,0,0,0,0,2,0,True,False,False,False,0,0
CID4461_TAAGTGCTCAGGCAAG,CID4461,T-cells,T cells CD8+,T_cells_c7_CD8+_IFNG,613,455,2.28384991843393,T cells CD8+,previously_inspected_validation,3,0,0,1,0,0,0,0,2,0,0,0,0,0,0,0,0,0,0,0,0,0,0,0,5,0,1,0,0,0,0,1,0,0,2,0,0,0,0,4,2,True,True,False,False,0,0
CID4461_TCGTACCGTCTAGGTT,CID4461,T-cells,T cells CD8+,T_cells_c7_CD8+_IFNG,414,320,3.14009661835749,T cells CD8+,previously_inspected_validation,0,1,1,0,0,0,0,0,0,0,1,0,0,0,0,1,0,0,0,0,0,0,0,0,0,0,0,0,1,0,0,1,0,0,1,0,0,0,0,2,0,True,False,False,False,1,1
