,nCount_RNA,nFeature_RNA,patientid,subtype,Classification,in_tissue,array_row,array_col,pxl_row_in_fullres,pxl_col_in_fullres,total_counts,detected_genes,mito_pct,outside_tissue,author_artefact,excluded,pathology_eligible,pathology_display,CAFs,T cells,NK cells,T_score,T_genes_detected,T_panel_umi,CAF_score,CAF_genes_detected,CAF_panel_umi,NK_score,NK_genes_detected,NK_panel_umi,T cells CD4+_component_pct,T cells CD8+_component_pct,NKT cells_component_pct,Cycling T-cells_component_pct,high_T,high_CAF,high_T_low_T_expression,high_CAF_low_CAF_expression
TGTAACTTGTCAACCT-1,10627,4422,1142243F,TNBC,Invasive cancer + stroma + lymphocytes,1,3,31,4996,16405,10627,4422,0.9221793544744519,False,False,False,True,Invasive cancer + stroma + lymphocytes,0.023688650671556472,0.16933827310593644,2.303374584043313e-05,0.0,0,0,0.5962224925290571,3,4,0.0,0,0,0.002303374584043302,0.0023033745840598556,0.002303374584428717,16.926917186841113,True,False,True,False
TGAGCAGTCGTGAAGT-1,4284,2381,1142243F,TNBC,Invasive cancer + stroma + lymphocytes,1,5,39,5473,17491,4284,2381,0.7703081232492998,False,False,False,True,Invasive cancer + stroma + lymphocytes,0.027854242820844945,0.18237136796445944,1.6855148533687635e-05,0.0,0,0,0.30106321928667495,1,1,0.0,0,0,0.001685514853367597,0.0016855148533688323,0.0016855148533686836,18.232080251885836,True,False,True,False
CAACTCCAACGTTTAG-1,12174,4670,1142243F,TNBC,Invasive cancer + stroma + lymphocytes,1,4,86,5256,23880,12174,4670,1.2074913750616068,False,False,False,True,Invasive cancer + stroma + lymphocytes,0.05704655631518969,0.18504763870645366,1.6122339355417427e-05,0.0,0,0,1.309036733752737,4,18,0.0,0,0,0.0016122339355423552,0.0016122339355418081,0.0016122339356100521,18.499927168838674,True,False,True,False
TATGGAGTTTCTCGTT-1,7117,3108,1142243F,TNBC,Invasive cancer + stroma + lymphocytes,1,6,32,5706,16539,7117,3108,3.9201910917521428,False,False,False,True,Invasive cancer + stroma + lymphocytes,0.08384854104007597,0.18375154935450175,9.590057694343091e-05,0.0,0,0,1.811411459488225,3,25,0.0,0,0,0.009590057694342796,0.009590057694343233,0.009590057694343124,18.346384762367148,True,False,True,False
GATGTCCGGATCACAT-1,10369,4101,1142243F,TNBC,Invasive cancer + stroma + lymphocytes,1,7,37,5945,17217,10369,4101,3.0957662262513264,False,False,False,True,Invasive cancer + stroma + lymphocytes,0.03055395381072528,0.18077626618691292,1.6812431551689025e-05,0.0,0,0,0.7802241801721619,2,8,0.0,0,0,0.0016812431551682066,0.0016812431551679443,0.001681243155219772,18.072582889225735,True,False,True,False
TGGCGGTGTGCGATTG-1,12308,4911,1142243F,TNBC,Invasive cancer + stroma + lymphocytes,1,7,43,5947,18033,12308,4911,1.2024699382515438,False,False,False,True,Invasive cancer + stroma + lymphocytes,0.03732635420231832,0.169161792714167,0.003927939711265897,0.0,0,0,0.8628157520195218,3,9,0.19823196702250398,1,1,0.0032945850726829205,0.003294585072647648,0.003294585072914463,16.906295516198455,True,False,True,False
ATTCTTCGTACTTATG-1,4750,2520,1142243F,TNBC,Invasive cancer + stroma + lymphocytes,1,9,87,6439,24012,4750,2520,1.5368421052631578,False,False,False,True,Invasive cancer + stroma + lymphocytes,0.05334881953296831,0.17349754068658807,3.466090569024457e-05,0.0,0,0,0.9792194501116769,3,4,0.0,0,0,6.183755635582219,0.003466090569024169,0.0034660905690246414,11.15906625193854,True,False,True,False
ACTATATGCTGTGTTC-1,8266,3864,1142243F,TNBC,Invasive cancer + stroma + lymphocytes,1,13,105,7393,26455,8266,3864,1.076699733849504,False,False,False,True,Invasive cancer + stroma + lymphocytes,0.11817860696433685,0.18751888454482332,0.00010262070716804944,0.0,0,0,1.6864723953957044,4,19,0.2642968973933155,1,1,0.010262070716804426,0.010262070716807247,0.010262070717009776,18.72110224233171,True,False,True,False
AACTTGCGTTCTCGCG-1,6691,2917,1142243F,TNBC,Invasive cancer + stroma + lymphocytes,1,14,20,7593,14901,6691,2917,3.5121805410252582,False,False,False,True,Invasive cancer + stroma + lymphocytes,0.0724327140742478,0.16940486312463574,0.003039912111787659,0.0,0,0,1.1090396999145709,2,11,0.0,0,0,0.007257570963127478,0.007257570963126379,0.007257570963126201,16.918713599574193,True,False,True,False
CATCGCCCGCGGCCAA-1,7237,3181,1142243F,TNBC,Invasive cancer + stroma + lymphocytes,1,14,44,7603,18164,7237,3181,3.3991985629404446,False,False,False,True,Invasive cancer + stroma + lymphocytes,0.036244720670495445,0.16999873301018822,3.196943109292983e-05,0.0,0,0,1.2098591124597993,3,9,0.0,0,0,0.0031969431101646403,0.00319694311016412,0.0031969431101689988,16.990282471688325,True,False,True,False
TCTTACAGAGGTACCG-1,5653,2604,1142243F,TNBC,Invasive cancer + stroma + lymphocytes,1,15,45,7840,18299,5653,2604,4.068636122412879,False,False,False,True,Invasive cancer + stroma + lymphocytes,0.03198712792602063,0.16918948903446915,1.6565763666067152e-05,0.0,0,0,1.0108561266276201,3,5,0.0,0,0,2.176468258296555,0.0016565763666060067,0.0016565763666263192,14.739167492417128,True,False,True,False
GTTGTCGTGTTAGTTG-1,3891,1996,1142243F,TNBC,Invasive cancer + stroma + lymphocytes,1,15,47,7841,18571,3891,1996,5.088666152659985,False,False,False,True,Invasive cancer + stroma + lymphocytes,0.06907242675588315,0.20357737204032386,3.4488594219024706e-05,0.0,0,0,1.5644921360110455,3,9,0.0,0,0,0.003448859421903388,0.48065662342818083,0.0034488594219024248,19.870182861760398,True,False,True,False
CGCTTTCATACCGGTG-1,9831,3862,1142243F,TNBC,Invasive cancer + stroma + lymphocytes,1,14,50,7606,18979,9831,3862,4.5773573390296,False,False,False,True,Invasive cancer + stroma + lymphocytes,0.09917360814007406,0.17698408702436266,0.00010383994409468134,0.0,0,0,2.2048912552756095,4,44,0.0,0,0,2.172939793788946,0.010383994409468243,0.010383994409547482,15.504700919828304,True,False,True,False
GTTCTTCCCTCGATGT-1,4970,2208,1142243F,TNBC,Invasive cancer + stroma + lymphocytes,1,15,51,7843,19114,4970,2208,4.607645875251509,False,False,False,True,Invasive cancer + stroma + lymphocytes,0.11833756833492043,0.17937098720221625,0.00013210260116710743,0.0,0,0,2.5295903502690953,4,25,0.0,0,0,13.22362439983128,1.952009439678273,0.013210260116710743,2.7482546205953624,True,False,True,False
CATGTAGGAGCGCCAA-1,4123,2050,1142243F,TNBC,Invasive cancer + stroma + lymphocytes,1,15,111,7869,27269,4123,2050,4.0019403347077365,False,False,False,True,Invasive cancer + stroma + lymphocytes,0.05921727499203948,0.18026379048083324,8.701282594116178e-06,0.0,0,0,0.4416461721273397,1,2,0.0,0,0,0.0008701282594076908,1.779228337402474,0.0008701282594058111,16.245410454162037,True,False,True,False
TTCATAGGGTGTCCAT-1,3140,1825,1142243F,TNBC,Invasive cancer + stroma + lymphocytes,1,16,4,8059,12725,3140,1825,6.337579617834395,False,False,False,True,Invasive cancer + stroma + lymphocytes,0.15603738671303405,0.19217818971547276,4.640447431235572e-05,0.0,0,0,1.9567946863666394,3,13,0.0,0,0,11.907446674779209,0.0046404474312343735,0.004640447431237602,7.301091401905595,True,False,True,False
GGTGCGGATAAGTGGC-1,9005,3481,1142243F,TNBC,Invasive cancer + stroma + lymphocytes,1,16,46,8077,18434,9005,3481,3.7756801776790674,False,False,False,True,Invasive cancer + stroma + lymphocytes,0.051568262188236826,0.19803298545468728,0.00688172993825318,0.0,0,0,0.5532079970564124,2,4,0.24897404127109757,1,1,0.003442213089576016,0.0034422130895756606,0.0034422130895942595,19.792971906199984,True,False,True,False
TAATATTGAAATTCGC-1,10912,4325,1142243F,TNBC,Invasive cancer + stroma + lymphocytes,1,17,47,8314,18569,10912,4325,1.3013196480938416,False,False,False,True,Invasive cancer + stroma + lymphocytes,0.06112636375345773,0.17987055734041227,3.220247561076731e-05,0.0,0,0,0.92289686794188,3,9,0.0,0,0,0.0032202475610769127,0.0032202475611066575,0.003220247561077095,17.97739499135797,True,False,True,False
TTACATCGTGGCCTGG-1,9258,3869,1142243F,TNBC,Invasive cancer + stroma + lymphocytes,1,20,36,9019,17072,9258,3869,1.6202203499675956,False,False,False,True,Invasive cancer + stroma + lymphocytes,0.04619092253049575,0.17728017977250987,3.5216821136948946e-05,0.0,0,0,0.7273860587311511,3,5,0.0,0,0,0.003521682113694133,0.0035216821136969077,0.0035216821137902792,17.717452930909804,True,False,True,False
GCCTAGCGATCTGACC-1,5097,2295,1142243F,TNBC,Invasive cancer + stroma + lymphocytes,1,20,42,9021,17887,5097,2295,4.512458308809104,False,False,False,True,Invasive cancer + stroma + lymphocytes,0.07114201225672605,0.1829599979845933,0.021836271460685775,0.0,0,0,1.7748393262896422,4,13,0.53136539524139,1,2,2.2316751335761156,0.016614310756363642,0.010219829096264746,16.037490525030588,True,False,True,False
CCATGCTCTGCAGGAA-1,8088,3343,1142243F,TNBC,Invasive cancer + stroma + lymphocytes,1,21,43,9258,18022,8088,3343,4.537586547972305,False,False,False,True,Invasive cancer + stroma + lymphocytes,0.03970717632640538,0.18694261867337908,2.303233584668809e-05,0.0,0,0,1.0814906659478303,3,9,0.0,0,0,3.568543315076831,0.0023032335846682513,0.0023032335846688307,15.12111208509174,True,False,True,False
TATAAATCCACAAGCT-1,6231,2651,1142243F,TNBC,Invasive cancer + stroma + lymphocytes,1,20,44,9022,18159,6231,2651,4.525758305247954,False,False,False,True,Invasive cancer + stroma + lymphocytes,0.08752494867486935,0.1760821395308071,0.00014417076822263486,0.0,0,0,1.3802323326910872,3,12,0.0,0,0,0.5973682626100438,0.7529847185211266,0.014417076822263486,16.243443895127275,True,False,True,False
TTGTTAGCAAATTCGA-1,9576,4045,1142243F,TNBC,Invasive cancer + stroma + lymphocytes,1,22,42,9494,17886,9576,4045,1.2322472848788637,False,False,False,True,Invasive cancer + stroma + lymphocytes,0.04037679988704989,0.20776308890859427,3.206696117332719e-05,0.0,0,0,0.6366665397620985,2,5,0.23834811929489952,1,1,0.0032066961173331243,0.003206696117333017,0.003206696117332761,20.766688802507428,True,False,True,False
ACCACCCTCTCTTCTA-1,5173,2435,1142243F,TNBC,Invasive cancer + stroma + lymphocytes,1,23,121,9765,28623,5173,2435,3.150976222694761,False,False,False,True,Invasive cancer + stroma + lymphocytes,0.07758663720338047,0.1848582465533741,5.099177275080192e-05,0.0,0,0,1.1126046083781556,2,9,0.3586882471739086,1,1,0.0050991772746858365,0.005099177274687569,0.005099177274687603,18.47052712351335,True,False,True,False
CCTACTGCGGCGGCCA-1,2956,1617,1142243F,TNBC,Invasive cancer + stroma + lymphocytes,1,22,126,9531,29303,2956,1617,3.7212449255751014,False,False,False,True,Invasive cancer + stroma + lymphocytes,0.06602629450264297,0.17742828204047728,6.666468307016636e-05,0.0,0,0,1.4847001676876692,3,6,0.0,0,0,8.272833894663934,0.006666468307012779,0.006666468307016407,9.456661372769764,True,False,True,False
TATTTGTTACCCTTTA-1,6343,3085,1142243F,TNBC,Invasive cancer + stroma + lymphocytes,1,24,46,9969,18428,6343,3085,1.2612328551158758,False,False,False,True,Invasive cancer + stroma + lymphocytes,0.048615111381622715,0.1961921846929264,0.014703074732646875,0.0,0,0,0.8531422888844244,2,6,0.0,0,0,1.6382719797278371,0.0016203073181527594,0.0016203073181628638,17.97770587492849,True,False,True,False
TATGCTCCCTACTTAC-1,6042,2730,1142243F,TNBC,Invasive cancer + stroma + lymphocytes,1,25,61,10212,20466,6042,2730,3.475670307845084,False,False,False,True,Invasive cancer + stroma + lymphocytes,0.059692348284732515,0.20012705408143916,2.5323358616530648e-05,0.0,0,0,0.6093626840805773,2,3,0.0,0,0,0.002532335890129872,0.002532335890125265,0.002532335890192191,20.005108400473468,True,False,True,False
AGGAGACATCCACAGT-1,5131,2567,1142243F,TNBC,Invasive cancer + stroma + lymphocytes,1,24,122,10002,28758,5131,2567,2.4361722861040733,False,False,False,True,Invasive cancer + stroma + lymphocytes,0.06818153033151086,0.176323428349944,5.009909705738275e-05,0.0,0,0,0.2703612618774015,1,1,0.0,0,0,0.0050099097057375985,0.005009909705738123,0.0050099097057380885,17.617313105877187,True,False,True,False
GCTCTCGGGTACCGAA-1,7631,3649,1142243F,TNBC,Invasive cancer + stroma + lymphocytes,1,26,58,10447,20057,7631,3649,1.1662953741318307,False,False,False,True,Invasive cancer + stroma + lymphocytes,0.0284390647605044,0.18854549565190135,1.1164276516254455e-05,0.0,0,0,0.6671761823617788,2,5,0.0,0,0,1.0582690432757782,0.001116427651625478,0.0011164276516254673,17.794047666611103,True,False,True,False
CACCGCCAGAAGGTTT-1,7561,3540,1142243F,TNBC,Invasive cancer + stroma + lymphocytes,1,27,59,10684,20193,7561,3540,1.3490279063615924,False,False,False,True,Invasive cancer + stroma + lymphocytes,0.03919797463588838,0.18061204606688747,0.0008012882361344828,0.0,0,0,0.5340188377497228,2,3,0.0,0,0,0.002353803258444007,0.002353803258443124,0.0023538032584355098,18.054143196913426,True,False,True,False
TCCCAAAGACGAAGGA-1,6365,3254,1142243F,TNBC,Invasive cancer + stroma + lymphocytes,1,26,60,10448,20329,6365,3254,1.0683424980361351,False,False,False,True,Invasive cancer + stroma + lymphocytes,0.04174327012696333,0.19834054225217232,2.463173493411775e-05,0.0,0,0,0.9928653161214097,2,8,0.0,0,0,0.0024631734934083003,0.002463173493411611,0.0024631734934256275,19.826664704736988,True,False,True,False
TTACAGACCTAAATGA-1,7772,3250,1142243F,TNBC,Invasive cancer + stroma + lymphocytes,1,26,96,10464,25222,7772,3250,2.727740607308286,False,False,False,True,Invasive cancer + stroma + lymphocytes,0.03072908334230114,0.17923637607933263,3.7056504818165276e-05,0.0,0,0,1.0266435346645073,3,8,0.0,0,0,0.0037056505871262218,0.0037056505871951462,0.003705650587121207,17.91252065617182,True,False,True,False
GGGCGATATGTGTGAA-1,9047,3813,1142243F,TNBC,Invasive cancer + stroma + lymphocytes,1,28,58,10920,20056,9047,3813,2.044876754725323,False,False,False,True,Invasive cancer + stroma + lymphocytes,0.061704054896635,0.19162404093315336,3.4541896596036496e-05,0.0,0,0,1.0227869180279887,3,8,0.0,0,0,0.003454189659603822,0.003454189659696724,0.0034541896596038332,19.15204152433643,True,False,True,False
GATCCCTTTATACTGC-1,4861,2335,1142243F,TNBC,Invasive cancer + stroma + lymphocytes,1,28,60,10921,20328,4861,2335,4.36124254268669,False,False,False,True,Invasive cancer + stroma + lymphocytes,0.10232559508476169,0.1905566465628428,4.6238237252199976e-05,0.0,0,0,2.6383515833014433,4,37,0.0,0,0,1.5704504258189085,0.004623823725220041,0.004623823725220008,17.47596658301493,True,False,True,False
CTACTCTAGGCCCGGC-1,2755,1491,1142243F,TNBC,Invasive cancer + stroma + lymphocytes,1,31,25,11616,15568,2755,1491,5.480943738656988,False,False,False,True,Invasive cancer + stroma + lymphocytes,0.10639875515585165,0.1686570352261115,0.0022409562352461716,0.0,0,0,2.4149055656157574,4,14,0.0,0,0,6.273441477970901,0.0031885253590021355,0.003188525359002602,10.585884993922244,True,False,True,False
CGGAGTTTGAGAGACA-1,5740,2580,1142243F,TNBC,Invasive cancer + stroma + lymphocytes,1,30,34,11383,16792,5740,2580,3.6062717770034842,False,False,False,True,Invasive cancer + stroma + lymphocytes,0.06513626030588035,0.1722894727846039,4.9902195594972826e-05,0.0,0,0,1.7639526619847354,4,13,0.0,0,0,0.004990219559496168,0.00499021955949568,0.004990219559496249,17.213976619781903,True,False,True,False
GTTTGACCAAATCCTA-1,10676,4143,1142243F,TNBC,Invasive cancer + stroma + lymphocytes,1,30,58,11393,20054,10676,4143,1.6672911202697638,False,False,False,True,Invasive cancer + stroma + lymphocytes,0.04852090559059399,0.16900767912526943,2.1892773210777248e-05,0.0,0,0,0.9326905927833905,3,8,0.0,0,0,0.0021892772326665157,0.002189277232665694,0.002189277232971797,16.89420008082864,True,False,True,False
AAGTAGTGACGCGAGG-1,5449,2485,1142243F,TNBC,Invasive cancer + stroma + lymphocytes,1,33,31,12091,16382,5449,2485,4.698109744907322,False,False,False,True,Invasive cancer + stroma + lymphocytes,0.12955731270549842,0.18547157521166216,4.760939471376477e-05,0.0,0,0,2.6747452086037073,4,36,0.5137481146309154,1,2,0.004760939471378128,2.337116263403637,0.8351977063628191,15.370082611928382,True,False,True,False
CGCTCTCCGTAGATTA-1,3732,1901,1142243F,TNBC,Invasive cancer + stroma + lymphocytes,1,33,37,12094,17198,3732,1901,3.885316184351554,False,False,False,True,Invasive cancer + stroma + lymphocytes,0.06111373888084379,0.2989969919282487,4.588448803633883e-05,0.0,0,0,1.3385418291872364,3,6,0.0,0,0,9.76435460763381,6.91974746755903,0.004588448803633627,13.211008668828397,True,False,True,False
CCATTCCCTGCCCACA-1,4500,2123,1142243F,TNBC,Invasive cancer + stroma + lymphocytes,1,33,39,12095,17470,4500,2123,3.155555555555556,False,False,False,True,Invasive cancer + stroma + lymphocytes,0.16472157221480577,0.17982751424738092,0.00013886778826825065,0.0,0,0,2.300180873952222,3,35,0.0,0,0,3.4537320359758454,0.013886778826825066,0.013886778826825066,14.501245831108594,True,True,True,False
GGCTATTAAGTTGTAT-1,6390,2848,1142243F,TNBC,Invasive cancer + stroma + lymphocytes,1,33,41,12095,17742,6390,2848,4.256651017214398,False,False,False,True,Invasive cancer + stroma + lymphocytes,0.04779260716464305,0.18299136863954174,9.86445779470084e-05,0.0,0,0,0.9911748251871044,2,8,0.0,0,0,2.408668479456212,0.49147688214835356,0.009864457795075915,15.389127044554533,True,False,True,False
TGCCGAAAGCGTATTC-1,3879,1988,1142243F,TNBC,Invasive cancer + stroma + lymphocytes,1,33,119,12129,28343,3879,1988,3.351379221448827,False,False,False,True,Invasive cancer + stroma + lymphocytes,0.11174194458396129,0.1786141188998553,9.350448668492072e-05,0.0,0,0,1.730623354520991,3,14,0.0,0,0,3.269324826209468,0.009350448668492115,0.009350448668491976,14.573386166439075,True,False,True,False
TAAGCAGGCGACACGC-1,5237,2597,1142243F,TNBC,Invasive cancer + stroma + lymphocytes,1,35,19,12559,14750,5237,2597,4.582776398701547,False,False,False,True,Invasive cancer + stroma + lymphocytes,0.11607324395244487,0.1709379117358135,9.286299601876519e-05,0.0,0,0,2.2731595868500856,4,29,0.35599262172995566,1,1,0.009286299601875481,7.06793312846556,0.0603487474834517,9.956222998030462,True,False,True,False
GGCATACAGGTAGCGG-1,4771,2242,1142243F,TNBC,Invasive cancer + stroma + lymphocytes,1,34,32,12328,16517,4771,2242,4.52735275623559,False,False,False,True,Invasive cancer + stroma + lymphocytes,0.06375037628938524,0.17242950586851485,3.3368526755155624e-05,0.0,0,0,1.433710076351094,3,9,0.0,0,0,5.571130624617786,0.08150745866522117,0.003336852675516461,11.586975650892963,True,False,True,False
GCAGGACTATAGAATA-1,5051,2449,1142243F,TNBC,Invasive cancer + stroma + lymphocytes,1,35,37,12567,17196,5051,2449,3.4646604632745994,False,False,False,True,Invasive cancer + stroma + lymphocytes,0.097237565099711,0.1703960228464071,0.021139474719484116,0.0,0,0,1.7125875924830989,3,18,0.36395273022810337,1,1,0.006559919964110665,0.006559919964110484,0.006559919964110645,17.019922524748377,True,False,True,False
AGCCGCAAATTCAAAT-1,5592,2613,1142243F,TNBC,Invasive cancer + stroma + lymphocytes,1,37,3,13025,12574,5592,2613,5.060801144492132,False,False,False,True,Invasive cancer + stroma + lymphocytes,0.04626369138697434,0.17037660858902434,2.284251238302179e-05,0.0,0,0,0.5245988144002973,1,4,0.0,0,0,0.003935683351107219,1.0615342974164566,0.0022842512383010943,15.969906626896568,True,False,True,False
TGTTCCGCTTCCATGA-1,5894,2709,1142243F,TNBC,Invasive cancer + stroma + lymphocytes,1,36,44,12806,18147,5894,2709,3.2066508313539197,False,False,False,True,Invasive cancer + stroma + lymphocytes,0.193482797568868,0.20271293191107684,9.821445320139412e-05,0.0,0,0,2.896578478547918,4,53,0.0,0,0,0.009821445320139031,0.009821445320139757,0.009821445320138348,20.24182885514727,True,True,True,False
CAATTTCGTATAAGGG-1,8475,3404,1142243F,TNBC,Invasive cancer + stroma + lymphocytes,1,37,63,13051,20729,8475,3404,3.0206489675516224,False,False,False,True,Invasive cancer + stroma + lymphocytes,0.051813716054722306,0.17256558033477346,6.860783186173145e-05,0.0,0,0,0.9923967493309263,2,11,0.0,0,0,0.006860783186172642,0.006860783186173771,0.006860783186173201,17.235975683918824,True,False,True,False
CCTGTCCCTCACGTTA-1,4833,2252,1142243F,TNBC,Invasive cancer + stroma + lymphocytes,1,36,114,12837,27661,4833,2252,3.4761018001241464,False,False,False,True,Invasive cancer + stroma + lymphocytes,0.06467611260938148,0.16864040615685827,0.01186034986600063,0.0,0,0,1.4255592128799233,3,9,0.37379567849284273,1,1,4.401046802790254,3.7460043038757806,0.5429891487593468,8.174000360260445,True,False,True,False
ACTCTTCAGCTCCCGC-1,5394,2529,1142243F,TNBC,Stroma,1,36,126,12842,29292,5394,2529,3.077493511308862,False,False,False,True,Stroma,0.1168524397458771,0.16966707500961886,0.0001381794525740944,0.0,0,0,2.3415685960189476,4,25,0.0,0,0,7.146694557281663,0.01381794525740944,0.01381794525740944,9.792377053165403,True,False,True,False
CCTCCTGAGCCCACAT-1,3046,1633,1142243F,TNBC,Stroma,1,38,8,13264,13252,3046,1633,5.712409717662508,False,False,False,True,Stroma,0.12280225892446618,0.18523396649745075,9.546724216769676e-05,0.0,0,0,2.0145633241265952,3,14,0.0,0,0,4.437187144292771,0.009546724216770896,0.009546724216769088,14.067116057018763,True,False,True,False
GGGCCCTACGAAAGGG-1,4723,2249,1142243F,TNBC,Invasive cancer + stroma + lymphocytes,1,38,16,13267,14340,4723,2249,4.658056320135507,False,False,False,True,Invasive cancer + stroma + lymphocytes,0.18154882031668798,0.20112148108447467,4.8950921273920945e-05,0.0,0,0,2.297027005496436,3,34,0.0,0,0,11.675396692242664,0.004895092127387184,0.00489509212738912,8.426961231950024,True,True,True,False
ATCCTGAATCGCTGCG-1,3889,1997,1142243F,TNBC,Stroma,1,38,26,13271,15699,3889,1997,4.011313962458216,False,False,False,True,Stroma,0.11941281603731925,0.16857374436736772,9.641683080160724e-05,0.0,0,0,2.579514665064271,4,24,0.0,0,0,5.452545898383487,0.009641683080162968,0.00964168308016352,11.385545172192959,True,False,True,False
CCCAATTTCACAACTT-1,3086,1641,1142243F,TNBC,Invasive cancer + stroma + lymphocytes,1,39,33,13511,16650,3086,1641,3.1432274789371357,False,False,False,True,Invasive cancer + stroma + lymphocytes,0.08734157737759148,0.2019928705932278,3.140809418140061e-05,0.0,0,0,2.2063646308523888,4,11,0.0,0,0,2.9563432454625653,9.061595191042086,0.003140809418138714,8.17820781339999,True,False,True,False
GTCTATCTGAGTTTCT-1,4402,2177,1142243F,TNBC,Invasive cancer + stroma + lymphocytes,1,40,42,13751,17872,4402,2177,2.9077691958200815,False,False,False,True,Invasive cancer + stroma + lymphocytes,0.0863243680068894,0.21905086723713202,6.954826366530094e-05,0.0,0,0,1.0627028447464597,2,10,0.0,0,0,8.89386883851514,0.006954826366529324,0.44053450100399755,12.563728557827536,True,False,True,False
TTCTTGCTAGCATCTC-1,3445,1753,1142243F,TNBC,Invasive cancer + stroma + lymphocytes,1,40,110,13781,27115,3445,1753,4.179970972423803,False,False,False,True,Invasive cancer + stroma + lymphocytes,0.0654843128310061,0.1765059831035818,7.433015972351499e-05,0.0,0,0,1.1130763034753688,2,6,0.0,0,0,0.007433015972351487,0.007433015972350226,0.007433015972351644,17.628299262441125,True,False,True,False
AGCGCTAGAGCGATGT-1,6486,2831,1142243F,TNBC,Stroma,1,40,122,13786,28746,6486,2831,3.2685784767190875,False,False,False,True,Stroma,0.1331356326690993,0.18596571550665553,0.00014687362033597974,0.0,0,0,1.9501080449036752,4,26,0.0,0,0,0.014687362033597974,0.6795232326534899,0.3424184170650575,17.559942538913408,True,False,True,False
GTGGTTTCCGCCTTTC-1,2794,1528,1142243F,TNBC,Invasive cancer + stroma + lymphocytes,1,42,32,14220,16511,2794,1528,3.507516105941303,False,False,False,True,Invasive cancer + stroma + lymphocytes,0.09246268110462788,0.20973620184794986,7.259531410904224e-05,0.0,0,0,1.520824110946214,3,6,0.0,0,0,3.5255132574669106,0.007259531410903348,0.007259531410906069,17.43358786450627,True,False,True,False
GTGCCATCACACGGTG-1,3331,1691,1142243F,TNBC,Invasive cancer + stroma + lymphocytes,1,42,34,14221,16783,3331,1691,3.6625637946562595,False,False,False,True,Invasive cancer + stroma + lymphocytes,0.0702296684849045,0.2238458841306744,0.00010856673487187396,0.0,0,0,1.7038303699500064,3,9,0.0,0,0,0.01085667347582376,0.010856673488500394,0.010856673488503662,22.352018392614614,True,False,True,False
GCTAGACCGTCTACTG-1,3097,1569,1142243F,TNBC,Invasive cancer + stroma + lymphocytes,1,42,104,14251,26298,3097,1569,4.649660962221504,False,False,False,True,Invasive cancer + stroma + lymphocytes,0.07546708764194052,0.18949176342126148,6.999737141306884e-05,0.0,0,0,0.5023172094932391,1,2,0.0,0,0,4.356026572524076,0.006999737141312391,0.006999737141312574,14.57915029531945,True,False,True,False
GTCCATTACTGCTACG-1,3661,1853,1142243F,TNBC,Invasive cancer + stroma + lymphocytes,1,42,106,14252,26569,3661,1853,3.4416826003824093,False,False,False,True,Invasive cancer + stroma + lymphocytes,0.10812493883417253,0.2593930106254413,0.0001366822457740293,0.0,0,0,2.2174917509572403,4,14,0.0,0,0,10.602740409739624,4.015411102013917,0.01366822457740293,11.307481326213187,True,False,True,False
ATTCGTGCTATCTCTT-1,2666,1491,1142243F,TNBC,Invasive cancer + stroma + lymphocytes,1,42,110,14254,27113,2666,1491,4.051012753188297,False,False,False,True,Invasive cancer + stroma + lymphocytes,0.0889560622342701,0.1773656144744162,9.428886719423952e-05,0.0,0,0,1.280919411712154,2,7,0.0,0,0,10.149385058500632,0.009428886719422113,0.00942888671942337,7.568318615502141,True,False,True,False
CTGGTTCGCGAGCTAC-1,2927,1633,1142243F,TNBC,Invasive cancer + stroma + lymphocytes,1,42,124,14260,29016,2927,1633,4.065596173556543,False,False,False,True,Invasive cancer + stroma + lymphocytes,0.054831589544069206,0.19606009546514794,0.005811132329583057,0.0,0,0,0.8859193468057095,2,3,0.0,0,0,7.25944463784086,0.007700927779302912,0.007700927779302409,12.331163053115327,True,False,True,False
ACTCGCGATCTGACGC-1,3360,1835,1142243F,TNBC,Invasive cancer + stroma + lymphocytes,1,42,126,14261,29288,3360,1835,3.0654761904761902,False,False,False,True,Invasive cancer + stroma + lymphocytes,0.07570669539876043,0.1892721456688099,0.00504961702358566,0.0,0,0,1.329561192855763,3,6,0.0,0,0,3.4589189923015837,0.004972833014130237,0.004972833014131151,15.458349908551144,True,False,True,False
ATCAGACGGCACGCCG-1,3784,1917,1142243F,TNBC,Invasive cancer + stroma + lymphocytes,1,44,42,14697,17869,3784,1917,3.937632135306554,False,False,False,True,Invasive cancer + stroma + lymphocytes,0.05352344789627071,0.18548613626787847,6.962856456616543e-05,0.0,0,0,1.1231064521208172,2,7,0.0,0,0,0.006962856459590989,0.006962856459582333,0.006962856459591748,18.527725057409082,True,False,True,False
TCACCCTCTTAAGATT-1,9807,3915,1142243F,TNBC,Invasive cancer + stroma + lymphocytes,1,45,59,14941,20179,9807,3915,2.9978586723768736,False,False,False,True,Invasive cancer + stroma + lymphocytes,0.031119148369901335,0.17565318248722644,3.239070744491937e-05,0.0,0,0,0.40626477999786814,1,4,0.0,0,0,0.0032390707444920233,0.0032390707445135738,0.003239070744609608,17.55560103648903,True,False,True,False
TCGAAGAACCGAGCAC-1,5909,2665,1142243F,TNBC,Invasive cancer + stroma + lymphocytes,1,45,99,14959,25616,5909,2665,4.230834320528008,False,False,False,True,Invasive cancer + stroma + lymphocytes,0.07766652349443157,0.17799115668371354,7.057773589602014e-05,0.0,0,0,1.488816351731119,3,14,0.0,0,0,3.1804841440949896,0.00705777358960274,0.007057773589602648,14.60451597709716,True,False,True,False
ATCGCCAGTCAACATT-1,4802,2353,1142243F,TNBC,Invasive cancer + stroma + lymphocytes,1,45,105,14961,26431,4802,2353,4.164931278633902,False,False,False,True,Invasive cancer + stroma + lymphocytes,0.09341486984174545,0.1720507566273252,6.539662117044755e-05,0.0,0,0,1.6546395329818429,3,17,0.0,0,0,5.003926399168636,1.3565226296265516,0.006539662117044756,10.838086971820287,True,False,True,False
TTGAGCAGCCCACGGT-1,5437,2576,1142243F,TNBC,Invasive cancer + stroma + lymphocytes,1,44,116,14729,27927,5437,2576,2.979584329593526,False,False,False,True,Invasive cancer + stroma + lymphocytes,0.11957999639724126,0.19432581090021805,6.368044082949431e-05,0.0,0,0,1.8337812597282053,3,20,0.6956931913572805,2,2,1.416126418763637,7.185508009777583,1.056035639830703,9.774911021649881,True,False,True,False
ATCATGGACTACCGAC-1,3666,2128,1142243F,TNBC,Invasive cancer + stroma + lymphocytes,1,44,126,14734,29286,3666,2128,1.4184397163120568,False,False,False,True,Invasive cancer + stroma + lymphocytes,0.05704452236725923,0.18408855947153296,9.775674285124126e-05,0.0,0,0,0.9483196161911212,2,5,0.0,0,0,3.624058460170918,0.00977567428512128,0.009775674285117993,14.765246138412138,True,False,True,False
GGGATGGTCGTAACCG-1,4089,2058,1142243F,TNBC,Invasive cancer + stroma + lymphocytes,1,47,43,15407,18003,4089,2058,4.181951577402788,False,False,False,True,Invasive cancer + stroma + lymphocytes,0.06332932389731948,0.18038348620850625,9.845925658100385e-05,0.0,0,0,1.0619106706898807,3,4,0.0,0,0,1.0102479417098524,0.009845925658100297,1.0800159308076769,15.938238822674997,True,False,True,False
ATTCATATACTGTCCA-1,10552,4023,1142243F,TNBC,Invasive cancer + stroma + lymphocytes,1,46,60,15178,20314,10552,4023,1.990144048521607,False,False,False,True,Invasive cancer + stroma + lymphocytes,0.03267372094189983,0.1931218315378084,4.678802620297199e-05,0.0,0,0,0.33656742143875873,1,3,0.0,0,0,0.004678802623680121,0.004678802623722373,0.004678802623170653,19.298146745910266,True,False,True,False
TCGTGTACTATGGATG-1,172,151,1142243F,TNBC,Invasive cancer + stroma + lymphocytes,1,47,77,15422,22624,172,151,6.395348837209303,False,False,False,True,Invasive cancer + stroma + lymphocytes,0.00758426046658654,0.2203562862618642,3.623841820753364e-05,0.0,0,0,0.0,0,0,0.0,0,0,0.003623841820781909,0.0038807230703814736,0.0036238418231457794,22.024500219472113,True,False,True,False
CGTGGCCGAATATCTA-1,3515,1797,1142243F,TNBC,Invasive cancer + stroma + lymphocytes,1,47,101,15432,25886,3515,1797,3.9544807965860596,False,False,False,True,Invasive cancer + stroma + lymphocytes,0.06794921492799615,0.2265039590946655,0.013979018195144936,0.0,0,0,1.5140378887040147,3,7,0.0,0,0,11.46210780038026,0.0047415133573068344,0.004741513357307971,11.178805082371674,True,False,True,False
CCGAGAAGTCGCATAA-1,4894,2324,1142243F,TNBC,Invasive cancer + stroma + lymphocytes,1,46,112,15201,27382,4894,2324,3.555373927257867,False,False,False,True,Invasive cancer + stroma + lymphocytes,0.0718093540076009,0.23943261409875988,4.3351894372547e-05,0.0,0,0,1.4366591901704555,3,10,0.3709828274226579,1,1,5.06163639349256,11.468881827579404,0.00433518943725473,7.408407999366768,True,False,True,False
TACTGTTTCTCTGGTA-1,2908,1695,1142243F,TNBC,Invasive cancer + stroma + lymphocytes,1,47,119,15440,28333,2908,1695,2.9573590096286106,False,False,False,True,Invasive cancer + stroma + lymphocytes,0.0711077445070784,0.17195364807481145,6.707006401871402e-05,0.0,0,0,0.725272249123132,1,5,0.0,0,0,0.006707006401873566,0.49493409581865755,0.8827327026352505,15.810991002625363,True,False,True,False
TGTTGCCGTCGTCCCA-1,2704,1537,1142243F,TNBC,Invasive cancer + stroma + lymphocytes,1,46,122,15205,28741,2704,1537,3.8461538461538463,False,False,False,True,Invasive cancer + stroma + lymphocytes,0.04931579056614171,0.21249086942202827,0.00010204589523470251,0.0,0,0,0.38679618658101556,1,1,0.0,0,0,0.010204589523471206,8.241462965005825,0.010204589523471938,12.98721479815006,True,False,True,False
CTAGCTTAATGGTCCC-1,2461,1434,1142243F,TNBC,Invasive cancer + stroma + lymphocytes,1,47,125,15443,29148,2461,1434,3.3319788703778954,False,False,False,True,Invasive cancer + stroma + lymphocytes,0.0625672476285096,0.17696847427772472,7.157840785103669e-05,0.0,0,0,1.750474249591433,3,7,0.0,0,0,0.007157840784639484,0.00715784078463258,0.007157840784639274,17.67537390541856,True,False,True,False
TTAGGATGGGAGGGTA-1,1988,1256,1142243F,TNBC,Invasive cancer + stroma + lymphocytes,1,47,127,15444,29420,1988,1256,3.2696177062374243,False,False,False,True,Invasive cancer + stroma + lymphocytes,0.09915571577813881,0.1939936828343889,0.00010028900053715646,0.0,0,0,1.2953998664998232,2,5,0.0,0,0,6.4159416065215,1.9977851243721332,0.010028900053729166,10.975612652491527,True,False,True,False
TGTTCGTATTGCGGTG-1,5132,2357,1142243F,TNBC,Invasive cancer + stroma + lymphocytes,1,49,61,15888,20448,5132,2357,4.715510522213561,False,False,False,True,Invasive cancer + stroma + lymphocytes,0.08834463532772749,0.19425882228276486,6.295442041524929e-05,0.0,0,0,2.236106105035943,4,23,0.0,0,0,7.859348552349477,0.006295442041521761,0.006295442041524674,11.553942791843962,True,False,True,False
CCACAGTACCCATCCT-1,3307,1644,1142243F,TNBC,Invasive cancer + stroma + lymphocytes,1,48,92,15665,24662,3307,1644,4.021771998790444,False,False,False,True,Invasive cancer + stroma + lymphocytes,0.040288778020566116,0.21893137234690938,9.590356535991213e-05,0.0,0,0,1.065609615435655,2,5,0.0,0,0,5.974333223712696,0.009590356535990031,0.009590356535991431,15.89962329790626,True,False,True,False
CGCTGGTGACTACCCT-1,2922,1576,1142243F,TNBC,Invasive cancer + stroma + lymphocytes,1,48,98,15668,25478,2922,1576,3.456536618754278,False,False,False,True,Invasive cancer + stroma + lymphocytes,0.09508762320251973,0.23175387338799344,7.037669211340175e-05,0.0,0,0,2.1638702055501584,4,10,0.0,0,0,12.060075166599745,0.00703766921133301,0.007037669211333858,11.101236833776934,True,False,True,False
CGTTAAACTAGTTAGG-1,4557,2399,1142243F,TNBC,Invasive cancer + stroma + lymphocytes,1,49,111,15910,27244,4557,2399,3.949967083607637,False,False,False,True,Invasive cancer + stroma + lymphocytes,0.08273953060331052,0.19628251856156478,6.690167103505528e-05,0.0,0,0,1.5829990001943017,3,10,0.38713582176692607,1,1,5.893806493346468,2.7897950292570806,0.006690167103506488,10.937960166449423,True,False,True,False
CTGAGAAAGTTCGGCG-1,5227,2563,1142243F,TNBC,Invasive cancer + stroma + lymphocytes,1,49,117,15912,28059,5227,2563,3.654103692366558,False,False,False,True,Invasive cancer + stroma + lymphocytes,0.10707192565471838,0.1791130988169834,6.764184776988183e-05,0.0,0,0,1.2204126145782401,2,11,0.0,0,0,0.006764184776943737,0.006764184776943782,0.006764184776943804,17.891017327367507,True,False,True,False
CTTTGCTGTCATGGAT-1,2776,1613,1142243F,TNBC,Invasive cancer + stroma + lymphocytes,1,48,122,15678,28740,2776,1613,3.4942363112391934,False,False,False,True,Invasive cancer + stroma + lymphocytes,0.052211758393000414,0.19820845894087769,6.760170240244773e-05,0.0,0,0,1.230421122481561,2,9,0.0,0,0,0.0067601702402453915,1.2841717612280885,0.006760170240244874,18.52315379237919,True,False,True,False
CCGGAAGTTATCAGTC-1,2990,1705,1142243F,TNBC,Invasive cancer + stroma + lymphocytes,1,49,127,15917,29419,2990,1705,4.046822742474916,False,False,False,True,Invasive cancer + stroma + lymphocytes,0.055582581926452775,0.19889197100321845,4.674845522046676e-05,0.0,0,0,1.1016798324599348,3,3,0.0,0,0,3.512740372098253,4.995899588875765,1.215208875924786,10.165348263423041,True,False,True,False
TTCCACACAGATTTGA-1,4828,2329,1142243F,TNBC,Invasive cancer + stroma + lymphocytes,1,50,46,16118,18408,4828,2329,3.5211267605633805,False,False,False,True,Invasive cancer + stroma + lymphocytes,0.11484884615824263,0.18816940077985916,3.223451301324728e-05,0.0,0,0,1.7893203522861434,3,20,0.37402832735106695,1,1,0.2769141870599593,3.3526310371866854,0.16747073036282517,15.019924123376446,True,False,True,False
TGGCGATCAAGTTATG-1,5593,2539,1142243F,TNBC,Invasive cancer + stroma + lymphocytes,1,51,55,16359,19631,5593,2539,4.398355086715537,False,False,False,True,Invasive cancer + stroma + lymphocytes,0.03623150831836874,0.183949903243488,7.091264757783854e-05,0.0,0,0,1.2230598237453565,3,7,0.0,0,0,0.007091264756797998,0.0070912647567940475,0.007091264756797433,18.37371653007841,True,False,True,False
TCCGCTTATCCCATTA-1,4609,2187,1142243F,TNBC,Invasive cancer + stroma + lymphocytes,1,50,64,16126,20855,4609,2187,4.295942720763723,False,False,False,True,Invasive cancer + stroma + lymphocytes,0.1101985249584669,0.2206410570932687,0.012012010162993376,0.0,0,0,1.398601616712389,2,15,0.3845422878040019,1,1,9.927285515821104,0.009469358239686438,0.009469358239686448,12.117881477026392,True,False,True,False
GTTTGGGCTTGTGAGC-1,4702,2260,1142243F,TNBC,Invasive cancer + stroma + lymphocytes,1,51,65,16363,20990,4702,2260,4.721395150999575,False,False,False,True,Invasive cancer + stroma + lymphocytes,0.09052283368526264,0.2467007665013316,6.880366408846998e-05,0.0,0,0,2.0045807719672757,4,15,0.0,0,0,16.791639147009572,0.006880366408847176,0.006880366408845528,7.864676770305895,True,False,True,False
AAACAAGTATCTCCCA-1,4646,2244,1142243F,TNBC,Invasive cancer + stroma + lymphocytes,1,50,102,16142,26020,4646,2244,3.8743004735256132,False,False,False,True,Invasive cancer + stroma + lymphocytes,0.10328587062538905,0.1978540059867492,3.062233242030886e-05,0.0,0,0,1.3104049223402798,2,12,0.0,0,0,7.559006893153682,3.979052969621324,0.0030622332420320877,8.244278502657883,True,False,True,False
CTTCGGCCAATTGTTT-1,4826,2558,1142243F,TNBC,Invasive cancer + stroma + lymphocytes,1,50,110,16146,27107,4826,2558,2.527973476999586,False,False,False,True,Invasive cancer + stroma + lymphocytes,0.05914926237678626,0.1822098420477442,9.556603838718654e-05,0.0,0,0,1.1687188562130562,3,7,0.0,0,0,0.009556603838713422,3.444018750983676,0.009556603838712745,14.757852246113318,True,False,True,False
CCAAGAAAGTGGGCGA-1,5224,2362,1142243F,TNBC,Invasive cancer + stroma + lymphocytes,1,52,52,16594,19222,5224,2362,4.058192955589587,False,False,False,True,Invasive cancer + stroma + lymphocytes,0.10120911517753331,0.17643700391145178,7.184623807129811e-05,0.0,0,0,1.9750102702406753,4,20,0.0,0,0,4.533380054596094,0.007184623807129965,0.007822195653169137,13.095313517088785,True,False,True,False
GTTTGGTAGGGTCAAC-1,6356,2694,1142243F,TNBC,Invasive cancer + stroma + lymphocytes,1,53,59,16833,20173,6356,2694,3.634361233480176,False,False,False,True,Invasive cancer + stroma + lymphocytes,0.13591918847050807,0.192581431712169,0.00020947490100642872,0.0,0,0,2.337011369649005,4,35,0.3150651846093088,1,1,0.02094749010064287,3.2864809931198806,1.113252610751913,14.837462077244462,True,False,True,False
ATCGGAGACAGACGGC-1,8649,3449,1142243F,TNBC,Invasive cancer + stroma + lymphocytes,1,52,76,16604,22484,8649,3449,4.613250086715228,False,False,False,True,Invasive cancer + stroma + lymphocytes,0.05505471578747134,0.1700644713944041,9.925073115258456e-05,0.0,0,0,1.1024157953670262,3,10,0.0,0,0,0.009925073115258613,0.009925073115291779,0.009925073115258818,16.9766719200946,True,False,True,False
TGTGGTAGGGTGCCTT-1,4437,1989,1142243F,TNBC,Invasive cancer + stroma + lymphocytes,1,53,125,16862,29144,4437,1989,3.515889114266396,False,False,False,True,Invasive cancer + stroma + lymphocytes,0.0834351379671137,0.2015044933433981,0.0001007813073613918,0.0,0,0,1.5759711310619724,3,12,0.39327196108363505,1,1,0.010078130736141017,14.52351071150618,0.010078130736140006,5.606782361361348,True,False,True,False
CTCTTGTCCCGCTTGG-1,5574,2451,1142243F,TNBC,Invasive cancer + stroma + lymphocytes,1,54,58,17069,20036,5574,2451,4.3057050592034445,False,False,False,True,Invasive cancer + stroma + lymphocytes,0.1505503849171374,0.2303519891900636,4.919753822873771e-05,0.0,0,0,2.425124855669349,3,47,0.0,0,0,3.309903830615648,0.004919753822874058,0.004919753822893214,19.715455580744944,True,False,True,False
GGTGGACTGCTCTGGC-1,7873,3202,1142243F,TNBC,Invasive cancer + stroma + lymphocytes,1,55,85,17317,23705,7873,3202,4.445573478978789,False,False,False,True,Invasive cancer + stroma + lymphocytes,0.08878000262361124,0.1924892758000915,9.20440638072464e-05,0.0,0,0,1.5613074840781433,3,18,0.0,0,0,7.188045242971566,1.5532175041801242,0.009204406380724419,10.498460426476734,True,False,True,False
CATGGATTGTCTTCCG-1,3973,1989,1142243F,TNBC,Invasive cancer + stroma + lymphocytes,1,55,101,17324,25880,3973,1989,4.404731940599044,False,False,False,True,Invasive cancer + stroma + lymphocytes,0.11544334916841872,0.3664664009916706,0.0001338297777183296,0.0,0,0,1.8129410141998443,3,19,0.0,0,0,12.247368189554551,7.864648154453145,0.01338297777183296,16.52124077738753,True,False,True,False
TATTTGATTTGCACAG-1,4137,2047,1142243F,TNBC,Stroma,1,54,118,17095,28191,4137,2047,3.795020546289582,False,False,False,True,Stroma,0.1482050707019623,0.18458993333629015,0.00013055516997694037,0.0,0,0,2.220393802214925,4,19,0.0,0,0,7.84266078527889,5.105115996029859,0.013055516997694038,5.498161035322573,True,False,True,False
GCCACTCCTTACGGTA-1,4934,2414,1142243F,TNBC,Stroma,1,55,119,17332,28327,4934,2414,2.959059586542359,False,False,False,True,Stroma,0.1386628773309822,0.1901269265088426,0.00012851921898613641,0.0,0,0,2.1854465621299264,4,22,0.0,0,0,8.395755597307526,5.397868340512882,0.01285192189861364,5.206216791165238,True,False,True,False
ACCAATATGCAAGTTA-1,12914,4401,1142243F,TNBC,Invasive cancer + stroma + lymphocytes,1,56,78,17551,22753,12914,4401,2.857364100975685,False,False,False,True,Invasive cancer + stroma + lymphocytes,0.08056482727723048,0.17985044694792932,9.889985372483361e-05,0.0,0,0,1.1715252361858346,3,19,0.0,0,0,0.009889985372438855,0.009889985372567673,0.009889985372390433,17.955374738675534,True,False,True,False
AAGTTCACTCCAAGCT-1,5700,2661,1142243F,TNBC,Invasive cancer + stroma + lymphocytes,1,57,85,17790,23704,5700,2661,3.8421052631578947,False,False,False,True,Invasive cancer + stroma + lymphocytes,0.10213165721160668,0.1824870793032185,9.205454522441269e-05,0.0,0,0,1.6764193767972728,3,17,0.0,0,0,0.009205454522441142,4.43855789879948,0.009205454522441186,13.79173912247749,True,False,True,False
GGCGCGGAGATCTTTC-1,8212,3305,1142243F,TNBC,Invasive cancer + stroma + lymphocytes,1,58,86,18027,23839,8212,3305,4.444715051144666,False,False,False,True,Invasive cancer + stroma + lymphocytes,0.11733656032673506,0.18411133924095202,0.0020445525525520807,0.0,0,0,1.59778561346543,3,22,0.2654947394386162,1,1,0.009703254403550698,0.009703254403550653,0.2732470991619477,18.118480316126153,True,False,True,False
CCTGTTTGAAGACACG-1,4215,2090,1142243F,TNBC,Invasive cancer + stroma + lymphocytes,1,58,94,18031,24926,4215,2090,5.005931198102016,False,False,False,True,Invasive cancer + stroma + lymphocytes,0.15210715513888418,0.17105030135482477,9.646646585033385e-05,0.0,0,0,2.249754880182232,4,24,0.0,0,0,0.00964664658503399,1.3626154092008145,0.009646646585051119,15.723121433111578,True,False,True,False
TAGATGGTTCCTTACT-1,2834,1560,1142243F,TNBC,Invasive cancer + stroma + lymphocytes,1,59,97,18269,25333,2834,1560,5.61044460127029,False,False,False,True,Invasive cancer + stroma + lymphocytes,0.12530639161110485,0.19466000449137671,6.096479601288794e-05,0.0,0,0,1.221389555479318,2,9,0.0,0,0,7.639150527330389,0.006096479601290263,0.006096479601291713,11.8146569626047,True,False,True,False
TACTCTTACTTTACTG-1,5047,2743,1142243F,TNBC,Invasive cancer + stroma + lymphocytes,1,59,111,18275,27236,5047,2743,1.0699425401228453,False,False,False,True,Invasive cancer + stroma + lymphocytes,0.11236405391670663,0.16967530296580233,9.375689339297866e-05,0.0,0,0,1.7658939972141778,3,20,0.0,0,0,0.009375689339297888,0.009375689339297909,0.009375689339298048,16.939403228562337,True,False,True,False
GTTCCCGTAAACATAT-1,4304,2160,1142243F,TNBC,TLS,1,59,119,18278,28324,4304,2160,2.857806691449814,False,False,False,True,TLS,0.13130121936373224,0.2216887574954235,0.00014002333324261812,0.0,0,0,2.164047506176323,4,21,0.0,0,0,0.014002333324261812,5.576439453187816,0.014002333324261812,16.56443162970601,True,False,True,False
TTAAGTATTGTTATCC-1,5836,2586,1142243F,TNBC,Stroma,1,64,90,19448,24378,5836,2586,3.7868403015764227,False,False,False,True,Stroma,0.2328436295606668,0.2471096258859543,0.00013796521503936195,0.0,0,0,2.8430056526362013,4,62,0.0,0,0,5.371941731835847,3.611648592130784,0.013796521503936196,15.713575743124863,True,True,True,False
TGGCTACACTCTACCT-1,3732,1885,1142243F,TNBC,Invasive cancer + stroma + lymphocytes,1,64,100,19452,25737,3732,1885,4.796355841371919,False,False,False,True,Invasive cancer + stroma + lymphocytes,0.09788293957414677,0.23531720909926698,0.0001311812740769029,0.0,0,0,1.8492385366265884,3,16,0.0,0,0,12.000247370674863,0.01311812740769029,0.01311812740769029,11.505237284436454,True,False,True,False
GTTCGGAGCACTCAAC-1,7188,2882,1142243F,TNBC,Invasive cancer + stroma + lymphocytes,1,64,114,19459,27640,7188,2882,3.1997774067890927,False,False,False,True,Invasive cancer + stroma + lymphocytes,0.1248441560495575,0.17841165142382692,0.00019382902346024453,0.0,0,0,1.971934220659001,4,29,0.0,0,0,6.8703186002424115,3.1324805377260763,1.1923006404784993,6.646065363935705,True,False,True,False
ATCTGCTGTTATCGCC-1,1842,1321,1142243F,TNBC,Invasive cancer + stroma + lymphocytes,1,67,57,20143,19891,1842,1321,0.9229098805646038,False,False,False,True,Invasive cancer + stroma + lymphocytes,0.10127441086888611,0.21519916736262792,5.069523821038377e-05,0.0,0,0,2.1668916901094457,4,6,0.6202668654254898,1,1,0.005069523821037328,0.005069523821038649,2.9077584137276324,18.602019274893085,True,False,True,False
TCCAAGCCTAGACACA-1,5056,2350,1142243F,TNBC,Invasive cancer + stroma + lymphocytes,1,67,79,20153,22881,5056,2350,4.924841772151899,False,False,False,True,Invasive cancer + stroma + lymphocytes,0.08652544109319193,0.2092256331313164,9.63281057461747e-05,0.0,0,0,1.235611993202987,2,11,0.0,0,0,12.274171915469562,0.009632810574616306,0.009632810574617548,8.629125776512844,True,False,True,False
TCGCCGACATATTCGC-1,5179,2500,1142243F,TNBC,Invasive cancer + stroma + lymphocytes,1,66,86,19919,23833,5179,2500,3.7652056381540837,False,False,False,True,Invasive cancer + stroma + lymphocytes,0.11776246245579867,0.19850345077840192,9.608023585635585e-05,0.0,0,0,1.6904031321405362,3,18,0.3584336354009892,1,1,0.009608023585635924,3.2141056772045857,0.009608023585635868,16.617023353464337,True,False,True,False
CGCATGCCGAATGCGT-1,5905,2695,1142243F,TNBC,Stroma,1,67,89,20157,24240,5905,2695,4.352243861134632,False,False,False,True,Stroma,0.18851675805156098,0.18202622246317324,0.00013058557523124448,0.0,0,0,2.603848845564248,4,53,0.0,0,0,5.8719240946276186,0.013058557523124448,0.013058557523124448,12.304581036643455,True,True,True,False
CAGATAATGGGCGGGT-1,4163,2262,1142243F,TNBC,Invasive cancer + stroma + lymphocytes,1,66,102,19926,26008,4163,2262,1.6574585635359116,False,False,False,True,Invasive cancer + stroma + lymphocytes,0.07659101055251474,0.18244001122740133,6.185505745366708e-05,0.0,0,0,1.6932856359148112,4,9,0.0,0,0,0.006185505744931799,0.0061855057449301445,0.006185505744929974,18.22544460550534,True,False,True,False
ACTCGCCGTTCGATAA-1,6146,2639,1142243F,TNBC,Invasive cancer + stroma + lymphocytes,1,67,111,20167,27230,6146,2639,4.035144809632281,False,False,False,True,Invasive cancer + stroma + lymphocytes,0.15771192786181285,0.20715444719008852,0.00019431285578293858,0.0,0,0,2.4669245581643446,4,35,0.48263158381045845,1,2,0.023095815413359044,7.41818818451005,0.9514257773076195,12.322734941777822,True,False,True,False
GAGAAACTGGATCCCA-1,8174,3328,1142243F,TNBC,Invasive cancer + stroma + lymphocytes,1,66,124,19936,28998,8174,3328,2.666992904330805,False,False,False,True,Invasive cancer + stroma + lymphocytes,0.18361372252792066,0.20997933148813402,0.00013734113425227672,0.0,0,0,2.0810393541417422,4,30,0.26634453871035657,1,1,0.013734113425227672,7.722461765378484,0.013734113425227672,13.248003156584462,True,True,True,False
TGATCACCACACTGAC-1,1250,992,1142243F,TNBC,Invasive cancer + stroma + lymphocytes,1,69,51,20614,19074,1250,992,0.8,False,False,False,True,Invasive cancer + stroma + lymphocytes,0.10568583307715432,0.2021221236919585,6.5656554820116e-05,0.0,0,0,1.2576094803481088,2,3,0.0,0,0,0.006565655480928681,0.006565655480929387,0.006565655480928307,20.192515402753063,True,False,True,False
GCTCCATGCAAAGCAA-1,184,170,1142243F,TNBC,Invasive cancer + stroma + lymphocytes,1,69,55,20615,19617,184,170,2.717391304347826,False,False,False,True,Invasive cancer + stroma + lymphocytes,0.09429889473789052,0.33072423465770945,2.1984351245083486e-05,0.0,0,0,0.0,0,0,0.0,0,0,30.076518655422102,0.06734473284133558,0.002198435124004459,2.926361642383504,True,False,True,False
CCGCACTTGCAATGAC-1,6362,2843,1142243F,TNBC,Invasive cancer + stroma + lymphocytes,1,69,107,20638,26685,6362,2843,3.269412134548884,False,False,False,True,Invasive cancer + stroma + lymphocytes,0.13627616924272015,0.17742168931394234,0.00013691677139396978,0.0,0,0,2.145742874549856,4,27,0.0,0,0,0.4643064627385334,1.605589535940606,1.133476938404384,14.53879599431071,True,False,True,False
GAGTATACCCTAATCA-1,8399,3598,1142243F,TNBC,Invasive cancer + stroma + lymphocytes,1,70,30,20841,16219,8399,3598,3.0598880819145133,False,False,False,True,Invasive cancer + stroma + lymphocytes,0.13087839013213146,0.18094269227208512,8.857764477320584e-05,0.0,0,0,2.3949375179392725,4,40,0.40608042737871114,1,2,0.008857764477320989,3.6664642465792237,0.139456750294795,14.279490465857172,True,False,True,False
CGTTCAAGGAAACGGA-1,2255,1474,1142243F,TNBC,Invasive cancer + stroma + lymphocytes,1,70,46,20848,18393,2255,1474,1.0199556541019956,False,False,False,True,Invasive cancer + stroma + lymphocytes,0.1617737705925092,0.18736364433054126,0.0001398968446633597,0.0,0,0,1.511522796270108,3,5,0.0,0,0,1.6530851321194802,6.311685225895529,0.013989684466335972,10.75760439057278,True,False,True,False
ATTGTCTGTTTCATGT-1,689,553,1142243F,TNBC,Invasive cancer + stroma + lymphocytes,1,71,53,21088,19344,689,553,1.0159651669085632,False,False,False,True,Invasive cancer + stroma + lymphocytes,0.19650709488773066,0.22790976571533672,0.00015623507551766253,0.0,0,0,0.9491045730414261,1,3,0.0,0,0,8.285258952615065,0.009945006546037345,2.1644369655656557,12.331335646806913,True,True,True,True
AGGTGCACGTCCACAT-1,3755,1941,1142243F,TNBC,Invasive cancer + stroma + lymphocytes,1,70,104,20873,26277,3755,1941,4.181091877496671,False,False,False,True,Invasive cancer + stroma + lymphocytes,0.14375261213426224,0.17914010388022986,0.0002929171476015362,0.0,0,0,2.1811988644516456,3,26,0.0,0,0,6.983048098376276,2.9750233670398325,0.006408749784088428,7.949530172822788,True,False,True,False
GCTTTACACAACTGGG-1,7520,3366,1142243F,TNBC,Invasive cancer + stroma + lymphocytes,1,70,116,20878,27908,7520,3366,2.1143617021276597,False,False,False,True,Invasive cancer + stroma + lymphocytes,0.13826104072722173,0.18336033726446455,9.562837661315388e-05,0.0,0,0,2.198591360834145,4,29,0.2819256491821656,1,1,0.00956283766131528,0.009562837661314941,0.010502505760000835,18.306405545363823,True,False,True,False
TAGCTCACTGTGTTTG-1,4294,2149,1142243F,TNBC,Invasive cancer + stroma + lymphocytes,1,71,121,21117,28586,4294,2149,3.4699580810433166,False,False,False,True,Invasive cancer + stroma + lymphocytes,0.11372446916456845,0.1823159204743614,0.00014716151533024255,0.0,0,0,1.8540875775745906,3,16,0.0,0,0,0.014716151533024255,1.445165233371793,0.014716151533024255,16.7569945109983,True,False,True,False
TACGCTCCTAGAACTG-1,361,324,1142243F,TNBC,Invasive cancer + stroma + lymphocytes,1,73,47,21558,18527,361,324,1.3850415512465373,False,False,False,True,Invasive cancer + stroma + lymphocytes,0.2951225534301502,0.2127688732467217,3.449873404311516e-05,0.0,0,0,1.8473561762394646,2,3,0.0,0,0,19.91946021823271,0.003449873404292291,0.003449873404288804,1.3505273596308793,True,True,True,False
CGATCCACCATTGTTG-1,215,205,1142243F,TNBC,Invasive cancer + stroma + lymphocytes,1,72,54,21325,19479,215,205,0.9302325581395349,False,False,False,True,Invasive cancer + stroma + lymphocytes,0.1509071939918589,0.2271577924052621,1.2308767681598342e-05,0.0,0,0,0.0,0,0,0.0,0,0,19.96809188644807,0.0012308767681336165,0.0012308767682456874,2.7452256005417603,True,False,True,False
ATTGGTTGTGCATTAC-1,3837,1977,1142243F,TNBC,Invasive cancer + stroma + lymphocytes,1,72,106,21347,26547,3837,1977,4.482668751628877,False,False,False,True,Invasive cancer + stroma + lymphocytes,0.11382563997476855,0.18454502912595597,0.00014673995672030723,0.0,0,0,1.3442382132840545,3,8,0.0,0,0,0.014673995672030723,0.09727152448348172,0.014673995672030723,18.327883396768055,True,False,True,False
CTGGCGATTTACATGT-1,3779,1834,1142243F,TNBC,Invasive cancer + stroma + lymphocytes,1,73,107,21584,26682,3779,1834,4.339772426567875,False,False,False,True,Invasive cancer + stroma + lymphocytes,0.12018872679162759,0.24504768802393484,9.342786040946718e-05,0.0,0,0,1.6198545307778296,3,9,0.4312287565481381,1,1,0.009342786040947272,11.325747491612512,0.009342786040946825,13.160335738699075,True,False,True,False
CCCATTATTGTATCCT-1,4443,2155,1142243F,TNBC,Invasive cancer + stroma + lymphocytes,1,72,120,21353,28450,4443,2155,3.308575286968265,False,False,False,True,Invasive cancer + stroma + lymphocytes,0.11610832710701958,0.2023908266845641,0.00015564828085302528,0.0,0,0,1.6258521027343644,3,13,0.39296001472175274,1,1,0.015564828085302528,0.015564828085302528,0.015564828085302528,20.192388184200503,True,False,True,False
TTCCAGTGGGTTTCGT-1,1316,908,1142243F,TNBC,Invasive cancer + stroma + lymphocytes,1,75,47,22031,18525,1316,908,2.735562310030395,False,False,False,True,Invasive cancer + stroma + lymphocytes,0.12535388307081954,0.19452652297681627,5.314056628221377e-05,0.0,0,0,1.654046329345951,2,7,0.0,0,0,2.8818297875990524,0.005314056628153116,0.005314056628157717,16.560194396826265,True,False,True,False
GCTCATTGATCATATC-1,452,395,1142243F,TNBC,Invasive cancer + stroma + lymphocytes,1,74,48,21795,18662,452,395,1.3274336283185841,False,False,False,True,Invasive cancer + stroma + lymphocytes,0.199034367734839,0.2230145834789508,4.962119635218167e-05,0.0,0,0,1.570433223404136,2,2,0.0,0,0,0.004962119637005197,0.004962119636989513,0.004962119636990934,22.286571988984097,True,True,True,False
GTCTATACACGCATGG-1,529,443,1142243F,TNBC,Invasive cancer + stroma + lymphocytes,1,74,50,21796,18934,529,443,0.7561436672967864,False,False,False,True,Invasive cancer + stroma + lymphocytes,0.11521587662713201,0.1869986495343088,7.143954382420692e-05,0.0,0,0,0.747725050499615,1,1,0.0,0,0,8.21434743937654,0.007143954382783297,0.007143954382786103,10.471229605288771,True,False,True,False
GATTTGCGCTAACACC-1,2556,1530,1142243F,TNBC,Invasive cancer + stroma + lymphocytes,1,75,51,22033,19069,2556,1530,2.4256651017214397,False,False,False,True,Invasive cancer + stroma + lymphocytes,0.10910456906544279,0.1765740961595438,4.903607697070312e-05,0.0,0,0,1.4355341915020468,2,9,0.0,0,0,0.004903607697245969,0.004903607697245342,0.004903607697245353,17.642698792862642,True,False,True,False
TGGTGCCCTGCCTTAC-1,401,353,1142243F,TNBC,Invasive cancer + stroma + lymphocytes,1,74,52,21797,19206,401,353,1.7456359102244388,False,False,False,True,Invasive cancer + stroma + lymphocytes,0.056187886900929046,0.2020208180011456,0.009079773733764283,0.0,0,0,0.813923951761641,1,1,0.0,0,0,0.005785643362604167,0.005785643362600302,0.005785643362596747,20.18472487002676,True,False,True,False
GGTTCGCATTTGCCGT-1,5580,2648,1142243F,TNBC,Invasive cancer + stroma + lymphocytes,1,75,103,22055,26137,5580,2648,3.978494623655914,False,False,False,True,Invasive cancer + stroma + lymphocytes,0.13151948320357246,0.17380643221839795,0.01564240419041613,0.0,0,0,2.0672946086569315,4,22,0.0,0,0,0.004837834848466363,0.7278219319274013,1.2352687490058982,15.41271470605803,True,False,True,False
CGGACCTCTGTAGTTA-1,2405,1538,1142243F,TNBC,Invasive cancer + stroma + lymphocytes,1,76,52,22270,19204,2405,1538,1.7047817047817049,False,False,False,True,Invasive cancer + stroma + lymphocytes,0.09651414163688338,0.19184860242348206,8.819368548982736e-05,0.0,0,0,1.4414576139522004,2,10,0.0,0,0,0.008819368548981922,0.2451776969588774,1.922902478779584,17.00796069806076,True,False,True,False
GTAACAGGTTAACGGC-1,4809,2539,1142243F,TNBC,Invasive cancer + stroma + lymphocytes,1,76,54,22271,19476,4809,2539,2.4537325847369518,False,False,False,True,Invasive cancer + stroma + lymphocytes,0.12316362787876242,0.17244493254481297,0.011724587848876587,0.0,0,0,1.5636077998740756,2,21,0.37491531391994687,1,1,2.396652504537564,0.00906315581058727,0.7669148695989897,14.071862724534157,True,False,True,False
