donor_id,reference_label,flag,n_cells,median,mad,threshold_transformed,applied
CID4067,B-cells,review_low_umi,53,6.891625897052253,0.2231435513142097,5.775908140481205,True
CID4067,B-cells,review_high_umi,53,6.891625897052253,0.2231435513142097,8.007343653623302,True
CID4067,B-cells,review_low_genes,53,6.161207321695077,0.184856412397143,5.236925259709362,True
CID4067,B-cells,review_high_genes,53,6.161207321695077,0.184856412397143,7.085489383680792,True
CID4067,B-cells,review_high_mt,53,4.138244656662119,1.0098143602845115,9.187316458084677,True
CID4067,CAFs,review_low_umi,135,8.288031567776464,0.436759570666581,6.104233714443559,True
CID4067,CAFs,review_high_umi,135,8.288031567776464,0.436759570666581,10.47182942110937,True
CID4067,CAFs,review_low_genes,135,7.383989457978509,0.30396295805591844,5.864174667698917,True
CID4067,CAFs,review_high_genes,135,7.383989457978509,0.30396295805591844,8.903804248258101,True
CID4067,CAFs,review_high_mt,135,2.7719365322118144,1.0466087199274803,8.004980131849216,True
CID4067,Cancer Epithelial,review_low_umi,2352,8.275376245079805,0.41038026632184144,6.223474913470598,True
CID4067,Cancer Epithelial,review_high_umi,2352,8.275376245079805,0.41038026632184144,10.327277576689012,True
CID4067,Cancer Epithelial,review_low_genes,2352,7.403061091090091,0.2752652654167944,6.026734764006119,True
CID4067,Cancer Epithelial,review_high_genes,2352,7.403061091090091,0.2752652654167944,8.779387418174064,True
CID4067,Cancer Epithelial,review_high_mt,2352,10.198232923591295,2.8638545109371827,24.517505478277208,True
CID4067,Cycling T-cells,review_low_umi,6,7.2519306268803385,0.3471823719925968,5.516018766917354,False
CID4067,Cycling T-cells,review_high_umi,6,7.2519306268803385,0.3471823719925968,8.987842486843324,False
CID4067,Cycling T-cells,review_low_genes,6,6.601991036662485,0.3756028060357868,4.723977006483551,False
CID4067,Cycling T-cells,review_high_genes,6,6.601991036662485,0.3756028060357868,8.48000506684142,False
CID4067,Cycling T-cells,review_high_mt,6,2.840571733294624,0.6040054091934041,5.860598779261644,False
CID4067,Endothelial,review_low_umi,186,7.333001654623999,0.47024866535517873,4.981758327848105,True
CID4067,Endothelial,review_high_umi,186,7.333001654623999,0.47024866535517873,9.684244981399893,True
CID4067,Endothelial,review_low_genes,186,6.693320597238527,0.35245560025053635,4.931042595985845,True
CID4067,Endothelial,review_high_genes,186,6.693320597238527,0.35245560025053635,8.455598598491209,True
CID4067,Endothelial,review_high_mt,186,3.708723177188565,1.4820712101077609,11.119079227727369,True
CID4067,Myeloid,review_low_umi,266,8.160346707850945,0.3268999135088544,6.525847140306673,True
CID4067,Myeloid,review_high_umi,266,8.160346707850945,0.3268999135088544,9.794846275395216,True
CID4067,Myeloid,review_low_genes,266,7.147156432533178,0.21519658394719698,6.071173512797193,True
CID4067,Myeloid,review_high_genes,266,7.147156432533178,0.21519658394719698,8.223139352269163,True
CID4067,Myeloid,review_high_mt,266,3.1064126576561772,0.8959266754584772,7.586046034948563,True
CID4067,NK cells,review_low_umi,48,6.929499537076769,0.21440007970599995,5.857499138546769,True
CID4067,NK cells,review_high_umi,48,6.929499537076769,0.21440007970599995,8.001499935606768,True
CID4067,NK cells,review_low_genes,48,6.2942914817463915,0.1522563885704411,5.533009538894186,True
CID4067,NK cells,review_high_genes,48,6.2942914817463915,0.1522563885704411,7.055573424598597,True
CID4067,NK cells,review_high_mt,48,3.354177069994413,1.0289677606303924,8.499015873146375,True
CID4067,NKT cells,review_low_umi,39,7.076653815443951,0.3048480790627561,5.55241342013017,True
CID4067,NKT cells,review_high_umi,39,7.076653815443951,0.3048480790627561,8.600894210757732,True
CID4067,NKT cells,review_low_genes,39,6.395261598115449,0.2683924140012639,5.05329952810913,True
CID4067,NKT cells,review_high_genes,39,6.395261598115449,0.2683924140012639,7.737223668121769,True
CID4067,NKT cells,review_high_mt,39,3.0056864337936635,0.7998040808524869,7.004706838056098,True
CID4067,PVL,review_low_umi,83,7.258412150595307,0.49692666225119453,4.773778839339334,True
CID4067,PVL,review_high_umi,83,7.258412150595307,0.49692666225119453,9.74304546185128,True
CID4067,PVL,review_low_genes,83,6.565264970035361,0.33281695348483886,4.901180202611167,True
CID4067,PVL,review_high_genes,83,6.565264970035361,0.33281695348483886,8.229349737459556,True
CID4067,PVL,review_high_mt,83,4.825684459326374,1.6594575463976144,13.122972191314446,True
CID4067,T cells CD4+,review_low_umi,353,7.0326242610280065,0.22578788956730023,5.903684813191505,True
CID4067,T cells CD4+,review_high_umi,353,7.0326242610280065,0.22578788956730023,8.161563708864508,True
CID4067,T cells CD4+,review_low_genes,353,6.284134161070802,0.18045414261915926,5.381863447975006,True
CID4067,T cells CD4+,review_high_genes,353,6.284134161070802,0.18045414261915926,7.186404874166598,True
CID4067,T cells CD4+,review_high_mt,353,3.074558032282859,0.8523358100606369,7.3362370825860435,True
CID4067,T cells CD8+,review_low_umi,243,6.891625897052253,0.21251819593527355,5.8290349173758855,True
CID4067,T cells CD8+,review_high_umi,243,6.891625897052253,0.21251819593527355,7.954216876728621,True
CID4067,T cells CD8+,review_low_genes,243,6.255750041753367,0.14782415618144817,5.516629260846126,True
CID4067,T cells CD8+,review_high_genes,243,6.255750041753367,0.14782415618144817,6.994870822660608,True
CID4067,T cells CD8+,review_high_mt,243,3.27455919395466,1.0285878837588922,8.417498612749121,True
CID4471,B-cells,review_low_umi,99,7.920446505142607,0.19423385463507792,6.949277231967217,True
CID4471,B-cells,review_high_umi,99,7.920446505142607,0.19423385463507792,8.891615778317997,True
CID4471,B-cells,review_low_genes,99,6.9440872082295275,0.13174211405204872,6.285376637969284,True
CID4471,B-cells,review_high_genes,99,6.9440872082295275,0.13174211405204872,7.602797778489771,True
CID4471,B-cells,review_high_mt,99,9.024012393493416,1.7689391483568038,17.868708135277437,True
CID4471,CAFs,review_low_umi,1292,8.435656002492088,0.4914773261620198,5.978269371681989,True
CID4471,CAFs,review_high_umi,1292,8.435656002492088,0.4914773261620198,10.893042633302187,True
CID4471,CAFs,review_low_genes,1292,7.477886968678687,0.33150864509517497,5.8203437432028124,True
CID4471,CAFs,review_high_genes,1292,7.477886968678687,0.33150864509517497,9.135430194154562,True
CID4471,CAFs,review_high_mt,1292,6.885256345464212,1.965077445475944,16.710643572843935,True
CID4471,Cancer Epithelial,review_low_umi,212,9.284387179802248,0.36828454986786063,7.442964430462945,True
CID4471,Cancer Epithelial,review_high_umi,212,9.284387179802248,0.36828454986786063,11.125809929141552,True
CID4471,Cancer Epithelial,review_low_genes,212,8.0041978668507,0.23968525584586642,6.805771587621367,True
CID4471,Cancer Epithelial,review_high_genes,212,8.0041978668507,0.23968525584586642,9.202624146080032,True
CID4471,Cancer Epithelial,review_high_mt,212,11.976826025998452,2.42269863261898,24.09031918909335,True
CID4471,Cycling T-cells,review_low_umi,8,7.34433894956817,1.0470922900536301,2.1088774993000197,False
CID4471,Cycling T-cells,review_high_umi,8,7.34433894956817,1.0470922900536301,12.579800399836321,False
CID4471,Cycling T-cells,review_low_genes,8,6.800606383647033,0.7874774116733336,2.8632193252803653,False
CID4471,Cycling T-cells,review_high_genes,8,6.800606383647033,0.7874774116733336,10.737993442013702,False
CID4471,Cycling T-cells,review_high_mt,8,6.237593410759951,1.3301637882391577,12.88841235195574,False
CID4471,Endothelial,review_low_umi,2778,8.71874456471367,0.38499358662471206,6.79377663159011,True
CID4471,Endothelial,review_high_umi,2778,8.71874456471367,0.38499358662471206,10.643712497837232,True
CID4471,Endothelial,review_low_genes,2778,7.66949514203163,0.25552485184118634,6.391870882825699,True
CID4471,Endothelial,review_high_genes,2778,7.66949514203163,0.25552485184118634,8.947119401237561,True
CID4471,Endothelial,review_high_mt,2778,7.184958249103104,1.6486404149062217,15.428160323634213,True
CID4471,Myeloid,review_low_umi,285,8.65259782842244,0.4883721761566129,6.210736947639376,True
CID4471,Myeloid,review_high_umi,285,8.65259782842244,0.4883721761566129,11.094458709205504,True
CID4471,Myeloid,review_low_genes,285,7.515889085215125,0.32363649648955306,5.89770660276736,True
CID4471,Myeloid,review_high_genes,285,7.515889085215125,0.32363649648955306,9.13407156766289,True
CID4471,Myeloid,review_high_mt,285,6.955756108298481,1.9676535261181698,16.79402373888933,True
CID4471,NK cells,review_low_umi,30,7.639855673267563,0.3527440692854231,5.876135326840448,True
CID4471,NK cells,review_high_umi,30,7.639855673267563,0.3527440692854231,9.403576019694679,True
CID4471,NK cells,review_low_genes,30,6.819377143101593,0.2158817698875053,5.739968293664067,True
CID4471,NK cells,review_high_genes,30,6.819377143101593,0.2158817698875053,7.8987859925391195,True
CID4471,NK cells,review_high_mt,30,8.322706453509625,1.4049470952997498,15.347441930008374,True
CID4471,NKT cells,review_low_umi,32,7.753694458291336,0.289785567350596,6.304766621538356,True
CID4471,NKT cells,review_high_umi,32,7.753694458291336,0.289785567350596,9.202622295044316,True
CID4471,NKT cells,review_low_genes,32,7.0186465918195715,0.19863261078225136,6.025483537908315,True
CID4471,NKT cells,review_high_genes,32,7.0186465918195715,0.19863261078225136,8.011809645730828,True
CID4471,NKT cells,review_high_mt,32,6.568117130937142,0.8930762075077836,11.033498168476061,True
CID4471,Normal Epithelial,review_low_umi,1966,8.773539383558166,0.5342049250307603,6.102514758404364,True
CID4471,Normal Epithelial,review_high_umi,1966,8.773539383558166,0.5342049250307603,11.444564008711968,True
CID4471,Normal Epithelial,review_low_genes,1966,7.700068805408551,0.36868116793600203,5.856662965728541,True
CID4471,Normal Epithelial,review_high_genes,1966,7.700068805408551,0.36868116793600203,9.543474645088562,True
CID4471,Normal Epithelial,review_high_mt,1966,8.909645277027057,2.093921229446189,19.379251424258,True
CID4471,PVL,review_low_umi,1285,8.259975659768276,0.2670311124501703,6.924820097517425,True
CID4471,PVL,review_high_umi,1285,8.259975659768276,0.2670311124501703,9.595131222019127,True
CID4471,PVL,review_low_genes,1285,7.310550158534422,0.18045164840884453,6.4082919164901995,True
CID4471,PVL,review_high_genes,1285,7.310550158534422,0.18045164840884453,8.212808400578645,True
CID4471,PVL,review_high_mt,1285,8.093126385809313,1.6016326850296192,16.10128981095741,True
CID4471,Plasmablasts,review_low_umi,51,9.46187699779161,0.3783477926818133,7.570138034382543,True
CID4471,Plasmablasts,review_high_umi,51,9.46187699779161,0.3783477926818133,11.353615961200676,True
CID4471,Plasmablasts,review_low_genes,51,7.487733761436444,0.17285170026681218,6.623475260102383,True
CID4471,Plasmablasts,review_high_genes,51,7.487733761436444,0.17285170026681218,8.351992262770505,True
CID4471,Plasmablasts,review_high_mt,51,3.220064724919094,1.067673670380068,8.558433076819433,True
CID4471,T cells CD4+,review_low_umi,412,7.887583961206938,0.22969161015243822,6.739125910444747,True
CID4471,T cells CD4+,review_high_umi,412,7.887583961206938,0.22969161015243822,9.03604201196913,True
CID4471,T cells CD4+,review_low_genes,412,6.932935458651611,0.13229447974480113,6.271463059927606,True
CID4471,T cells CD4+,review_high_genes,412,6.932935458651611,0.13229447974480113,7.594407857375617,True
CID4471,T cells CD4+,review_high_mt,412,6.93413166115594,1.2650935914892343,13.259599618602111,True
CID4471,T cells CD8+,review_low_umi,159,7.682482446534506,0.220374744746076,6.580608722804126,True
CID4471,T cells CD8+,review_high_umi,159,7.682482446534506,0.220374744746076,8.784356170264886,True
CID4471,T cells CD8+,review_low_genes,159,6.887552571664617,0.17216918532993652,6.026706645014935,True
CID4471,T cells CD8+,review_high_genes,159,6.887552571664617,0.17216918532993652,7.7483984983143,True
CID4471,T cells CD8+,review_high_mt,159,7.329842931937173,1.1286486278489782,12.973086071182063,True
CID4535,B-cells,review_low_umi,56,7.24895635849402,0.8269198195034013,3.1143572609770134,True
CID4535,B-cells,review_high_umi,56,7.24895635849402,0.8269198195034013,11.383555456011027,True
CID4535,B-cells,review_low_genes,56,6.53072460683734,0.5745640394025058,3.657904409824811,True
CID4535,B-cells,review_high_genes,56,6.53072460683734,0.5745640394025058,9.403544803849869,True
CID4535,B-cells,review_high_mt,56,4.321224769624745,1.6553481754232104,12.597965646740798,True
CID4535,CAFs,review_low_umi,102,8.404692553508076,0.7331767341637541,4.738808882689305,True
CID4535,CAFs,review_high_umi,102,8.404692553508076,0.7331767341637541,12.070576224326846,True
CID4535,CAFs,review_low_genes,102,7.359112372104185,0.47424333583732103,4.98789569291758,True
CID4535,CAFs,review_high_genes,102,7.359112372104185,0.47424333583732103,9.730329051290791,True
CID4535,CAFs,review_high_mt,102,3.926972574877312,1.5587089805098084,11.720517477426355,True
CID4535,Cancer Epithelial,review_low_umi,2223,9.904936502301233,0.4832277515058241,7.488797744772112,True
CID4535,Cancer Epithelial,review_high_umi,2223,9.904936502301233,0.4832277515058241,12.321075259830353,True
CID4535,Cancer Epithelial,review_low_genes,2223,8.250097752572845,0.2620828970198481,6.939683267473605,True
CID4535,Cancer Epithelial,review_high_genes,2223,8.250097752572845,0.2620828970198481,9.560512237672086,True
CID4535,Cancer Epithelial,review_high_mt,2223,8.703198611455493,2.3979918647349834,20.693157935130408,True
CID4535,Cycling T-cells,review_low_umi,19,8.212568398234145,1.5846693544592725,0.2892216259377829,False
CID4535,Cycling T-cells,review_high_umi,19,8.212568398234145,1.5846693544592725,16.13591517053051,False
CID4535,Cycling T-cells,review_low_genes,19,7.298445101508147,0.9374456244203486,2.6112169794064037,False
CID4535,Cycling T-cells,review_high_genes,19,7.298445101508147,0.9374456244203486,11.98567322360989,False
CID4535,Cycling T-cells,review_high_mt,19,3.403489219426465,1.023056810603578,8.518773272444355,False
CID4535,Endothelial,review_low_umi,219,8.504513138258863,0.4889142321537463,6.059941977490132,True
CID4535,Endothelial,review_high_umi,219,8.504513138258863,0.4889142321537463,10.949084299027595,True
CID4535,Endothelial,review_low_genes,219,7.576097340623111,0.3169812125260103,5.991191277993059,True
CID4535,Endothelial,review_high_genes,219,7.576097340623111,0.3169812125260103,9.161003403253162,True
CID4535,Endothelial,review_high_mt,219,3.8311940879035395,1.348124110476903,10.571814640288054,True
CID4535,Myeloid,review_low_umi,255,9.013838751608395,0.5606508901680698,6.210584300768046,True
CID4535,Myeloid,review_high_umi,255,9.013838751608395,0.5606508901680698,11.817093202448744,True
CID4535,Myeloid,review_low_genes,255,7.62657020629066,0.33235628675944984,5.964788772493411,True
CID4535,Myeloid,review_high_genes,255,7.62657020629066,0.33235628675944984,9.28835164008791,True
CID4535,Myeloid,review_high_mt,255,4.819277108433735,1.962457933750846,14.631566777187967,True
CID4535,NK cells,review_low_umi,25,7.905072849498666,0.2514373765813005,6.647885966592163,True
CID4535,NK cells,review_high_umi,25,7.905072849498666,0.2514373765813005,9.162259732405168,True
CID4535,NK cells,review_low_genes,25,6.904750769961838,0.1821209751063897,5.99414589442989,True
CID4535,NK cells,review_high_genes,25,6.904750769961838,0.1821209751063897,7.815355645493787,True
CID4535,NK cells,review_high_mt,25,3.4482758620689653,1.0398216964263014,8.647384344200471,True
CID4535,NKT cells,review_low_umi,15,7.892452043520352,0.21947601979038645,6.79507194456842,False
CID4535,NKT cells,review_high_umi,15,7.892452043520352,0.21947601979038645,8.989832142472284,False
CID4535,NKT cells,review_low_genes,15,6.97354301952014,0.16611731644477956,6.142956437296243,False
CID4535,NKT cells,review_high_genes,15,6.97354301952014,0.16611731644477956,7.804129601744038,False
CID4535,NKT cells,review_high_mt,15,3.7203720372037203,1.0317337024248827,8.879040549328135,False
CID4535,Normal Epithelial,review_low_umi,22,9.67225678529585,0.458455728033357,7.379978145129066,True
CID4535,Normal Epithelial,review_high_umi,22,9.67225678529585,0.458455728033357,11.964535425462635,True
CID4535,Normal Epithelial,review_low_genes,22,8.136087564125368,0.34086185732583374,6.4317782774962,True
CID4535,Normal Epithelial,review_high_genes,22,8.136087564125368,0.34086185732583374,9.840396850754537,True
CID4535,Normal Epithelial,review_high_mt,22,4.858463719507121,0.7447454035783454,8.582190737398848,True
CID4535,PVL,review_low_umi,592,8.553717947507515,0.3036203314200696,7.035616290407167,True
CID4535,PVL,review_high_umi,592,8.553717947507515,0.3036203314200696,10.071819604607864,True
CID4535,PVL,review_low_genes,592,7.492481671770561,0.21951473518150744,6.394907995863024,True
CID4535,PVL,review_high_genes,592,7.492481671770561,0.21951473518150744,8.590055347678097,True
CID4535,PVL,review_high_mt,592,3.880384929489143,0.9304615009564858,8.532692434271572,True
CID4535,Plasmablasts,review_low_umi,96,9.696012705067666,0.4886771310194602,7.252627049970365,True
CID4535,Plasmablasts,review_high_umi,96,9.696012705067666,0.4886771310194602,12.139398360164968,True
CID4535,Plasmablasts,review_low_genes,96,7.545915918718261,0.3183021186548771,5.954405325443876,True
CID4535,Plasmablasts,review_high_genes,96,7.545915918718261,0.3183021186548771,9.137426511992647,True
CID4535,Plasmablasts,review_high_mt,96,1.7379036113944104,0.42178233366582707,3.8468152797235455,True
CID4535,T cells CD4+,review_low_umi,239,6.371611847231857,0.6846364908920366,2.948429392771674,True
CID4535,T cells CD4+,review_high_umi,239,6.371611847231857,0.6846364908920366,9.79479430169204,True
CID4535,T cells CD4+,review_low_genes,239,5.840641657373398,0.44701411102103616,3.6055711022682173,True
CID4535,T cells CD4+,review_high_genes,239,5.840641657373398,0.44701411102103616,8.075712212478578,True
CID4535,T cells CD4+,review_high_mt,239,5.128205128205129,2.009351517640363,15.174962716406945,True
CID4535,T cells CD8+,review_low_umi,98,7.965196118960745,0.21692740120396437,6.880559112940923,True
CID4535,T cells CD8+,review_high_umi,98,7.965196118960745,0.21692740120396437,9.049833124980566,True
CID4535,T cells CD8+,review_low_genes,98,6.999877632160039,0.15084733624299984,6.24564095094504,True
CID4535,T cells CD8+,review_high_genes,98,6.999877632160039,0.15084733624299984,7.754114313375037,True
CID4535,T cells CD8+,review_high_mt,98,3.718980176973652,1.013020631407615,8.784083334011726,True
