,T_score,T_genes_detected,T_panel_umi,CAF_score,CAF_genes_detected,CAF_panel_umi,NK_score,NK_genes_detected,NK_panel_umi
AACATTGGTCAGCCGT-1,0.4435580667868489,1,1,1.4950731165564133,2,3,0.0,0,0
CATCGAATGGATCTCT-1,0.2518723519638531,1,1,0.0,0,0,0.0,0,0
CGGGTTGTAGCTTTGG-1,0.5459030776846692,4,9,0.6447363202169903,4,6,0.16655562957606032,1,1
CCTAAGTGTCTAACCG-1,0.0,0,0,1.2527055744160782,2,2,0.0,0,0
TCTGTGACTGACCGTT-1,0.13949901869699674,1,1,1.2255733046559318,3,10,0.0,0,0
TTATCATACTCGCAAA-1,0.0,0,0,0.5516307028788536,1,1,0.0,0,0
AGCGTAGCGCTAGACC-1,0.5585133294717924,3,5,1.4479785403804188,3,15,0.0,0,0
AGGTCGCCACTTCGGT-1,0.16768286353258025,1,1,1.89606755865242,4,15,0.0,0,0
TTGCTAGCTACCAATC-1,0.2285433041688388,1,1,2.1955645628389244,4,11,0.0,0,0
GCCGGTTTGGGCGGAT-1,0.0,0,0,1.3220897879859639,2,2,0.0,0,0
TGTAACTTGTCAACCT-1,0.2578823348119779,2,3,1.0137093253047167,4,10,0.0,0,0
CGAGATGTTGCCTATA-1,0.0,0,0,0.792467675802158,2,2,0.0,0,0
GTTACGAAATCCACGC-1,0.3577529722983215,3,5,1.6414545603307087,4,28,0.17266454283000462,1,1
CTTGTCGTACGTGTCA-1,0.0,0,0,1.7388894157024102,4,6,0.0,0,0
GCGTCCAGCTCGTGGC-1,0.20942797079918662,2,3,1.1406004455624905,4,15,0.0,0,0
CCCTTCTCGTACGCGA-1,0.0,0,0,1.8621632335422285,3,6,0.0,0,0
CCAAAGTCCCGCTAAC-1,0.0,0,0,1.5494264706954275,3,9,0.0,0,0
CCGCTTCGCGGTTAAC-1,0.0,0,0,1.7339940904747544,3,13,0.0,0,0
GTTACGGCCCGACTGC-1,0.0,0,0,1.4711244057842114,3,10,0.0,0,0
CCCGCTTGCCCTCGTC-1,0.47103558903641946,1,3,2.732144310416799,4,11,0.613188671452345,1,1
TAGTGAGAAGTGGTTG-1,0.11914739347906356,1,1,2.406123762415694,4,42,0.0,0,0
AAACAATCTACTAGCA-1,0.22442503150485216,1,1,2.741819756205931,4,27,0.0,0,0
CACGACTAAAGTTCTG-1,0.4173964588668035,1,1,1.5829495259583308,2,5,0.0,0,0
GAAGACTTCAATGCCG-1,0.0,0,0,1.580904076576362,2,3,0.0,0,0
ACCAAACTAGAAATCC-1,0.9052140910805092,2,3,2.5814001340395807,3,13,0.0,0,0
GACCAGGTCATTCATA-1,0.0,0,0,2.913495097690076,3,21,0.0,0,0
GTATCGGGACGAGCTG-1,0.0,0,0,0.5490396553014929,1,2,0.0,0,0
CCTGTGCATAGGAGAC-1,0.0,0,0,1.2008705489623828,2,3,0.0,0,0
CATACGGGTGCATGAT-1,0.0,0,0,0.8735508378328045,3,3,0.0,0,0
CCACTAAACTGAATCG-1,0.0,0,0,1.1444410365389366,3,7,0.0,0,0
AAATTGCGGCGGTTCT-1,0.08290144993436567,1,1,0.9938069253330595,3,14,0.0,0,0
AGTCCAGCGGGTACGT-1,0.0,0,0,0.3537347633285016,1,5,0.0,0,0
CATTCAGGTCAGTGCG-1,0.06908590106067816,1,1,0.6889616404514243,3,9,0.13817180212135632,1,1
CTAAAGTCCGAAGCTA-1,0.11904327171502505,2,2,1.0636603589934894,4,19,0.11904327171502505,1,1
AATCAGACTGCAGGAC-1,0.30885224103932124,3,6,0.5128983291811415,2,9,0.0,0,0
AGTATCCATAATAACG-1,0.2678978953538726,3,4,1.005042262252788,4,13,0.0,0,0
CTGGCTGCTAACGTAA-1,0.20579888106140765,3,4,0.9698908786218831,4,19,0.10972790166061813,1,1
GTTCCAAGACAGCGAC-1,0.47952876054308735,3,8,1.0728484680877124,4,15,0.0,0,0
AAGACTAACCCGTTGT-1,0.13969109111639347,1,2,0.4815185318663284,2,5,0.0,0,0
GATTAATCCTGGCTCA-1,0.0,0,0,0.6065604705352432,3,6,0.27888672066376996,1,2
CGCGCAAGGAACTACA-1,0.5135706559756327,4,7,0.7703559839634491,4,7,0.0,0,0
CAGTAGCGAGGTAGTA-1,0.29942610329728425,2,3,0.7963978348293359,3,7,0.23173450149278588,1,1
ACGGCGGGTTGCCCTG-1,0.40941546503536524,5,5,1.0948570565395592,4,13,0.0,0,0
CTAGGCGGCAGAGAAT-1,0.3401256841098074,3,3,0.9089657829810844,3,8,0.0,0,0
GTGCGCAGCTTGCTCC-1,0.20205789493250678,2,2,1.1277631467968376,3,13,0.20205789493250678,1,1
TCACTATCGTGCAATC-1,0.2194873391254781,3,3,0.7488462683377107,3,11,0.24766654895905296,1,2
TATGATTCTGCTTGGT-1,0.400506407779881,3,5,1.5447079820796419,4,21,0.0,0,0
TAAGATTTAGCGGGAG-1,0.501546054928013,5,8,1.0796037498943345,4,16,0.0,0,0
TTACGGTGTCACCGAG-1,0.22599679360620892,3,4,1.2796482793285557,4,29,0.20976202639329378,1,2
CTACACTAGCTTGTTC-1,0.26169690649268773,2,2,1.7179333667098653,4,18,0.0,0,0
TGAGCAGTCGTGAAGT-1,0.3779843134971963,3,5,1.9488483732055186,4,36,0.0,0,0
CGCTGAGGACGTCCAA-1,0.4471458987058769,3,5,1.7565137304593923,4,26,0.0,0,0
GTGTATGACTTTAAAG-1,0.10501313271911443,2,3,0.7580517542759879,4,19,0.0,0,0
CTAAACGGGTGTAATC-1,0.4951726025326768,5,12,1.5573046379252944,4,48,0.0,0,0
TGTACTGTGCCAAAGT-1,0.43322578480029444,6,21,0.6610260242185932,4,26,0.0,0,0
GGCCACAAGCGATGGC-1,0.11450703137148006,2,2,1.8101421458174591,4,52,0.0,0,0
GTCAATTGTACTGAAG-1,0.06537400082451068,2,2,1.0334913339209195,3,44,0.0,0,0
AGGGACAGCACGGCGG-1,0.22213734717551326,1,1,1.13755264290553,3,4,0.0,0,0
AGCTTATAGAGACCTG-1,0.1878329292887674,1,1,0.9743499966379575,3,4,0.0,0,0
AACTTTAGCTGCTGAG-1,0.536266073154967,2,2,1.5923808038570397,3,6,0.0,0,0
CCCAAGACAGAGTATG-1,0.0,0,0,1.6345847042715032,3,4,0.0,0,0
GGCATCAACGAGCACG-1,0.0,0,0,1.2376579150840894,2,6,0.0,0,0
ATGCATTCCGTGATGG-1,0.35046677616274485,1,1,2.513761747128953,4,7,0.0,0,0
TTATAGATGCACATTA-1,0.0,0,0,2.263628639409961,3,11,0.0,0,0
GAACCATCTGGGAGAC-1,0.3747686715415633,1,1,1.686459021937035,3,3,0.0,0,0
TGCTATACAAACGGAC-1,0.3133854777615834,1,1,1.7800573043755796,3,7,0.6267709555231668,1,1
ACTTGCCATATTGTAC-1,0.0,0,0,0.8240314499601228,1,2,0.0,0,0
TATTCCGGCAGTCCTA-1,0.0,0,0,1.411372990959848,2,3,0.0,0,0
GACGGACCGCGTTCCT-1,0.0,0,0,0.0,0,0,0.0,0,0
AAGTTTACTAATGGCA-1,0.0,0,0,1.6260480827680235,2,6,0.0,0,0
GATTGACACTCTGCTC-1,0.0,0,0,1.5059209098477,2,3,0.0,0,0
TATCACAGCACGGGCA-1,0.0,0,0,2.7021888960558593,3,10,0.0,0,0
ACCGTTCCCGCTCTGA-1,0.0,0,0,2.233398748997704,3,6,0.0,0,0
CCGCCACCACAATCCA-1,0.0,0,0,3.160851721870544,4,9,0.0,0,0
CATTCACTGACAGCTA-1,0.0,0,0,1.544670195187483,2,5,0.8101118531710009,1,1
CGGCTGCAAGATTAAG-1,0.0,0,0,2.6013010627329356,3,13,0.0,0,0
TTAATGCGAGGTAACT-1,0.0,0,0,2.9910395350367533,3,20,0.0,0,0
AATAAGTCCTCGAGAC-1,0.3748950661221591,1,1,3.160028266955749,4,13,0.0,0,0
TGGAAACGGAGTGAAC-1,0.17044606049120445,1,1,0.5113381814736133,2,2,0.0,0,0
ATCGCACGATTGTTCA-1,0.47701848578864164,3,3,1.03579253452563,3,6,0.0,0,0
CGCCACCCGCATTAAC-1,0.1296174280980014,1,1,0.9497221810457359,3,7,0.0,0,0
TGGACCACGGCGTTGA-1,0.22262017880104348,2,3,1.1916674499075146,4,16,0.0,0,0
GTATATGTTACGGCGG-1,0.0,0,0,0.5798777722945612,4,10,0.0995096325119047,1,1
GTATTCTTACCGTGCT-1,0.0,0,0,0.49152183814393147,2,8,0.0,0,0
TTCAGAGTAACCTGAC-1,0.0,0,0,0.6548343443657947,3,8,0.0,0,0
GCGGTAACCCAAATGA-1,0.2767147948277074,3,3,0.570765642227682,2,6,0.0,0,0
CTACGTGTTGCCACCA-1,0.0,0,0,1.0038835597186535,4,9,0.19740994754296456,1,1
CTAGATAAACTCCTCG-1,0.33171648242936635,3,4,0.8809575227573587,4,9,0.0,0,0
TCCATTAGTTGGATAG-1,0.08462960816176444,1,1,0.9492479540031693,4,11,0.0,0,0
CTGGCTCCTGCGGGAT-1,0.3498301084939641,3,3,0.7285585265661351,3,5,0.0,0,0
CAGTCTCTCGGCTAAT-1,0.18143008759212464,1,2,0.8429002494376379,3,7,0.0,0,0
GTATGACGTGGGAAAC-1,0.19342590865174583,2,2,1.2162720619160377,4,14,0.0,0,0
AGTCACTCCGCCTCAT-1,0.07399436439676103,1,1,0.5396866713253023,2,7,0.0,0,0
GCAGCGGTGGGCATTA-1,0.0,0,0,0.8955218302871484,3,8,0.0,0,0
TATGGAGTTTCTCGTT-1,0.08872102433991509,1,1,1.049094919253554,4,12,0.0,0,0
ACTCAACGAATGTATT-1,0.2298398729520498,3,3,1.460260007402628,4,27,0.0,0,0
AACACGCGGCCGCGAA-1,0.27789157369702555,3,5,1.0764571536644203,4,17,0.0,0,0
CGATATTAGCCGCAGG-1,0.1650622395687322,2,3,0.6883779059681497,4,11,0.0,0,0
AGCGTCTGAACCCGCA-1,0.32420083609536593,3,4,0.13327766713885641,1,1,0.0,0,0
GATGTCCGGATCACAT-1,0.0,0,0,1.2408918773325421,4,11,0.0,0,0
GGTCACGTTAGATTCA-1,0.25915009462983046,2,2,1.4141565464530415,4,12,0.25915009462983046,1,1
TTAAGGATACGGAGGT-1,0.0,0,0,1.8572957723860326,4,18,0.0,0,0
GTGCGGGACCATCGGC-1,0.18631743673928203,2,2,1.8034113504991662,4,30,0.0,0,0
CCATCTTGTTCACAAT-1,0.3347572699213013,3,3,1.3358889154129252,4,13,0.0,0,0
TCCGAGAAGGCTAAGC-1,0.21088269503242482,4,6,0.6424729966189509,4,16,0.0,0,0
TGGCGGTGTGCGATTG-1,0.2604177497668173,3,3,1.8931255221758954,4,36,0.0,0,0
ATCCTGCTGCAGATAG-1,0.06439218083747807,2,2,0.2336347244818903,4,5,0.0,0,0
TTATGCGTCCCGGTCC-1,0.12284468621750227,1,1,1.162738477530099,4,10,0.0,0,0
CATAATGAGCGGGCGA-1,0.0,0,0,1.7686665405281676,3,44,0.0,0,0
AGACATAGATCCTTCC-1,0.0,0,0,1.3330128754432984,3,7,0.3983928290197203,1,1
AACTGGTGTGGGCCTT-1,0.0,0,0,1.437926537142865,3,6,0.0,0,0
GTAGCGCTGTTGTAGT-1,0.3598403441592128,1,2,2.0255151671042366,4,8,0.0,0,0
TTGTTTGTGTAAATTC-1,0.0,0,0,0.46658067778424145,1,1,0.0,0,0
GGATCAAAGGACGAGG-1,0.0,0,0,0.7399071808684539,2,2,0.0,0,0
CGTAGCGCCGACGTTG-1,0.0,0,0,2.355247494752579,4,9,0.0,0,0
CAAGTGAACTTTGGTT-1,0.0,0,0,2.0611969824470764,4,7,0.0,0,0
CAATGGTCGGCCTGGG-1,0.34612229361896635,1,1,1.8717642611829297,3,5,0.0,0,0
ACAGATTAGGTTAGTG-1,0.0,0,0,2.162345779431298,3,5,0.0,0,0
GTTATCACCTTCTGAA-1,0.3123696146989448,1,2,1.0904352196892462,2,6,0.0,0,0
TGGTATCGGTCTGTAT-1,0.44212025953180273,1,1,2.153861680566124,3,4,0.0,0,0
GGAATAACCTCAAGAA-1,0.3951766718373111,1,1,2.1009606014924986,3,5,0.0,0,0
CCGAGGGATGTTAGGC-1,0.0,0,0,2.436646141445249,3,6,0.0,0,0
TGAGATCAAATACTCA-1,0.0,0,0,2.1804288304899755,3,5,0.0,0,0
AAACGAAGAACATACC-1,0.0,0,0,1.6318451528810811,2,5,0.0,0,0
TGGAGCTAAAGTTCCC-1,0.0,0,0,3.648281366732588,4,16,0.0,0,0
GGGTGGTCCAGCCTGT-1,0.0,0,0,2.6442969046346634,3,12,0.0,0,0
CATGCATGGAGACCCT-1,0.0,0,0,3.5681921264449965,4,23,0.0,0,0
ACACGGCACTATGCAT-1,0.39429925208629135,1,1,3.232442114472906,4,11,0.0,0,0
CAATATTGGACTAGTG-1,0.08910471493182426,1,1,0.9807559971163813,4,11,0.0,0,0
CGTGCTGGCCTAGTCG-1,0.23424679283793717,3,3,0.1171233964189686,1,1,0.0,0,0
CCTGCGATAGAACTGT-1,0.16316101297544738,2,2,0.636313340637148,3,8,0.0,0,0
GGGTAATGCTGTGTTT-1,0.08838386014798925,1,1,0.35132783065769785,2,3,0.0,0,0
AACGCGAACGGCAACA-1,0.08908520592450891,1,1,0.771942483243,4,7,0.0,0,0
TGTCGGCATGGTGGAA-1,0.09158328580547276,1,1,0.5653154566966176,3,5,0.0,0,0
AGCGTACGAGAGCTAG-1,0.1098848542313467,2,2,0.6557465029693167,4,10,0.0,0,0
ATACTCTCGCCACTCT-1,0.24375570179856973,3,3,0.8638697900056047,4,10,0.0,0,0
AATCCATGCAAGGGTG-1,0.0,0,0,0.5723349745585253,2,6,0.0,0,0
TTAAACAGAGTCCCGC-1,0.16561790092181086,2,2,1.0092890678359576,4,12,0.0,0,0
CCACAGCTGAAATCAT-1,0.2851751816416328,2,3,0.6628684691673201,3,5,0.0,0,0
CGGTTCCGGCTTCTTG-1,0.0,0,0,1.0018071011379135,4,6,0.0,0,0
GACGTGAGACTCCATG-1,0.15460831544214845,2,2,0.4866634478260967,3,5,0.0,0,0
TCGTTGGCTCGTCAAT-1,0.10002283089017701,1,1,0.7971157908101438,3,7,0.0,0,0
GGTGAACGGGCTAGCC-1,0.15352825880490614,2,2,1.1346289806645715,4,16,0.0,0,0
GCACTGTGCAAATGTA-1,0.13564572420317392,2,2,0.9756346043766988,4,14,0.0,0,0
ACGAGAACCCATCACG-1,0.06125557131323665,1,1,0.8077651655446088,4,12,0.0,0,0
CCAGCTACGCCTCATA-1,0.09776334674869247,2,2,0.39534268071587586,3,7,0.0,0,0
TCCCGGTCAGGAATTT-1,0.06511626408708317,1,1,1.241991682847895,4,24,0.0,0,0
TCGCATTCAATGACTT-1,0.07442433420343002,1,1,0.7117801611449577,3,9,0.14884866840686004,1,1
CTGGTTCAACGCATCA-1,0.0,0,0,1.2822292262677333,4,10,0.0,0,0
GGTGATTTCATCTTGT-1,0.0,0,0,0.9371202240051723,3,6,0.0,0,0
CACCCTTTCCTCGCTC-1,0.25707062613221315,2,2,0.9260466959860508,3,7,0.0,0,0
CAACTTGTAGTGGGCA-1,0.0,0,0,1.311477213022965,4,12,0.23036782142466403,1,1
AATATCAAGGTCGGAT-1,0.1053400669963534,1,1,0.7379543384918955,3,7,0.0,0,0
ACTCAGACCTGCTTCT-1,0.11241795704093803,1,2,0.860623408501769,3,14,0.0,0,0
TTGGAGTCTCCCTTCT-1,0.2100925619015792,1,3,0.8824677401603871,3,10,0.0,0,0
GGATACTCATGAATTG-1,0.13163724679921893,1,2,1.789881737153984,4,36,0.15698101249589044,1,1
TGGGCACAAACAGAAC-1,0.14086170000168113,1,1,1.6669167874424247,4,16,0.0,0,0
GAGCCACGGTAGTAGG-1,0.1785201551339024,1,1,0.2677802327008536,1,1,0.0,0,0
TAACCGCCCGCAGTGC-1,0.5094940379311338,2,3,1.717746127818425,3,12,0.0,0,0
GCCTATTTGCTACACA-1,0.0,0,0,2.030317483300821,4,9,0.0,0,0
TTGACGATTCAGCACG-1,0.0,0,0,1.1249769492488109,2,6,0.0,0,0
TTAAACCGGTAGCGAC-1,0.0,0,0,1.5957832645017818,3,6,0.0,0,0
ACCGAAAGGGCCCTGC-1,0.2769428235393555,1,1,1.6074249839862969,3,7,0.553885647078711,1,1
ACGTTCCGCGCTCCGT-1,0.0,0,0,1.2233826358550712,2,5,0.0,0,0
CGGCTTTGTATGATAA-1,0.0,0,0,1.9522662914722562,3,5,0.0,0,0
CTTGACCCGAAAGATA-1,0.0,0,0,1.856905841342083,3,5,0.0,0,0
CGCAGAAACATTTGCG-1,0.39754404761188306,1,1,1.451450023986066,2,4,0.0,0,0
GACCCGTCGCCGGCTA-1,0.0,0,0,1.5551001372696476,2,4,0.0,0,0
CCCAACCACACTAACA-1,0.0,0,0,2.538100783227042,3,7,0.0,0,0
CACCGCCGACCAGCGA-1,0.0,0,0,1.6188432003069226,2,4,0.0,0,0
TGGTATCGCATCCCAA-1,0.0,0,0,2.4006031278891715,3,8,0.0,0,0
CAGAGTGATTTAACGT-1,0.0,0,0,2.5520344747869137,3,8,0.0,0,0
AACCCTGGTGGAACCA-1,0.0,0,0,3.323120785084484,4,15,0.0,0,0
GTCAGTTGTGCTCGTT-1,0.0,0,0,1.742891265535806,2,8,0.0,0,0
GCCAGGCGTTCGCATG-1,0.1713450104284908,2,3,0.2830266667076533,3,3,0.0,0,0
CAATGGAATCTACATA-1,0.03925920834215437,1,1,0.4831805182397658,4,10,0.0,0,0
ATGGCTGGAAATGGCC-1,0.10567373948792776,2,3,0.42814472329020914,4,9,0.0,0,0
CACATGTTTGGACATG-1,0.30319240407873393,2,3,0.35245047377149746,2,2,0.0,0,0
TTCGCATCCGGAAGCA-1,0.27120813999000193,2,3,0.3115642167176614,2,2,0.0,0,0
CCCTAGTGTCAGGTGT-1,0.24904578197962343,3,3,0.8373722912451655,4,9,0.16603052131974896,1,1
TTACCGCCTTAGGGAA-1,0.0,0,0,1.0287650122399896,3,15,0.0,0,0
CCAGTCCATTATTCGA-1,0.0,0,0,0.6402671413002102,3,7,0.0,0,0
CGTAAACGCTTGAGTG-1,0.2270517697754293,3,7,0.5494607722857725,3,13,0.0,0,0
ATTCCTTCCAGGCGGT-1,0.23446233292077556,2,3,0.853625639149769,4,8,0.0,0,0
TTCCTTTCTGTGTTGC-1,0.452331540145028,5,10,0.9442059461717086,4,17,0.0,0,0
AGTTGACATCGGCTGG-1,0.2796813045610064,2,7,0.7241451788961979,3,13,0.2228916165092879,2,2
AACTCGATGGCGCAGT-1,0.5635283687477554,4,19,0.2399185460062188,3,4,0.0,0,0
GATAAGGCAGATGCAA-1,0.14169427888209155,2,2,0.39314924708242943,3,4,0.0,0,0
GGCTGGCTAGCTTAAA-1,0.3473058196415624,3,4,0.7302629550477928,3,7,0.0,0,0
CCTCATGCAGCTACGA-1,0.0,0,0,0.4699653701907037,2,3,0.0,0,0
GACGCCTGTTGCAGGG-1,0.4132883936313541,4,7,0.6487323599012585,4,7,0.2474933006916257,1,2
TAATTAGATGGATATG-1,0.16615774606729583,2,3,0.459818061792802,3,6,0.0,0,0
GAGGGCATCGCGTATC-1,0.17183646924886053,3,4,0.42333525291471397,4,7,0.0,0,0
CTTGTGAGTCTTTGAC-1,0.33627228609063486,3,8,1.0500242262049309,4,21,0.0,0,0
TCAACACATTGGGTAA-1,0.38403522856749134,5,10,0.2651564202744859,3,4,0.18705845522309972,2,2
ACTGTATACGCGAGCA-1,0.3870032993316668,4,8,0.9706476660648404,4,19,0.11630684338259363,1,1
GTGAAACGTGCTCCAC-1,0.08789248761953354,1,2,1.0229500640828384,4,21,0.0,0,0
CGAGTGCTATAGTTCG-1,0.280107871086733,3,4,0.7975869932990537,4,9,0.0,0,0
GTACTGCATGAAGCGT-1,0.07564385942243279,1,1,1.9064294023924289,4,44,0.2549644315266523,1,2
GTAACTTGCGGCAGTC-1,0.34810195793463433,2,4,1.6505869183820012,4,19,0.0,0,0
GAATCGCCGGACACGG-1,0.3493859309960709,2,3,1.9542923690065492,4,23,0.0,0,0
GGGAGTAATGGCTGGC-1,0.5169070368027402,3,4,1.2633360090989765,3,11,0.0,0,0
CATGAACCGACATTTG-1,0.0,0,0,1.1686194907771499,3,7,0.0,0,0
TCTGTCATACAAGAGC-1,0.2384904605788469,2,2,1.9694607625648513,4,24,0.2384904605788469,1,1
GTCGTCAATTATAAGG-1,0.250858665820192,2,2,1.0289178651646245,3,9,0.0,0,0
TAAAGAGCCCGAAACC-1,0.0,0,0,1.2248141354339492,4,8,0.0,0,0
GTACTGAGGTCGTAAC-1,0.08464278155674067,1,1,1.4888956061923126,4,22,0.16928556311348134,1,1
AAAGACCCAAGTCGCG-1,0.0,0,0,1.417714014590604,4,12,0.0,0,0
CGTCAGTGCGCACAAG-1,0.14397713920875074,1,1,1.4505671845985213,3,13,0.0,0,0
TGTATCCTTATTCCAT-1,0.0,0,0,0.9097631697208115,2,3,0.0,0,0
ATTCTCGTCTCTTTAG-1,0.0,0,0,1.7672681568018327,3,6,0.0,0,0
AAAGTCACTGATGTAA-1,0.5525067039907308,2,2,2.354450746411434,4,10,0.0,0,0
TGTCTACAGTTTCTGT-1,0.0,0,0,1.6222317921380838,2,7,0.0,0,0
TTAACGTCGCAAGACC-1,0.3245471388112143,1,1,1.6152483050163549,3,4,0.0,0,0
CTATGTCTATTGAAAC-1,0.4326288453162305,1,2,2.448953204794372,4,8,0.0,0,0
ACAGCATAGAGCCAGT-1,0.0,0,0,1.4092878939024778,2,3,0.831034849840007,1,1
ATATTCCCACAGGTCA-1,0.0,0,0,2.2212265078434696,3,6,0.0,0,0
CACCATCGGAGGAGAC-1,0.45493216405480386,1,1,0.6823982460822058,1,1,0.0,0,0
GCACAAGTGTCGGAAG-1,0.0,0,0,2.1765865408782648,3,4,0.0,0,0
TACCAGCTAGGTTTAA-1,0.0,0,0,1.5020623693624857,2,3,0.0,0,0
ACGTACAGATTTCTCT-1,0.0,0,0,2.9756915114172013,4,6,0.0,0,0
AATTTGGTTCCAAAGA-1,0.0,0,0,1.421208435117183,2,5,0.0,0,0
GTAAGGATTTGTCGGA-1,0.0,0,0,0.615774697754192,1,1,0.0,0,0
CATCATCTACCCGGAC-1,0.0,0,0,2.2151012400722636,3,7,0.0,0,0
ACGATGGATCCGATGC-1,0.37965677339413423,1,1,3.3861381881389616,4,16,0.0,0,0
CACTCAGCTCTTGAGG-1,0.0,0,0,1.6955119755898678,3,5,0.0,0,0
GGTAAATGTGCGTTAC-1,0.34999429443916813,1,2,2.2089212934702465,4,11,0.0,0,0
GGAAGCTCGCTTACAG-1,0.0,0,0,1.4892366806283968,3,5,0.0,0,0
CACCGATACACCGAGC-1,0.0,0,0,0.8026711373246258,2,5,0.0,0,0
CAGCCGGGCCCTCTAT-1,0.16617524979452297,1,1,1.6497985016048429,4,10,0.0,0,0
CGGAGCTTATAACACC-1,0.10175406163845023,1,1,0.6201748516137546,3,5,0.0,0,0
ATTACAACTACCGGCC-1,0.1409754759762992,1,1,0.9315969723310161,3,7,0.2819509519525984,1,1
TCCTCTGGCCCATTAG-1,0.18559353329463268,2,2,0.8518019770548103,4,8,0.0,0,0
CGGCACCGTTAGCGCC-1,0.07278585402576676,1,1,0.8843903356011045,4,11,0.0,0,0
TCGGTCCCTGACTCCA-1,0.04839988994940848,1,1,0.5328764773178434,3,10,0.0,0,0
TGGTTGGAGGATCCTG-1,0.14908557984719004,2,2,0.5242419081287032,4,5,0.0,0,0
CTGCGGTAGTCACGTG-1,0.0,0,0,0.4610586629419424,3,6,0.0,0,0
GTGCCTCAGTGTACGG-1,0.18419197900633943,2,4,0.30914687892633463,3,4,0.0,0,0
ATCGTTCACTTTCGCC-1,0.10077052185001284,2,2,0.40059837901092565,3,6,0.0,0,0
ACTTACCGGGCGCGCA-1,0.15107929579147017,2,5,0.5502469871601064,4,13,0.0,0,0
AGTTCTGCGTTGTATC-1,0.34478150724032325,2,5,0.5897850850235296,3,5,0.0,0,0
ACCCTATAGGACTGAG-1,0.24510489468737232,2,3,0.5959602992506702,3,5,0.1858058464152624,1,1
TTAGATAGGTCGATAC-1,0.17116085133051814,3,3,0.6651017948924973,3,12,0.0,0,0
ATTGATAGCAACGAGA-1,0.12513026088942633,2,2,0.8146640373170919,3,14,0.0,0,0
TCTCGGCTCCAGGACT-1,0.09871991786953421,2,2,0.3941505351431515,2,7,0.0,0,0
CTTGAGGTTATCCCGA-1,0.1628114566221214,2,3,1.26679847741595,4,24,0.0,0,0
AAGAAGGATCAGTTAG-1,0.0,0,0,0.40380261226841846,3,9,0.0,0,0
GTACGACGGCGCTGCG-1,0.22524483230676992,3,4,1.2990574541012523,4,29,0.0,0,0
CTTATGTTGACTACCA-1,0.0,0,0,0.8544451759593763,3,11,0.0,0,0
CGGCACTCAAGAAAGT-1,0.2335249681225009,2,3,1.671288746321153,4,28,0.0,0,0
GTCAAAGTTTACATAG-1,0.3468738605322159,3,3,0.7493984102233544,2,7,0.46249848070962124,2,2
CTCCTAAGTTATGTCT-1,0.14601227182187934,2,2,1.7235806574521049,4,39,0.0,0,0
ACTGTGCTAGTAGATC-1,0.16499871151099996,2,2,1.0063965016297678,4,12,0.16499871151099996,1,1
GTTTGGCCGCTCAGCG-1,0.1770193051274218,2,3,1.7483862502943033,4,42,0.13029955478011868,1,1
TTATCCAATCGAACTC-1,0.0,0,0,1.4836643383353976,4,14,0.0,0,0
CCGTACCCAAGCGCCA-1,0.16740598780083246,3,3,1.0262157188055343,4,20,0.11160399186722164,1,1
CATACAAAGCCGAACC-1,0.08713551622227556,1,1,1.0853589337418326,4,13,0.0,0,0
GGTCGGTAATTAGACA-1,0.4142829847124412,4,10,0.6350775056685638,3,13,0.0,0,0
AGCGGGAAGGGTCCAT-1,0.09828254019000045,1,2,0.31627360857262093,3,4,0.0,0,0
GCCCACCAAGGCTGTC-1,0.2725900893894563,2,7,1.0036268977966898,4,21,0.0,0,0
GTAGACGTCGTTACAT-1,0.2884053616659869,4,4,0.5078535850969047,4,5,0.0,0,0
GAGCATCATCCCTGGG-1,0.18793892666845602,2,3,1.931641686729315,4,52,0.0,0,0
AGGTAACCTCCTATTC-1,0.0,0,0,2.1941866138156016,4,32,0.0,0,0
GGTTTGAGTGCTGGAA-1,0.0,0,0,1.1781525826389168,3,7,0.0,0,0
GCACTAGTCGCGCTAT-1,0.0,0,0,2.3712873367700342,4,27,0.0,0,0
GGTAACTATGTATCTG-1,0.0,0,0,1.0448550205279146,3,8,0.0,0,0
GCGGTCCCTAGACGCA-1,0.3212280243801298,3,3,1.5316917606726885,4,21,0.0,0,0
CGAGCGTTGATCAGCC-1,0.0,0,0,0.7258690171625222,2,9,0.0,0,0
AATCCAAGGGCCTGAG-1,0.0,0,0,2.0519993556521254,4,33,0.0,0,0
CCGTGCCCATGACGGC-1,0.14907039196486635,1,1,1.3452858668014107,3,11,0.0,0,0
GAAATTCACATCGCTG-1,0.0,0,0,2.4092533458106318,4,46,0.0,0,0
CTCTGCGAAGCAAGCA-1,0.22723551633759598,1,1,1.4397877292265304,3,6,0.0,0,0
AGTAGGTAACATACAT-1,0.7748784123385596,3,4,1.6836511747165273,3,9,0.0,0,0
ATTGGGAATATCTTGG-1,0.0,0,0,1.2546050855824458,2,5,0.0,0,0
TAGAGCTACGAAGAAC-1,0.0,0,0,1.72793919550503,3,9,0.0,0,0
TGCGGCATAGTTCAAC-1,0.327501325285317,1,1,1.1376272942145498,2,3,0.0,0,0
TAGTTTATTCTTGCTT-1,0.3448065333750563,1,1,1.5516294001877533,3,3,0.6896130667501126,1,1
GATATCTCATGCAATA-1,0.0,0,0,1.1601378479138122,2,3,0.0,0,0
CGTTTAAGCGGAGCAC-1,0.0,0,0,1.1134617277031513,2,2,0.0,0,0
CATGCTGGCTCCAATT-1,0.0,0,0,0.5646316617898091,1,1,0.0,0,0
GAAACAGCCATGCAGT-1,0.0,0,0,1.3908620032104997,2,5,0.0,0,0
AGTTTCGCAGGTCGGA-1,0.0,0,0,2.165483944160252,3,5,0.0,0,0
CTCATGGCTCACAATC-1,0.0,0,0,1.187294186709457,2,2,0.0,0,0
AACCGTTGTGTTTGCT-1,0.0,0,0,0.5976635278854527,1,1,0.0,0,0
ACCCTTCATCTGCGAA-1,0.0,0,0,1.4270914458697537,2,5,0.0,0,0
TGCGGTGAAATTTCAT-1,0.659974882799235,2,2,2.6638245849695177,4,10,0.0,0,0
CAAATTGTCAGCAAGC-1,0.0,0,0,0.6985371363948223,2,3,0.0,0,0
GAGGTACATCCATCTT-1,0.0,0,0,2.050140435534875,3,10,0.0,0,0
TCATCCCAGAGGGTGG-1,0.0,0,0,1.6766535683927697,3,8,0.0,0,0
GAAACTCTAATGAAGG-1,0.0,0,0,1.1839348015340343,2,10,0.0,0,0
TTCAAGCCGAGCTGAG-1,0.20618231828143907,1,1,1.7294261234937167,3,13,0.0,0,0
AGGTACGATATTGCCA-1,0.0,0,0,0.9079569197479302,2,7,0.0,0,0
TTAAGCCGACAACTTC-1,0.23276364918617673,1,1,1.7003705875112334,3,13,0.0,0,0
GTCTTAGTACAGCCGG-1,0.20202575665146438,1,1,1.9412442277481643,4,12,0.0,0,0
TGGGTAAGGTTCCCGC-1,0.24400560466191898,1,1,2.246474023081025,4,14,0.0,0,0
CTACGCCATTTCCGAT-1,0.0,0,0,1.696397261251335,4,7,0.0,0,0
GACCGTCAGGTCGTGA-1,0.0,0,0,2.118166639370569,3,17,0.0,0,0
TAGTTAAGATAGGATA-1,0.2427781277214611,1,1,2.02651936929106,3,13,0.0,0,0
GAATATTCGGAGTCCC-1,0.22285943696836127,1,1,2.2651904633470474,3,27,0.0,0,0
CAAACTACGATAGAGA-1,0.1680874530035644,1,1,2.0242428629470375,3,32,0.0,0,0
CAGGAAGACTTTATAT-1,0.6054477427518892,2,4,1.7846261774518288,4,9,0.0,0,0
TTCGTAATCCCAGCGG-1,0.0,0,0,1.8515243374955905,3,25,0.2928025075417989,1,1
GTGAGGAGCGGTTGAG-1,0.17420178898042563,1,1,1.7392881779215856,4,12,0.0,0,0
CAATCCCTATACCAGC-1,0.2419274594419454,3,3,1.1772871729229881,4,16,0.0,0,0
AGGGAAACGAGGTACT-1,0.29974251365178156,4,5,0.9625787912990739,4,16,0.0,0,0
TCCTGCCAACTGGAGA-1,0.2670240622443725,3,5,0.6066404949096613,2,11,0.0,0,0
AATTTGGGACATAGTA-1,0.3628171697109422,3,6,0.708414825125045,4,8,0.0,0,0
AACTCCTAATCCCATG-1,0.056264084543070136,1,1,0.6941643028604052,3,13,0.0,0,0
GCTCATTACTGCATGT-1,0.12583768331771975,2,2,0.6086980551246968,3,9,0.0,0,0
TCTCGAACGAGGTCAC-1,0.22499176292929865,2,3,0.2537308693105785,2,2,0.0,0,0
TCACTACGACCAATGC-1,0.20683346125630941,3,5,1.0577277691637663,4,26,0.1615879292573086,1,2
AACTTGCGTTCTCGCG-1,0.2238023826751815,3,4,0.5437529720512643,4,7,0.0,0,0
AATGAGTTCGCATATG-1,0.2444750166319585,1,3,0.9888896327746255,3,9,0.0,0,0
CGAGGCCAGGCATTGG-1,0.04854754744001721,1,1,0.4333774409906649,3,7,0.09709509488003441,1,1
TCTGCGTCCGGTTTCT-1,0.32318069733081894,1,2,0.6901620970666934,2,2,0.0,0,0
CAATCCTGCCGTGGAG-1,0.0,0,0,1.2406244405049247,3,18,0.203367254193508,1,1
CTGAGCAAGTAACAAG-1,0.16250551589314824,1,1,0.8523161856391409,3,4,0.0,0,0
GGGTACCCACGGTCCT-1,0.2239867492648114,4,5,0.560375499004006,3,12,0.09372511646194827,1,1
ACGGAATTTAGCAAAT-1,0.22074999821799798,2,3,1.5431438863488742,4,25,0.0,0,0
GGGCGGTCCTATTGTC-1,0.12068292973990301,1,2,0.9619737410362199,3,16,0.0,0,0
ATGTTACGAGCAATAC-1,0.14624661007841447,2,2,0.8773932684026196,4,11,0.0,0,0
AACCATGGGATCGCTA-1,0.0,0,0,0.4942872974850442,3,4,0.0,0,0
TCGCATCCCTAAGTGT-1,0.0,0,0,1.2031349801299047,4,12,0.0,0,0
ACTTAGTACGACAAGA-1,0.3435789323584168,2,3,1.0149483116801243,3,7,0.0,0,0
GAGCTCTCGGACCTAA-1,0.20386850298197987,1,1,1.4044560870314635,3,7,0.0,0,0
TCTATTACGCTGGCGA-1,0.0,0,0,1.5029095075610912,4,8,0.0,0,0
AGATACGACTTCATAT-1,0.17968457606344967,1,1,1.061917450480271,3,5,0.0,0,0
CGCTATACCGCCCACT-1,0.1089680559433494,1,1,2.028537669180337,4,33,0.0,0,0
CAGTGTCCGCAGAATG-1,0.192568685220725,1,1,1.693685291301637,4,11,0.0,0,0
CCATCCATACCAAGTC-1,0.1086809489603619,1,1,2.0399759126718324,4,31,0.0,0,0
AACCCAGAGACGGAGA-1,0.17718578908470026,1,1,1.4122075968814753,3,10,0.0,0,0
GAAGAACGGTGCAGGT-1,0.2578398681805936,1,2,1.8581222209830017,4,12,0.0,0,0
GATAAATCGGTGGATG-1,0.2777174138037756,2,2,2.285697093916654,4,28,0.0,0,0
CAGCTCGTGCTTGTGT-1,0.2724637644809235,2,3,1.56064547546323,4,20,0.0,0,0
GAGTACGGGTATACAA-1,0.15206806527061864,1,2,1.7497966526344924,4,27,0.0,0,0
CATCGCCCGCGGCCAA-1,0.14931299583611915,1,1,1.500483494509755,4,13,0.0,0,0
TCTTACAGAGGTACCG-1,0.10243148988022897,1,1,1.4844839250751214,4,20,0.20486297976045795,1,1
TGGAAGACGAACACCA-1,0.2196627539162088,2,2,1.987639751879782,4,30,0.0,0,0
GTTGTCGTGTTAGTTG-1,0.0,0,0,1.0563796787981465,3,7,0.0,0,0
CCAAGGAACAGAGAGG-1,0.25469859130628797,2,2,1.1598197570990973,4,8,0.0,0,0
CTGCACCTGGAACCGC-1,0.0,0,0,0.5865739666768757,2,4,0.26717749630692195,1,1
CGCTTTCATACCGGTG-1,0.10358145494291603,1,1,0.9342598207010876,4,8,0.0,0,0
GTTCTTCCCTCGATGT-1,0.19355274135235315,2,3,1.1739427701513034,4,18,0.0,0,0
ATTTAACTCGTATTAC-1,0.0,0,0,1.4290834482270447,3,8,0.0,0,0
AACGATAGAAGGGCCG-1,0.5158317161525953,3,4,1.4500520020871186,4,11,0.0,0,0
TATCCTGCATGGGAAT-1,0.22121676881958818,1,1,1.1331996238601207,3,4,0.0,0,0
AGGCCCATTGTACAGG-1,0.0,0,0,1.0260210266147438,2,6,0.0,0,0
ATCTGTAATTGTACCC-1,0.0,0,0,1.5367509268838635,3,4,0.0,0,0
GAGCGAGGGAGTACCG-1,0.0,0,0,1.0463837119567545,2,2,0.0,0,0
TTATTAGGGAAGCATC-1,0.35938923032690445,1,1,1.3949330158780098,2,4,0.0,0,0
CTTCTTACGTCGTATA-1,0.0,0,0,2.2131268993997364,3,5,0.8671776847833716,1,1
GAAGTGCTGGATAGCT-1,0.3219131098672881,1,1,1.2149887145268612,2,4,0.0,0,0
GTGCAACAAATGTGGC-1,0.0,0,0,1.649512840750765,3,4,0.0,0,0
CATGCGTTAGACAGAA-1,0.3319757708509956,1,1,0.6535855281977783,1,2,0.0,0,0
ACACACTTTCTACACG-1,0.0,0,0,0.5510918662121499,1,1,0.0,0,0
ATTAATTCGGTCACTC-1,0.3098281869623522,1,1,1.3979929447942725,2,6,0.0,0,0
CTCTGTTTGAGGATTC-1,0.0,0,0,0.6272757788878088,2,2,0.4181838525918726,1,1
TGGGCACGTTCTATGG-1,0.0,0,0,1.878413075100743,3,9,0.0,0,0
ACTATTCGTCCGTGGT-1,0.0,0,0,0.7096463646354843,2,4,0.0,0,0
CCTCTGGCCTAGACGG-1,0.4837897748421633,2,3,1.7330129837277244,4,9,0.0,0,0
CCATAAACAACCCGAC-1,0.36767724714059885,2,2,1.7145256988747373,3,15,0.0,0,0
CATAGTACATTGAGAG-1,0.0,0,0,2.5784035514562715,4,15,0.5435227735736049,1,1
ATTTCATTATTTCGCG-1,0.2778105946914372,1,1,2.4786260840696994,4,15,0.0,0,0
CAACTATATCGAATGC-1,0.0,0,0,2.029310984693925,3,18,0.48147320851777375,1,1
CTAGTATTCGGAATTA-1,0.48438142176962123,2,2,1.9047981102672427,3,15,0.0,0,0
GTGGAACCTACATGCG-1,0.3164040780872961,1,1,1.568006960245744,2,8,0.0,0,0
CCTAAAGGCTGACGCT-1,0.0,0,0,2.631722605577653,4,43,0.0,0,0
CGTGACATTGGGTCGT-1,0.17854117906708802,1,1,1.760098277441928,3,17,0.0,0,0
CCAATCGGTAGATCGA-1,0.33381084033046426,1,2,1.2188686513429725,3,4,0.0,0,0
ATTGTCGCAATACCTT-1,0.1916791076126297,1,1,2.472858490551269,4,34,0.5569608003200833,1,2
AAATTACACGACTCTG-1,0.1825041997221919,1,1,1.990790225826044,4,16,0.3650083994443838,1,1
CACTCCTCTCGGTCGG-1,0.3919078773095573,2,3,1.6217205507565056,3,17,0.0,0,0
AAATAACCATACGGGA-1,0.09580984088832144,1,1,1.7597105343187724,4,27,0.0,0,0
AGTTACTCTATCGTGG-1,0.0,0,0,1.6965348223156356,4,15,0.27281109472781984,1,1
CGTTAGCTCACAACTG-1,0.29239017025964414,3,3,0.8890073627127913,3,10,0.0,0,0
GAATGTATGGCAGGTC-1,0.1636336136794657,2,3,0.8207386216695955,4,13,0.0,0,0
GCAACCACCAGACCGG-1,0.27354901584107705,2,6,0.4432252203409874,2,6,0.0,0,0
TCACTCGTGCAACGGC-1,0.5429630990824287,5,7,0.9426063865515061,3,11,0.0,0,0
AAACAGAGCGACTCCT-1,0.2668419052417439,2,5,0.5385604012792191,3,6,0.0,0,0
CAGCCTCTCCTCAAGA-1,0.3647438522838247,2,2,1.433229021742568,4,7,0.0,0,0
TTGCGTGAACGCTTAG-1,1.0493137996379207,5,28,0.8646414563968917,3,15,0.44984017343241006,2,4
CCGCCTGCGAATTGGT-1,0.22461928212421087,3,3,0.6189935250039283,2,9,0.2527030595421892,1,2
AGATGAGGGTTGCGAT-1,1.062435243029349,5,17,0.9125148468072246,4,8,0.20142852681646117,1,1
AAATGCTCGTTACGTT-1,0.0,0,0,0.9605546903739953,2,3,0.0,0,0
CATTTCTAGCAGACTA-1,0.0,0,0,1.819165484085572,4,8,0.0,0,0
CCGAAAGTGGTGAGCA-1,0.0,0,0,1.5903921763758944,4,11,0.0,0,0
AGTCAGCCACCGCCTG-1,0.13598209822050472,1,1,1.1140282241460788,4,7,0.0,0,0
TCATCACTCGAGCTCG-1,0.0,0,0,0.9476905164590322,3,7,0.0,0,0
CTCAGGACTCACCTGT-1,0.0,0,0,1.1817873992830168,3,7,0.0,0,0
CGGTGTACTTGATCCC-1,0.1351550360360548,1,1,0.9213884042860886,4,5,0.0,0,0
CCTACGGCTCAGTCGA-1,0.43958353138195566,2,3,0.4761404346045498,1,3,0.0,0,0
GTACTTGGGCACTTCT-1,0.16935149204066888,1,2,0.8932311427634585,4,7,0.0,0,0
TGATTTCCTCCTGACG-1,0.0,0,0,0.9157615288893068,3,3,0.0,0,0
CCTCACCAATCTTGAC-1,0.14086170000168113,1,1,1.3332941998452008,3,12,0.0,0,0
GGTGAGATGCAGATAA-1,0.15925828313316173,2,2,1.0292190310895941,3,16,0.0,0,0
GCTAGTTTCATTGAGG-1,0.3920397868592322,3,4,1.1890777426118133,4,12,0.0,0,0
AGGACATCGCACGTCG-1,0.1483053090789504,1,1,2.8143878312369437,4,46,0.2966106181579008,1,1
GTGGACGTGCTGAGAC-1,0.1811040441193691,1,1,1.4540361689346795,3,11,0.0,0,0
TAAGGAACTTGTGGGA-1,0.12676990471637814,1,1,2.5284749465179934,4,46,0.0,0,0
TCGCTGTGCGTAAATC-1,0.20188767295747287,1,1,2.220077679269834,4,17,0.0,0,0
GCATCCCTAACTTTGA-1,0.26609795587195134,2,2,2.5004034191938995,4,40,0.0,0,0
CACCCACACGTCACCC-1,0.4342564407058041,3,4,1.7738633184074428,4,24,0.0,0,0
CCCTCATTCTGGAATT-1,0.11733697067234983,1,1,1.7572295927142954,4,25,0.0,0,0
AGGGCGTGATCGGCTA-1,0.1256871181019795,1,1,1.5299143155398651,4,15,0.0,0,0
GGTGCGGATAAGTGGC-1,0.24290945870939604,2,4,1.1142012773948249,3,20,0.0,0,0
TAATATTGAAATTCGC-1,0.4911753811623824,4,5,1.0021469069353977,4,9,0.0,0,0
CTTACACTGGGAAATA-1,0.142485424936352,1,1,1.5574874650447228,4,13,0.284970849872704,1,1
ACCAAGAACGCGTGTC-1,0.1794291042326055,1,1,1.2278865396208576,3,7,0.0,0,0
GCCTTCAGCCCTACCG-1,0.0,0,0,1.2043549827613977,4,15,0.0,0,0
GATGCTACAAGCGCCT-1,0.0,0,0,1.086224204074677,3,7,0.0,0,0
CCGGGACCCGCAGAGA-1,0.043829539984009486,1,1,0.7887460782897414,4,17,0.0,0,0
GTTCCAGTCTGACCAT-1,0.18634169521526803,1,1,1.1147897578385253,3,6,0.0,0,0
ATGATCGGGAATAGAC-1,0.0,0,0,1.1835618070658085,4,6,0.0,0,0
TTGGATTGGGTACCAC-1,0.29200927328510284,1,1,1.464653469034528,3,4,0.0,0,0
TACCTCACGCTTGTAC-1,0.0,0,0,1.0765784787169768,2,3,0.0,0,0
ATGACGCCGGCTCTAA-1,0.0,0,0,1.6814244636793583,3,4,0.0,0,0
AGTAATGTCTTGCCGC-1,0.9392160177201306,3,3,2.126220438179897,4,6,0.0,0,0
ACGCCAGATGATTTCT-1,0.31113079569247853,1,1,1.7694375042678092,3,7,0.0,0,0
AGCTATTTAATCCAAC-1,0.29676620914310275,1,1,1.9318759676770019,4,5,0.0,0,0
CCACGAGAAGAGAATC-1,0.0,0,0,2.4384330645045442,4,12,0.0,0,0
GATTCCGCGTTTCCGT-1,0.0,0,0,2.4975574326548524,3,16,0.6470418169773257,1,1
GTCGGATGTAGCGCGC-1,0.2568500223868965,1,1,2.3700172934227646,3,31,0.0,0,0
TATTTATACCGAGTAG-1,0.5783101815608951,2,2,3.181032968762125,4,35,0.0,0,0
GTAGGTGATCCGTGTA-1,0.6225699252910367,2,2,1.7701638808352438,3,7,0.0,0,0
AGTTAAGCGGTCCCGG-1,0.0,0,0,1.747835878049399,3,4,0.0,0,0
CTGGCGACATAAGTCC-1,0.4324982058186639,2,3,2.0937595564150513,3,34,0.8649964116373278,2,3
TTGGCCTAGAATTTCG-1,0.5259240683564257,3,4,1.868819989404462,3,25,0.45396644109912493,1,2
GGCATATCGGTTCTGC-1,0.0,0,0,2.4201880620929703,4,35,0.0,0,0
GGGCGTCCACTGGCTC-1,0.16118029680378712,1,1,2.097838548503909,4,32,0.32236059360757424,1,1
TTACCCATTGCCGGGT-1,0.08001489950952868,1,1,1.2736881473766655,4,23,0.0,0,0
TTAGACACGATCGTTG-1,0.0,0,0,1.5225587172336845,3,18,0.0,0,0
GCGCTGATCCAGACTC-1,0.09040692101386039,1,1,1.542130775206431,4,25,0.18081384202772077,1,1
TTCGGCAACCCGCTGA-1,0.3484847652255921,2,3,1.708865475611205,4,16,0.0,0,0
GATATTTCCTACATGG-1,0.0,0,0,1.25688801943028,4,15,0.0,0,0
CTGCGTTACGATATAA-1,0.38706782195792505,4,7,0.5828490856789674,3,8,0.0,0,0
TAATAAACAAGGAGAT-1,0.1477361036488766,3,3,0.7404897921001277,4,13,0.19698147153183546,2,2
AACCTTTACGACGTCT-1,0.21473027643530893,2,3,0.4641570924764757,2,5,0.0,0,0
AGTCCCGCCTTTAATT-1,0.36937033254210655,3,5,1.1288056298610654,4,12,0.17903286894153603,1,1
TGAGATTAGGCCCTAA-1,0.1382008578871809,2,2,0.44047091852453285,3,5,0.0,0,0
AGTGTATTGCGCATTG-1,0.30127703158946917,3,4,0.4398932438504246,2,5,0.0,0,0
GTTGGATTCAGTGGCT-1,0.14740930211118305,1,1,0.8942838526716973,3,5,0.0,0,0
TAAAGCTGCAATAGGG-1,0.30816697424039224,4,7,0.7105577589110208,4,12,0.0,0,0
AGTAGGAAGGAAGTTG-1,0.27841940462981124,3,4,0.6678130064002084,4,7,0.15108542721920185,1,1
TATCACTTCGAGTAAC-1,0.6927123055238229,4,9,0.5372076537250532,2,4,0.4806781309340886,2,2
ATAATAGTGTAGGGAC-1,0.0,0,0,0.32965276707793467,1,3,0.0,0,0
ATATTGCTGTCAAAGT-1,0.38935592955282533,3,5,0.23277306333517195,1,2,0.0,0,0
TATACACGCAAAGTAT-1,0.0,0,0,0.3750859542182926,2,3,0.0,0,0
CCTTCTTGATCCAGTG-1,0.26990539227523447,1,1,1.361797019590966,3,4,0.0,0,0
CCTCGCCAGCAAATTA-1,0.3071149347950603,1,1,2.3361980774093145,4,8,0.0,0,0
TTCATGGCGCAACAGG-1,0.0,0,0,2.176286416784341,3,10,0.0,0,0
TTAATCAGTACGTCAG-1,0.9675091391373165,3,3,2.0722732981256455,3,9,0.0,0,0
CCTATCTATATCGGAA-1,0.33316554215656347,1,1,3.0167438582276414,4,16,0.0,0,0
ATTATACTTTGCTCGT-1,0.0,0,0,3.146644216070838,4,113,0.0,0,0
ATGGATCCGGCGTCCG-1,0.0,0,0,2.57397246493664,3,31,0.0,0,0
CGCCCGCTTCCGTACA-1,0.0,0,0,2.0406598088416326,3,22,0.0,0,0
GGATTCCGCTATACCC-1,0.0,0,0,1.921003701681618,3,14,0.0,0,0
CGGTCTATCAACCCGT-1,0.0,0,0,1.9008333554524621,3,22,0.0,0,0
ATGCCGGTTGATGGGA-1,0.3867342921214887,2,2,2.522130344204789,4,24,0.0,0,0
TCATGCAGGTTCTCAT-1,0.12156119512515694,1,1,1.249331039114357,3,15,0.24312239025031387,1,1
TGAGCTTTAATGACGC-1,0.10523693346649814,1,1,0.48090935442653926,2,4,0.0,0,0
TCCCTTAGATTACTCG-1,0.09175908500797499,1,1,0.9971239073613791,4,10,0.18351817001594997,1,1
ATATCTCCCTCGTTAA-1,0.3170595267007472,4,6,1.1233608935559354,4,23,0.0,0,0
AGCTCTTCCCAGTGCA-1,0.13783737692162867,1,2,1.0033104856209856,4,13,0.0,0,0
TCGCTAAACCGCTATC-1,0.0946250479522917,2,2,0.44951445749258756,4,7,0.0,0,0
CACATTCTTTCGATGG-1,0.05836738926699231,1,1,0.3787300758137242,3,5,0.0,0,0
GATATGCGGTAGCCAA-1,0.12018426903132291,2,2,0.9555811867096623,4,16,0.12018426903132291,1,1
CGTTTCACTTCGGGCG-1,0.34228675664052655,4,5,1.327850940995334,4,23,0.14586295472410413,1,1
CCAATTACGGGTCGAG-1,0.324997943948714,3,4,0.9554150424943402,3,11,0.0,0,0
GCAGGTAGAGTATGGT-1,0.8097285547704366,6,14,1.5103686911240801,4,24,0.5052835870600197,2,4
GTCGTATTGGCGTACA-1,0.2857959583379227,2,4,0.4518564396284615,2,4,0.0,0,0
GAAATTAGCACGGATA-1,0.5472941664076312,3,12,0.9312298742008875,4,12,0.1453717577926449,1,1
AATGCACCAAGCAATG-1,0.16189096984243773,1,3,0.3273184984557619,3,3,0.0,0,0
AGGACGCTCGATGTTG-1,0.10936819173349632,1,1,0.49215686280073345,3,3,0.0,0,0
GGCTAAAGGGCGGGTC-1,0.0,0,0,0.6591329386939193,3,8,0.0,0,0
CATCTATCCCGTGTCT-1,0.10704042507532181,1,1,0.6483541526886551,3,5,0.0,0,0
CCCGACCATAGTCCGC-1,0.0,0,0,1.5295252758169378,3,4,0.0,0,0
CGCGCCCGACTTAATA-1,0.0,0,0,1.954267892891926,4,8,0.0,0,0
TGCCACCTGGCGAAAC-1,0.0,0,0,1.6164384494354398,3,4,0.0,0,0
CTGCCAAGGTTGGAAG-1,0.9992307322450698,3,9,2.126151736314729,3,24,0.0,0,0
TCTCCAACGTAGGTTA-1,0.3124474593768148,1,1,2.655347133707365,3,23,0.0,0,0
TTCTTGGAGTAATGAG-1,0.5023238323897293,2,3,2.776625149515212,4,27,0.0,0,0
GTCTCGATCTGCTTTC-1,0.2892191908257154,1,1,1.6402028911921955,2,11,0.0,0,0
TACTCTCCGAACAAAT-1,0.2054045146402034,1,1,2.6732229785671633,4,27,0.0,0,0
ATCACATTAGAATATC-1,0.2228249298990301,1,1,1.5200914897157634,2,15,0.0,0,0
TACGGGATGCTAGCAG-1,0.0,0,0,0.6132478354034352,2,3,0.0,0,0
AGCTGAAGTAAACCAA-1,0.38186083096538465,4,6,1.0489721758897814,4,15,0.0,0,0
CATGGGTCGGGTGTGG-1,0.0,0,0,0.6191709136989132,3,11,0.0,0,0
CACCCACGAGGCAATT-1,0.12780069654428414,2,2,0.8583019636621263,4,13,0.0,0,0
TGCCATTACTAAAGAA-1,0.0,0,0,0.8383667806700453,4,14,0.11353817151520394,1,1
CCGTTACGTTAGAACA-1,0.05212437805449518,1,1,0.6620977501444523,4,11,0.0,0,0
GCCAGGAGTAACCGAT-1,0.1771175214259065,2,5,0.7724413202139802,4,16,0.0,0,0
GGAAAGTGCCCATGCC-1,0.13690158347880263,2,3,0.7472519005227666,4,14,0.0,0,0
TCTTACCGGAACTCGT-1,0.1930457729229802,2,2,0.8268104397406633,3,8,0.0,0,0
TATGTCAAGACCGACT-1,0.1192585026962966,2,2,0.5468402615465271,3,8,0.0,0,0
CCTAACTAAGGCTCTA-1,0.05960554221038903,1,1,0.7440822149742408,3,12,0.0,0,0
GCGGTGAACTGCGCTC-1,0.27795165280863376,4,6,0.8431557209578271,4,16,0.0,0,0
CCTCGCGCGATATAGG-1,0.15133973458250768,1,4,1.28856386813115,4,32,0.0,0,0
ATCGGCAAGCAGTCCA-1,0.5217905465768756,4,7,0.3484993802659525,2,3,0.0,0,0
AGATCGTGCATAAGAT-1,0.33998148851983473,3,6,0.7476239194966823,4,10,0.13223166032840553,1,1
ATTCAGGACCTATTTC-1,0.1550035741456721,2,2,0.8082153114374371,3,12,0.0,0,0
AGCTAGAAGCAGAAGT-1,0.38616660155099325,4,8,1.062799771918695,4,22,0.1130715387142628,1,1
TTCGCTATCTGACGTG-1,0.0,0,0,1.4037264564590208,3,26,0.0,0,0
TTCCGCAGAGAAATAT-1,0.12084055513217046,2,2,0.3000337372639055,2,4,0.0,0,0
CAGTACATTCTCTAAA-1,0.11408508047122563,1,1,1.052788009275096,3,11,0.0,0,0
GTGAAGATTTCAAGTG-1,0.2845582381793339,3,5,0.33072570501044546,2,4,0.0,0,0
AGGTTGAGGCACGCTT-1,0.26560455106790964,1,1,0.796813653203729,2,2,0.5312091021358193,1,1
TCCCGTCAGTCCCGCA-1,0.25123192716392545,1,1,1.0548543618815853,2,5,0.0,0,0
TCCGATGACTGAGCTC-1,0.2752837289478907,1,1,1.5349639413337672,3,5,0.5505674578957814,1,1
CAGCCTCCTGCAGAGG-1,0.2084077298172168,1,1,0.7598756594961746,2,3,0.0,0,0
CTTAGCCTTCCACATG-1,0.5091346004756663,2,2,1.05282292853455,2,4,0.0,0,0
ATTAATGAACCAGTCG-1,0.21374450558185187,1,1,1.0916005003079923,2,9,0.0,0,0
ACGATACATAGAACTA-1,0.9078995932592172,4,5,2.147296477637655,4,15,0.0,0,0
AGCCACTCCCGTGCTT-1,0.3564389400964781,1,2,1.8477483121339082,4,6,0.5189543278963158,1,1
ATACGGGTTTCGATTG-1,0.0,0,0,0.891588078430215,2,3,0.0,0,0
CTGTCAAATGGCTCGG-1,1.0808244795602155,4,7,1.8436946829587488,4,9,0.0,0,0
GCTCGGAATTTAAAGC-1,0.671239134908256,3,4,1.2988030550142953,4,5,0.3892591368692148,1,1
TAGGCATGTTACGCCA-1,1.057039926301381,3,8,1.591106107396721,3,9,0.47070486805963263,1,1
TGGCAACTCGCGCGCC-1,0.2183417080524794,1,1,0.7920834373335657,2,3,0.0,0,0
ATCAGTAGGCAGGGAT-1,0.189016424495373,1,1,2.204710370859224,4,19,0.0,0,0
TATCGATCTATGCATA-1,0.8474815855806739,4,8,1.3909782700547848,3,12,0.2844284042527648,1,1
CGACTCAGGATGTTAT-1,0.5343759765642838,3,4,2.273356372762633,4,30,0.0,0,0
GCCATATTGCACACAG-1,0.48513590682443736,2,4,1.6987873753768237,4,11,0.0,0,0
AATTCATAAGGGATCT-1,0.45124954036174997,2,2,1.1540311427581305,3,4,0.0,0,0
CGGTAGAGGTGCAGGT-1,0.0,0,0,0.7699647954945218,3,5,0.260577573301588,1,1
AATGATGATACGCTAT-1,0.4696898381449843,2,2,0.985948480968184,2,4,0.0,0,0
CTTGTGCTCACCGATT-1,0.14724258203017665,1,1,1.3722075017032866,3,14,0.2944851640603533,1,1
TTCCAATCAGAGCTAG-1,0.0,0,0,2.330070389562408,4,14,0.9415663165781489,2,2
CGATGGACCCTACGCC-1,0.5412031396702327,4,5,1.4091685119814876,4,14,0.0,0,0
GGTCGGATAAACGGCG-1,0.25682094578159576,2,2,1.9037345861582442,4,24,0.25682094578159576,1,1
TTAGCTAATACGATCT-1,0.4562030290459271,3,5,0.913736221969147,2,11,0.0,0,0
CTCGATATTTGCGAGC-1,0.4303403670390756,2,3,1.443925138470988,3,13,0.3471728616959984,1,1
ATTACTTACTGGGCAT-1,0.0,0,0,0.8818025348719382,4,13,0.2823529607695144,2,2
CTAGCCGATGTTATGA-1,0.5777644517238498,4,5,1.7320961246279247,4,17,0.2533174553395786,1,1
TACTGCAATCAATTAC-1,0.061559907732648515,1,1,0.4158840302879785,2,6,0.12311981546529703,1,1
TAGTCTGTGACGTTGC-1,0.20150383763195268,2,2,2.525976273585565,4,85,0.0,0,0
CTCGTTTCTAATGTTT-1,0.1335306227675043,2,2,0.32702339927157303,2,4,0.0,0,0
TTCGTTCAACGAAGTT-1,0.5271434306307227,4,6,2.6904537784886164,4,80,0.0,0,0
TGCAGGATCGGCAAAG-1,0.24574621760291196,2,2,0.4735544725654304,2,3,0.24574621760291196,1,1
ATAACGGAGTCCAACG-1,0.055380914316148326,1,1,0.3737045439547382,3,5,0.11076182863229665,1,1
AACGATATGTCAACTG-1,0.2052674639620091,2,3,1.0042636105944696,3,15,0.1530261333740889,1,1
GACAACGACCATTGAA-1,0.1864139466378514,3,3,0.5215841926352307,3,7,0.0,0,0
TTGACCATGTTCTCCG-1,0.0,0,0,0.5652593346269661,3,5,0.0,0,0
AGTACGGGCACCTGGC-1,0.0959384893455283,2,2,0.1997136290494485,2,3,0.0,0,0
CGCCATCCGATTATGA-1,0.44620265899382056,2,2,1.8570565308442428,4,9,0.0,0,0
AAGGTATCCTAATATA-1,0.17514387483451468,1,1,1.3300093210050181,3,8,0.0,0,0
TGTTGTCAAGAAGTCT-1,0.856675634796988,3,3,1.7449474033365222,3,7,0.0,0,0
CAGTGAATAAATGACT-1,0.31729188167468153,1,2,1.8546942765400294,3,15,0.4498345295853396,1,1
CACCTTGCGAAACTCG-1,0.23693013099388693,1,1,2.0276713966985733,3,15,0.0,0,0
CATTTAGCGGACCATG-1,0.2927750933574191,2,2,2.472029221785295,4,49,0.2927750933574191,1,1
CCAGTCTAGACGGCGC-1,0.35996666770184754,3,3,2.225689775002046,4,38,0.0,0,0
TCGCTTTAAACGTTTG-1,0.0825619204208823,1,1,2.227973678036097,4,74,0.0,0,0
GTGAAACGGCGCCACC-1,0.0,0,0,1.066344966561415,3,15,0.0,0,0
GGGCTCATCGAACCCA-1,0.0,0,0,2.507777251090019,3,33,0.0,0,0
TTGATGTGTAGTCCCG-1,0.0,0,0,2.3016269808584267,4,19,0.0,0,0
CAGTAGCCCACGCGGT-1,0.6294290319477436,2,3,1.7010283717503838,3,8,0.0,0,0
AGCGCGGGTGCCAATG-1,0.24443225527650167,1,1,1.3328463553820447,3,5,0.48886451055300334,1,1
TAATCGATCCGTACGT-1,0.7987190390000358,4,4,0.9323224004598136,2,6,0.0,0,0
AGTGGCGGCAATTTGA-1,0.2335294906811749,1,1,0.841019448284452,2,3,0.0,0,0
CCTTTCAATGAAGAAA-1,0.6285958705067697,3,5,2.107387473343718,4,19,0.0,0,0
CTCAGTCACGACAAAT-1,0.48963548109330435,2,4,1.8487011233225839,4,16,0.0,0,0
ATAGGCTAGCTTCGCA-1,0.6449507753576522,3,4,1.7579724746891259,4,10,0.37277580239042757,1,1
CGGTTCAAGTAGGTGT-1,0.9498978590933064,4,9,1.909605125471946,4,18,0.0,0,0
CAGTCGAGGATGCAAT-1,0.9817597869177185,4,14,1.4797769580570799,4,12,0.2709831307013663,1,1
TATCACCCAACCGACC-1,0.38596071735032433,2,3,1.8511606159074754,4,17,0.4645379225000344,1,2
AATGATGCGACTCCTG-1,0.9442251506846028,5,11,1.6621801207643394,4,19,0.4764202559952981,1,3
TGGAACCACTGACACA-1,0.614063229308324,3,8,1.5676826656345693,4,19,0.0,0,0
GCCAATAGGGCATCTC-1,0.2766519730418738,3,3,1.217698187425397,4,16,0.1844346486945825,1,1
TTCTTTGGTCGCGACG-1,0.0,0,0,0.14245251141955,1,1,0.0,0,0
ATTAGATTCCTCAGCA-1,0.11045025672889947,1,1,0.6701355465703479,2,6,0.0,0,0
GGGTCGTGGCAAGTGT-1,0.14684896126485303,2,2,0.4066031569369226,3,4,0.0,0,0
CAATAAACCTTGGCCC-1,0.1340585710061851,2,2,0.500186685607569,3,6,0.0,0,0
ACTTCGCCATACGCAC-1,0.17047990346606678,2,2,0.3399036805018015,2,3,0.0,0,0
ATCTGGTTAAGACTGT-1,0.10568513493639685,2,2,0.7100975912382925,4,12,0.0,0,0
TCGTAAGACGACATTG-1,0.07564735212286715,1,1,0.5316440853792929,4,5,0.0,0,0
GTGTACCTTGGCTACG-1,0.1427164496244083,2,3,0.49142906948725207,4,8,0.0,0,0
GCCCGTAATACCTTCT-1,0.27097742576626094,3,4,1.6576070327881243,4,40,0.0,0,0
CGGTCAAGTGGGAACC-1,0.15022662573083229,2,2,1.744085877278051,4,38,0.15022662573083229,1,1
TTGTAAGGCCAGTTGG-1,0.16839444641132273,2,2,2.1509647880354024,4,66,0.0,0,0
GGAGCACCAAGAACTA-1,0.15343371966810007,1,1,2.3517782069323068,4,33,0.30686743933620014,1,1
TAATAGTGACGACCAG-1,0.0,0,0,1.4268228684755875,4,17,0.0,0,0
CTAAATCCTATTCCGG-1,0.3548271602003008,2,2,3.042393561129148,4,77,0.0,0,0
CGAGTTCTGTCCCACC-1,0.0,0,0,2.745072244888119,4,26,0.0,0,0
AGGCAGATGCGTAAAC-1,0.08744890315200098,1,1,1.49539494847675,4,22,0.17489780630400195,1,1
AAGGATGAGGGACCTC-1,0.23143731260093628,1,1,1.8145324983297972,3,13,0.46287462520187256,1,1
AGAGAACCGTCTAGGA-1,0.5959844041540873,2,4,3.7002806091874874,4,126,0.0,0,0
GAGGGCGCAGCTCTGC-1,1.3196857652452598,4,5,0.9136022440225808,2,2,0.0,0,0
AAGATTGGCGGAACGT-1,0.6388221668494065,2,5,1.8160114293378413,4,12,0.4444803499775896,1,1
CCAGTAGTCTGATCCA-1,0.5517177245717695,3,3,1.571497095494573,4,8,0.0,0,0
AAGGGACAGATTCTGT-1,0.3176682056591745,2,3,1.0035914082399964,3,8,0.0,0,0
ATAGAGTTATCAACTT-1,0.0,0,0,0.4302908347110086,3,5,0.0,0,0
AAATTACCTATCGATG-1,0.15687026585565778,1,2,0.524048770810313,3,4,0.19249558135121755,1,1
GATCCTAAATCGGGAC-1,0.0,0,0,0.7326152306794481,4,8,0.15245635216472792,1,1
TTACAGACCTAAATGA-1,0.2662936954124416,3,3,0.765832096391889,3,9,0.0,0,0
CCTCACCTTAGCATCG-1,0.0,0,0,0.27737619431524957,2,2,0.0,0,0
CATGCGACCAGTTTAA-1,0.15492635869568763,1,2,1.0238669837712626,4,10,0.18970348143216953,1,1
AACATATCAACTGGTG-1,0.13952724778633344,2,2,0.33958998418392017,2,4,0.0,0,0
CTATAAGAGCCAATCG-1,0.2189746712474989,2,2,0.7595991395650159,3,6,0.0,0,0
AATATCGAGGGTTCTC-1,0.33615906990842487,3,3,1.2136865126784582,4,11,0.22410604660561653,1,1
GTACTCCTGGGTATGC-1,1.0098255450360059,5,15,1.6645384794740712,4,25,0.42964675477641906,2,2
ATAAGTAGGATTCAGA-1,0.1558002961870692,2,2,0.954705779866813,3,13,0.0,0,0
AGGTCGCGGAGTTACT-1,0.4149020095431111,3,6,0.865825370421907,4,9,0.0,0,0
CTAATTCTCAGATATT-1,0.1274741684585417,2,2,1.1523218473797332,4,20,0.0,0,0
GCCAACCATTTCCGGA-1,0.0,0,0,1.2834021133117615,4,16,0.0,0,0
TGATCCCAGCATTAGT-1,0.09388595340382766,1,1,1.2688786027409737,4,15,0.0,0,0
GAAACCATGGTGCGCT-1,0.05236710696109361,1,1,0.649215238833551,4,10,0.0,0,0
TGGCCAAACTGAAGTA-1,0.049745839554913095,1,1,0.481969070348934,3,8,0.0,0,0
GCTTCCGTCCCTAGAC-1,0.19840208182753805,2,2,0.9405700927417032,4,8,0.0,0,0
CAGCAGCCCGTTCCTT-1,0.078280225738745,1,1,0.45426386128148805,2,5,0.0,0,0
TGTATAACAGATCCTG-1,0.06439022257657538,1,1,2.086011371943083,4,84,0.0,0,0
CGCGGGAATTAGGCAG-1,0.13102583288578376,2,2,0.5607242083325115,3,7,0.13102583288578376,1,1
TGCATGTGGTAATCTA-1,0.08400649692599012,1,1,2.2104256186327005,4,57,0.0,0,0
ACAATTTGAGCAGTGG-1,0.12539308948701136,2,3,0.683315135546257,4,13,0.0,0,0
GAGCTAAGGGCATATC-1,0.9133234969506594,4,7,1.722144777251415,4,11,0.0,0,0
CCAGATAGTTGAGTGA-1,0.26701971398716245,1,1,1.4401838573835732,3,5,0.5340394279743249,1,1
CCACAATGTACGTCTT-1,0.8492314866527996,3,4,2.2527254270450463,4,11,0.6940821975358148,1,2
CAATGGATCTCTACCA-1,0.6164381331486602,2,3,0.38958550408443043,1,1,0.0,0,0
TGTGGCAAAGCGTATG-1,1.6819208396284486,4,9,0.9371088440968345,2,2,0.6247392293978896,1,1
TAAAGCGTTAGGAGAA-1,0.7705553377250469,2,8,1.690359439892012,4,8,0.8039263624346131,2,2
TCCGTTTAGCCTTGAA-1,1.2578084116008308,4,11,0.9455435026266454,2,5,0.0,0,0
CAGCTCGACAAGTTAA-1,0.5383000707142948,2,2,1.5973603856824616,3,6,0.0,0,0
GCCTATAGTGTCAGGG-1,1.864142143563604,5,17,1.8898011900288418,4,10,1.543161485033518,3,5
ATAGACAACGGGACCT-1,0.0,0,0,1.5168917780363385,4,8,0.37089139177489544,1,1
CTACTATCTTTCAGAG-1,0.0,0,0,1.3141563952965254,3,10,0.0,0,0
GCGCTGCTTTGCATTT-1,0.0,0,0,0.18646797509341015,1,1,0.0,0,0
GCGCATCCAGTCAGCA-1,0.0,0,0,0.7805606992113793,2,7,0.0,0,0
GACTCGCGGGAATGAC-1,0.0,0,0,0.165436613525623,1,1,0.0,0,0
CTGGTAACGAGCTCTT-1,0.2398876336325443,2,2,0.8762518818612348,3,7,0.0,0,0
TCCGGCCTAGCGTACA-1,0.08521322808372157,1,1,0.46762618528748934,3,4,0.0,0,0
TCTAGGTGGCGACGCT-1,0.19887756182924723,2,2,1.0352514580071892,4,9,0.19887756182924723,1,1
ACGCTAGTGATACACT-1,0.21251346060382326,2,2,0.9001303849829478,4,7,0.0,0,0
ATCTGCACCTCTGCGA-1,0.21948282258802745,2,2,0.9256888879290541,4,7,0.0,0,0
CCTCACCTGAGGGAGC-1,0.27510639940029546,3,3,0.8343394796305206,4,9,0.18340426626686365,1,1
AGTGAGCCTCGCCGCC-1,0.703737616980952,4,12,1.2014583384350208,4,16,0.0,0,0
ACGAGTACGGATGCCC-1,0.0,0,0,1.2152842243107729,4,18,0.0,0,0
GGTACCATTAAGACGG-1,0.7656083096326806,4,7,1.909693126456467,4,19,0.271987646490313,1,1
TTCTGCTAGACTCCAA-1,0.12712501452380534,1,1,1.2873251922295776,4,11,0.0,0,0
TAACTATTACGCCAAA-1,0.33692798307270344,4,4,2.1528115586448826,4,49,0.0,0,0
GCATTCAAGGCAACGC-1,0.07790385610424946,1,1,1.197489776274458,4,16,0.0,0,0
AGTACATCATTTATCA-1,0.06597264766920333,1,1,0.733723966545689,4,9,0.13194529533840665,1,1
TTGTTGTGTGTCAAGA-1,0.09588349293160155,1,1,0.8231638356519233,4,7,0.1917669858632031,1,1
ACTGTACGATACACAT-1,0.07535510431794311,1,1,2.100484052462775,4,54,0.15071020863588622,1,1
TCCACTTTATCTAGGT-1,0.09990545635634988,1,1,0.513599924031813,2,5,0.0,0,0
GGTCTGAGAATCTGGA-1,0.0,0,0,1.599213223944825,4,32,0.15988895728177763,1,1
TAGAAAGGTGGCGCTA-1,0.06644969929855853,1,1,0.6413520787385398,4,8,0.0,0,0
TATGTCTCATTGTGCC-1,0.0,0,0,0.4230900864785697,2,6,0.12579443334369123,1,1
GGATTTCACTTCTATA-1,0.16835969583223453,2,2,1.3375782350001397,4,20,0.0,0,0
TGAGTGGTCCGTGACG-1,0.3255605301638816,2,2,1.3088624679801715,3,10,0.0,0,0
CGCTTTCTTGCATTCG-1,0.3619294706826657,4,4,0.8645453555549466,3,10,0.0,0,0
ACCCAACGCCCGTGGC-1,1.433578033640899,6,13,0.9524872425897206,3,5,0.3326025298487147,1,1
GAACGTCTCATGGTCG-1,0.9369123661235862,3,14,0.6231596858551876,3,3,0.4261132700950059,1,2
AGGGTTCCCTTTGGTT-1,1.4095454055381644,4,11,0.48617777703606807,1,2,0.0,0,0
GTAGCTTCCTCTTGTT-1,0.10179252289380053,1,1,0.5521714063049091,3,4,0.0,0,0
GCATGAGGGACGCGGC-1,0.7789563376395745,4,15,0.5600256510521591,2,7,0.4164661881699088,2,3
CTACCCTAAGGTCATA-1,0.0,0,0,0.2921046103411999,2,3,0.0,0,0
TCACCGCTCGGCACTC-1,0.09870497377148228,1,1,0.8972018343571531,4,8,0.0,0,0
GGCTCGCGTTGAGGTA-1,0.1435287845872729,1,1,0.6458795306427281,3,3,0.0,0,0
CTAACGAAACTTGCTG-1,0.10295062097038132,1,2,0.6098638298519399,3,9,0.0,0,0
TTAAACTCGAATTCAT-1,0.39123689565005454,2,3,1.394662088726638,4,9,0.3120817821345666,1,1
TACTTTACTGAGCCGG-1,0.0,0,0,0.9961794533549098,4,9,0.0,0,0
GCTTGGATCGATTAGG-1,0.14696560519623994,1,1,0.4408968155887198,2,2,0.0,0,0
CGGTTATCCAACAGTG-1,0.07992884671031437,1,1,0.2397865401309431,2,2,0.0,0,0
CAGACCTGTAAGTGTT-1,0.07670659593441201,1,1,0.6999669491960249,3,8,0.0,0,0
GACGGTCAATAGAAGC-1,0.2391511009664218,2,4,1.9065583127025176,4,48,0.14057821812769,1,1
CTGACTGCGCAGCTCG-1,0.0,0,0,0.6346825878756504,3,10,0.0,0,0
CCATACCTTTACTTGT-1,0.1763083467337787,2,2,1.416404472547061,4,18,0.0,0,0
GTAATAAAGGGCTCCC-1,0.1046021318864649,1,1,0.3138063956593947,2,2,0.0,0,0
GTGAACTCCCATTCGA-1,0.6836495621376155,3,9,1.8145199994516452,4,25,0.23161717568500687,1,1
GTGGTTACTTCTTTCG-1,0.4516404099346694,3,4,1.8833620008036969,4,24,0.25364101473810857,1,1
TCAGAACCTCCACAGG-1,0.5639012693509904,3,7,1.9241917825451658,4,30,0.0,0,0
TCCCACTCTCTTCCGG-1,0.3499252327218844,2,4,1.7247135862970078,4,22,0.21891504890657457,1,1
ATCTTGACTTGTCCAA-1,0.12047793221785698,1,1,1.6579417963776166,4,17,0.24095586443571396,1,1
TCGGGAACGTGCCTAG-1,0.2004795846901488,2,2,0.8556536415954272,4,7,0.0,0,0
GTTAGCCGTAAATCAA-1,0.2283721294326431,3,4,1.4409180145308491,4,36,0.12246107363472246,1,1
ATTTACTAAGTCCATT-1,0.24513322306042548,3,3,0.8468605044741663,4,9,0.0,0,0
GGAGGGCTTGGTTGGC-1,0.1892829908505077,2,2,0.7238670466487319,4,6,0.0,0,0
TCGGACGCCCAGCCCA-1,0.20189386969214285,2,2,1.3889997300189076,4,18,0.20189386969214285,1,1
TCTGTGCCATCATAGT-1,0.2755300634365992,2,2,1.2328076293975112,4,9,0.0,0,0
GTACTGGAGTTAGACC-1,0.17170310990046178,2,3,0.5559161532364594,3,8,0.2521473686557742,2,2
GGAATGCGCTAGCGTG-1,0.25370115388130454,4,4,0.599380051108628,3,8,0.0,0,0
GTGTGAATAACTTAGG-1,0.3371276356279045,4,5,1.184691760261335,4,20,0.43067794207342763,3,3
GGTCGGCCAGGAGCTT-1,0.0,0,0,0.2103872838593348,3,3,0.0,0,0
TAGCCGGCGGTCAGCG-1,0.0,0,0,0.18089442978164758,1,2,0.0,0,0
CGGGTGTACCCATTTA-1,0.8166674808406137,4,6,1.2873997682517981,3,9,0.0,0,0
AGTGATTCAAGCAGGA-1,0.2067302793233499,2,3,0.8668081717639511,4,10,0.0,0,0
GTTGGATTGAGAACAC-1,0.15359306118086902,2,2,0.5723294883900985,3,7,0.0,0,0
CACACGCGCTGTCTTA-1,0.338927919918843,3,3,0.338927919918843,2,2,0.0,0,0
TAGACGCCCGTACCGG-1,0.0,0,0,0.9554768121114975,4,9,0.0,0,0
GGTTTCAATCGGTCAG-1,0.0,0,0,0.0,0,0,0.0,0,0
AATCTGCGTTGGGACG-1,0.0,0,0,0.9325117101232052,3,9,0.0,0,0
TTACGGATGGTTCGAG-1,0.07611128651015193,1,1,0.3658288752940776,2,4,0.0,0,0
CGGCAGGGTCGGGTTG-1,0.6078323029469768,3,4,1.0368886256362946,3,5,0.0,0,0
GCTTTCAGAGGAGGTG-1,0.0,0,0,0.8044829025519837,4,6,0.0,0,0
TCTTCCCATGGGCACA-1,0.5263894454204355,2,4,1.2787343162672422,4,5,0.0,0,0
TACCGCGGACTTGCAG-1,0.07116963001194977,1,1,0.8979941744946703,4,12,0.0,0,0
AGAATTATGGATTCGA-1,0.6331666975525404,3,4,1.8035803275046083,4,11,0.36540601124448724,1,1
ATTGATGAGTCCTAAC-1,1.061326477002823,4,21,1.3040458347085155,4,14,0.19083048507466724,1,1
TAGGTCGCCGGAACTG-1,0.5071523474113891,3,6,2.168788019643455,4,44,0.0,0,0
TAACCTACCGTCCGAG-1,1.6397607061138366,5,25,1.777066946458811,4,21,0.5725947954454152,2,2
CTTAGTAGGCCTACAG-1,0.1965352571222274,2,2,1.6165739293887698,4,22,0.0,0,0
CTAGATGTGAGTGTAA-1,0.7026057718744035,3,10,1.7745633234677112,4,24,0.0,0,0
ACTCCCGAATTCGTTT-1,0.11407696210413291,1,1,1.5089946327454962,4,16,0.0,0,0
GTTCATCGTTTGGCTG-1,0.4856958868450653,3,7,1.2239366225818347,4,15,0.17924982076233512,1,1
ACTTTACCCTCATGAA-1,0.4045994170025026,3,5,1.7444958965292663,4,27,0.0,0,0
GCGAGAGTTGCGTCCA-1,0.2067648589741977,2,2,0.7269503120236035,3,7,0.0,0,0
GTTCGGGCGTACCATT-1,0.7130544893445775,4,6,1.8901051703681062,4,19,0.0,0,0
CGACTTTGTATAGCCT-1,0.9427591863503006,6,17,1.3388937407056487,4,23,0.15561512896410332,1,1
GCCATCGATGCTGCAT-1,0.2137681141320408,2,3,1.5055811083332944,4,24,0.267584705857887,1,2
GCATTTCCAAGGCTCC-1,0.34827489154544256,4,12,0.5941118640856535,4,13,0.07533155658802403,1,1
ATGTAAGGCTGCTCTT-1,0.0,0,0,0.4253017488945285,3,8,0.08798021884281464,1,1
GCTAAGTAGTTTCTCT-1,0.12953269561779374,1,1,1.1149397005839794,3,9,0.0,0,0
ATAACGCCGGAGGGTC-1,0.3625845357385971,2,6,0.7625476447698574,2,11,0.16810819146390668,1,1
GGATCCGGAATATACT-1,0.21637000573122256,2,5,0.5412990669775182,4,8,0.0,0,0
TGAAAGGACCTGACTC-1,0.0,0,0,0.4830983595201749,2,5,0.0,0,0
TCCGCGGCAGCATCTG-1,0.07659537419779905,1,1,0.11489306129669857,1,1,0.0,0,0
TGCATATGTCTGTCAC-1,0.6244900185836705,4,11,1.0048216493721456,3,13,0.17904271872159552,1,1
TGTAGGAGAAATTTCC-1,0.3493999189366496,4,6,0.8158693208033925,4,11,0.0,0,0
AGTGAGACTTCCAGTA-1,0.32723920979940085,3,5,0.570282647092827,3,6,0.0,0,0
CCCAAACATGCTGCTC-1,0.06802213050434222,1,1,0.4045583659154248,2,5,0.0,0,0
GCTTATGAAGCAGGAA-1,0.23799303959962678,2,2,2.1975216820580807,4,39,0.0,0,0
TTCTAACCGAAGCTTA-1,0.0,0,0,0.46695231968322326,2,4,0.0,0,0
GGATGTCCTTACCGCA-1,0.11642341245229244,1,2,0.3791670524597612,3,4,0.0,0,0
AGGGTGCTCTCGAGGG-1,0.0,0,0,0.6276529441992238,4,5,0.1801429868368829,1,1
AACTCTCAATAGAGCG-1,0.6701343701081267,4,5,1.380462122188028,3,12,0.0,0,0
TCTGAATTCCGTACAA-1,0.12634934567988024,2,2,0.5974266707124785,3,8,0.0,0,0
GCGTGGTACTGGGTTA-1,0.35312328028772194,1,2,1.1505147331707308,2,5,0.0,0,0
CGTCGGATAGTGTTGA-1,0.1311627754730446,1,1,0.19674416320956692,1,1,0.0,0,0
ATATGTCTCCCTAGCC-1,1.2938580298883544,5,8,0.6156976913129439,2,2,0.0,0,0
TCTTTAAGACTATGAA-1,0.7094299620526541,5,15,0.9668346492443043,4,14,0.1349774949754883,1,1
TCATTTAAGTCTCCGA-1,1.7321306836698722,5,22,0.2937882878193679,1,1,0.39171771709249054,1,1
GATATTGAGATTGGCG-1,1.4371510171987332,5,37,0.9449712241228854,4,9,0.3850140216037317,2,2
TGACATCGAGCGGACC-1,1.48800877746089,6,19,0.9134549130176701,3,6,0.6944742350253187,2,3
GCGTAAATGGCCATAA-1,1.4922794366556482,5,26,1.5450675924240034,4,14,0.40821714288484373,1,2
ATTGTACAACTCGGCT-1,0.8211222568987786,6,12,1.6651773221371984,4,25,0.38937785796410956,1,3
TACGCTATAGAAACCT-1,0.5390240857876201,4,7,1.5595790626121102,4,22,0.0,0,0
CACCCAAATCTTATGT-1,0.8385473392578602,5,12,1.5903120838739508,3,27,0.0,0,0
AGATGATGGAGTCTGG-1,0.2878660064786902,3,4,1.141321735220735,4,15,0.0,0,0
CCACGGTGCCCGGTAG-1,0.2144199659982767,3,3,1.772146948456284,4,42,0.0,0,0
TCAAGAAATACTAGCT-1,0.3067168008127324,2,5,1.2704338197860157,4,19,0.0,0,0
AGGTATAATTGATAGT-1,0.3113101002470356,2,5,1.2634146623357467,4,16,0.0,0,0
CAAGGTCCTATAGGCT-1,0.24633523128805404,2,2,0.7330820667753872,3,5,0.0,0,0
CCGGCACGACCGTTTC-1,0.5182811520360928,5,11,1.484998165693189,4,39,0.11677196099109897,1,1
ACCTCCGTTATTCACC-1,0.2566311612044568,4,8,0.48876357638990464,3,12,0.07161512920662684,1,1
AAGAGGCATGGATCGC-1,0.2825155207768025,4,6,0.7154907155661856,4,12,0.18031272063685364,1,2
CTATTTGGTTACGGAT-1,0.7609189700652091,5,6,1.4933090432941973,3,15,0.0,0,0
GTACAGAGGCAAGGGT-1,0.7414652356697423,5,11,2.0684461964310055,4,43,0.0,0,0
GGGCCGGCCGAAGTAC-1,0.058014374508901394,1,1,0.5479877321114477,3,8,0.0,0,0
CCTGAACGATATATTC-1,0.0,0,0,0.6754584690355714,4,7,0.0,0,0
CCGGGCTGCTCCATAC-1,0.41499684278623933,4,7,0.7375570968235583,2,13,0.0,0,0
TACTTGTTAGTAGTCC-1,0.23294299411983518,2,4,0.6028976493241709,2,9,0.0,0,0
CCTAGGCGTAGCGATC-1,0.6349797201847558,4,4,1.1758592178233602,3,8,0.477105680390199,1,2
CTGGCGCACAGGTCTG-1,0.8702562392620484,5,12,1.4520993137687972,4,15,0.21509601623809885,1,1
ACTTATACTTACCCGG-1,0.10238603873329406,1,1,0.8124271002457404,3,7,0.0,0,0
GAAGTCTCCCTAGCGA-1,0.8453807162126656,5,13,0.6106090114285714,3,5,0.0,0,0
ACCGATGGTAGCATCG-1,0.3650579203928048,4,5,0.9828466478451822,3,14,0.0,0,0
CGAGTTTATCGGACTG-1,0.152236720688467,2,2,0.19226562274926715,1,2,0.0,0,0
CATAACGGACAGTCGT-1,0.38119682768462076,4,5,0.7448276554094444,3,9,0.0,0,0
TGACGATGCACTAGAA-1,0.15173439838150724,1,2,1.158266119692258,4,12,0.0,0,0
TAGGGAGCTTGGGATG-1,0.5704966251879183,2,4,1.3235246458211711,3,7,1.5357807623835171,3,5
AGGGTCGATGCGAACT-1,0.9628906662925761,4,11,1.6369658921112975,4,16,0.5311678463436711,2,2
TATATCCCTGGGAGGA-1,1.8400717468729217,5,28,1.0805328658119655,3,6,0.6694866711104378,2,2
CATCTTACACCACCTC-1,1.431100471722634,4,20,0.9611336374690915,3,6,0.7819806882995798,2,3
GTGCGACAGGGAGTGT-1,1.6120423847100238,6,23,1.3107872234734386,4,11,0.5207269379293885,2,2
CCGATCTCAACCTTAT-1,1.0732540014859155,4,27,0.7267791391046661,3,9,0.16574399083314686,1,1
ACGATCATCTTGTAAA-1,0.1825291073676566,3,4,0.5961453398829148,4,10,0.19345246718684272,2,2
GAAAGAACAGCGTTAT-1,0.8159097330221372,5,22,1.351264327307048,4,31,0.2039062025943024,1,2
CTAGGTCTGAAGGAAT-1,0.6554991550398408,5,16,0.8601057244806812,3,17,0.23247438725806088,2,2
ATATCAACCTACAGAG-1,0.2956449510345901,3,4,1.5744953393372412,3,41,0.0,0,0
AAATAGCTTAGACTTT-1,0.5969563490667945,4,8,1.646726992171117,4,28,0.1872089155739107,1,1
GCGACATGTAAACATC-1,0.4097028065801025,4,7,1.771840607142354,4,39,0.0,0,0
ATAAGTAGGGCGACTC-1,0.683280447980536,4,11,1.6318408327678062,4,27,0.0,0,0
GCGAGCGCATGCTCCC-1,0.32116502503641703,4,6,1.1395027343119783,4,24,0.12096469366957963,1,1
AGGGACCGGCTGCGTT-1,0.23070337208639521,3,3,1.125676910420386,3,19,0.30760449611519364,2,2
CCTATGAAGTGGTGCC-1,0.20038391032917668,2,3,0.24754891802087178,1,3,0.14906524311523675,1,1
GCTTACGTAGTTAGTA-1,0.4394206884764302,4,12,1.803438479196136,4,76,0.0,0,0
TTATGATCTTAACGAA-1,0.7097372561022045,3,13,0.8312250297128252,2,10,0.0,0,0
CGCCGCCCATGCCTGT-1,0.2513824893193939,2,3,0.8914661370833326,3,10,0.0,0,0
CTGGGATAAATAATGG-1,0.31282131319573786,2,5,0.702185487785969,3,8,0.0,0,0
GTGCCCGTTCGGATTC-1,0.1743642889434566,2,2,0.5631616034959617,3,5,0.1743642889434566,1,1
TTCAATACTCTGAATC-1,0.3586529803806371,4,8,0.5592320510067769,3,9,0.0,0,0
CGCACATGTCCACTAC-1,0.12129308920247588,1,2,0.5285283399919427,3,6,0.0,0,0
AGAAGAGCGCCGTTCC-1,0.0,0,0,0.0,0,0,0.0,0,0
GATAACTCGCACTGTG-1,0.5632029572323741,4,9,1.3103612135423803,4,21,0.0,0,0
AGTCGACGGTCTCAAG-1,1.0654505406160242,6,22,1.7330491569715412,4,30,0.28272500386966853,1,2
GTGACCGCACACTACG-1,0.0,0,0,0.4255301777725935,2,3,0.0,0,0
GTATGTGGGTCTAGTT-1,0.2856716133605362,3,4,0.9507748036631762,4,11,0.0,0,0
CTTGAGTTAGGGTAAT-1,0.0,0,0,0.6326670091656779,2,5,0.0,0,0
TTAGCTGATTTGCCGT-1,0.0871728147393744,1,1,0.4611031091722483,2,5,0.0,0,0
GCTGTTGCTACCGAAC-1,0.10720430994653697,1,1,0.9675621430477599,3,9,0.0,0,0
TATTACCATCCTGCTT-1,0.07478426731035492,1,1,0.3015080012338308,2,3,0.0,0,0
TTGAATTCACGTGAGG-1,0.3484833055324394,2,4,0.9744576554684774,4,8,0.0,0,0
CCATCTCACCAGTGAA-1,1.5208595201572186,6,29,1.1809862294013624,4,13,0.6479721846713986,2,4
CGCACGTGCGCTATCA-1,0.5257170998878383,4,10,1.023382994448801,4,14,0.1411461412334119,1,1
ACCCGGATGACGCATC-1,1.3934905662330959,5,20,0.911877579219371,3,7,0.2521517659475316,1,1
CGCTAGAGACCGCTGC-1,0.379944085774327,3,4,1.138813111205553,3,13,0.0,0,0
ATAGTTCCACCCACTC-1,1.1376447698980134,6,27,1.4895715295896639,4,27,0.3220241559219607,1,3
GCAGACCCAGCACGTA-1,0.1640128329930636,2,2,1.022213795863229,4,12,0.0,0,0
TAGACTACCTAGCGTT-1,0.9393384271149516,5,19,1.3843546600079277,4,25,0.298646518458427,2,2
GGTTCTACTCGTCTGA-1,0.2578351451217838,3,4,1.4205140230460909,4,27,0.0,0,0
GACTCACCCACGTGAG-1,0.10176687872738895,1,1,0.6461323906273575,3,5,0.0,0,0
AGCTCTTCGTAACCTT-1,0.05266073627347672,1,1,0.6676722997227845,4,11,0.0,0,0
ACTATCCAGGGCATGG-1,0.0,0,0,0.5393855125087953,4,5,0.0,0,0
AAGGATCGATCGCTTG-1,0.5067451839625062,6,10,0.9191754355584566,4,15,0.23438175563715868,2,2
ATATCGGTAGGGAGAT-1,0.899300406755778,5,30,1.5840197943242558,4,44,0.21980626787795207,2,2
ATTTGTCTTGGGAGCT-1,0.0,0,0,0.73544440821616,3,4,0.0,0,0
CCTCGGACCGGGATAG-1,0.7092385007646834,4,7,0.9287430295588406,4,5,0.0,0,0
TAGGTGCTCGCCTAGC-1,0.35198509098331027,3,3,1.2871961296008234,4,11,0.0,0,0
CTTTAGGAACACTGTT-1,0.37075433131625485,2,2,1.5141413449057137,3,10,0.0,0,0
TCGGGCCGTCGTGGTA-1,0.10525067254901878,1,1,0.4117627779442826,2,3,0.0,0,0
AGTGCTTGCACGAATA-1,0.0,0,0,0.775235120173088,2,4,0.0,0,0
TGCAGTTTCCTCCCAT-1,0.21217767951146552,2,2,0.8294622116195186,4,6,0.0,0,0
TGAGAGATTTACCACG-1,1.0309516765372568,5,7,1.5145419812981322,4,9,0.3459515732326575,1,1
GAAACAGATGACCACC-1,0.07978843916914614,1,1,0.5810976201076099,3,6,0.1595768783382923,1,1
AGCAACATATCTTATT-1,0.0,0,0,1.1716850601079873,4,11,0.34338228451039216,1,2
CAAGTGTGGTTGCAAA-1,0.19107779783069434,2,2,1.248429400224471,4,16,0.0,0,0
GCCTCATCTGGAAATA-1,0.0,0,0,0.8449421584445919,4,9,0.0,0,0
AACCCTACTGTCAATA-1,0.0,0,0,0.6530909888317735,3,6,0.17577548881688762,1,1
ACGTATTACTCCGATC-1,0.26306663767742244,2,2,0.8852644308797857,3,6,0.0,0,0
TCTGGGAACCTTTGAA-1,0.5832317419041241,6,9,0.8813672469952744,3,12,0.15306904170860983,1,1
GCTCGCTCATGTCCAA-1,0.37398281876030764,2,3,2.2785113200255065,4,28,0.29675159700147485,1,1
GCGCAAGAGCGCGCTG-1,0.4678939812922784,3,5,1.4859113746383563,4,17,0.6049818729529751,2,3
TTGACGCTCCATGAGC-1,0.5014642280117911,3,5,1.8093224911305388,4,18,0.2537017785675623,1,1
TATAGATGGTCGCAGT-1,0.0,0,0,1.408267695941776,4,24,0.0,0,0
TTACATGCCACAACTA-1,0.18768826256499235,3,3,1.1939593220794789,4,23,0.0,0,0
ACATGGCGCCAAAGTA-1,0.10989216537806029,2,2,1.2854342815535291,4,30,0.19239848730090248,1,2
CATGACTTCGCTGAAT-1,0.20019397422579407,2,4,0.9875957859278036,4,18,0.0,0,0
GACAGCCAGACCTGAC-1,0.44137497794526864,3,5,1.7283703148870206,4,22,0.0,0,0
GGCGAAATCTAACTTG-1,0.8513984446550958,5,12,2.238199469607471,4,42,0.0,0,0
CTGGTAACACATAGAA-1,0.0,0,0,2.190472296597439,4,25,0.3167096132747999,1,1
TAGCCATTTCAAAGTC-1,0.28838308456965944,2,3,1.6960423744610085,4,25,0.22229116186313358,1,1
GGGATTTACCGCACCT-1,0.22792358407454952,1,1,1.3930074923647457,3,6,0.0,0,0
ATGCCATTTGCGACCA-1,0.20169471034128714,1,1,1.7953538919467036,3,13,0.4033894206825743,1,1
GAATAGACGCGACCCA-1,0.33765703409519454,2,2,1.843006942839506,4,13,0.0,0,0
TGTATGGCGCAGACAG-1,0.7363901950271797,3,3,1.3902764121356688,3,5,0.0,0,0
GGATGAAGATCGCTGA-1,0.34471794930418925,2,3,1.2454245613635118,4,9,0.0,0,0
CGACAATTTGATCTAA-1,0.9583635744606288,4,7,1.7476237784355049,4,12,0.0,0,0
AAAGTTGACTCCCGTA-1,0.8607793926232556,5,5,1.631136245874448,3,13,0.0,0,0
CACGCGGAACTGTTGC-1,0.5462656333059718,3,5,1.7344964928219933,4,15,0.5596842905450238,2,2
GGTTACCACCCTCGGG-1,0.6149117384286097,5,10,2.003609749622141,4,65,0.25589947186306894,1,2
CGAGTACTAAAGAGGA-1,0.8338900438552382,6,21,3.3594930917775225,4,409,0.3158971502470452,2,3
GCAAGAATTCCTTGGC-1,0.3463925540972585,2,5,2.9187594111358806,4,109,0.3694144510386748,2,2
TCGCCGAAGTTGCGTC-1,0.40429505523778797,2,3,3.1929604540092353,4,73,0.32374794119000017,1,1
GCCACAATTTAAGGAC-1,0.7801552600597702,5,8,2.93878319012637,4,90,0.0,0,0
TGAGTGCCTCTTAAAT-1,0.6424752956400875,3,10,1.7737361849802225,4,29,0.6868394113808459,2,5
GAGTGTGCGGTACCCA-1,0.45997001861940756,3,9,2.50053103830545,4,97,0.3858787862004776,2,3
CAAGATATTATAACGT-1,0.44541107779355693,5,7,1.9540813555542849,4,48,0.451422920710383,2,4
ACACACCAGGACCAGT-1,1.1247920406165244,4,11,1.3453231088882316,3,9,0.5115003407316624,1,2
ATGGGCCTCGGCCTCT-1,0.6503490148337087,4,15,0.9992076756291494,4,17,0.349212660568392,1,4
AAGGTGATAAACCAGC-1,0.9429092196572597,4,11,1.704352718641814,4,17,0.266479241313631,1,1
TCTTACTTATGCCTCT-1,0.4950842045890152,5,9,1.6141248155155394,4,34,0.23884709031044157,1,2
AAAGTGTGATTTATCT-1,1.107343138280233,4,12,1.9586847354919819,4,18,0.0,0,0
CCACGGAGCCATAAGA-1,0.35963703165925626,5,7,0.4854230957856693,3,7,0.0,0,0
CTTCTATGTTGAAGTA-1,0.2907898102273734,3,5,1.2401263629417125,4,22,0.0,0,0
CACCGTTGCGCGATAT-1,0.27991062276387413,2,3,0.8668468968145979,4,7,0.4301632979577196,2,2
TCTAGCAATCTCCGCC-1,0.6929365345102368,5,13,1.2810774791776167,4,21,0.0,0,0
AGTTTGGCCAGACCTA-1,0.5521024324633718,3,9,1.6699474632835325,4,36,0.288976877421959,1,2
TTGTAAGGACCTAAGT-1,0.46506124269718807,2,3,2.205737887248408,4,22,0.37870152528188905,1,1
AAATTTGCGGGTGTGG-1,0.8736365446226074,4,14,1.7048700842432538,4,26,0.0,0,0
AAGTTCGGCCAACAGG-1,0.5048025538774898,4,12,1.8599928327824378,4,67,0.2098166067579593,1,2
CCGCTTACCTCACTCT-1,0.597052870016196,5,7,2.46836139337934,4,67,0.19061742535621604,1,1
ATCACGTGCTAATTAA-1,0.46441517032538376,4,6,3.4438788747779028,4,235,0.5786211014803618,2,4
GGTGAAGTACAGGGAT-1,0.5812222215164282,3,7,3.2518325351415,4,102,0.5190214675885124,2,2
GCTGTATTACTGGCCC-1,0.32490822337216735,2,2,2.851476894717798,4,49,0.0,0,0
AACGGCCATCTCCGGT-1,1.2489844851660483,5,13,2.7927999612460574,4,48,0.7314977616280532,2,3
TAAGTAACATCTTGAC-1,0.5781893585735172,3,8,2.6042975470437932,4,65,0.0,0,0
TTCTTGAGCCGCGCTA-1,0.6012993120319681,3,6,1.7201492322835736,4,16,0.28891024080738387,1,1
AGTGCGTAGCTCGTAA-1,0.8321385456652811,4,8,2.547152979006073,4,39,0.4401061532039625,1,2
GGGATGGTCGTAACCG-1,0.45701348519243634,2,2,1.689713077074766,3,9,0.0,0,0
GTCTGGGCGGTCGAGA-1,0.7737606693632056,3,13,1.6566670728104418,4,19,0.5129563287283025,1,4
CGGAACGTAAACATAG-1,0.6692536003202428,4,10,1.5727512642585688,4,25,0.5552263898229739,3,3
CAAACGAGTATCGCAG-1,0.5357245887017726,4,10,0.9239592385094355,3,18,0.13701964579626205,1,1
ACTTATTTATGTGCCA-1,0.4902380747376672,6,16,0.8647905882298812,4,25,0.0,0,0
GCCCGACTTCTTCCCG-1,0.0,0,0,0.7906512012184149,3,6,0.0,0,0
CTGGCATCCGAATGAG-1,0.3688099083714671,4,7,0.8355079098404635,3,15,0.12221134815079437,1,1
AAGTGCGTTAGAATCT-1,0.36032331342790025,2,3,0.5404849701418504,2,3,0.0,0,0
AGAAGTGATTCGTGAT-1,0.5888653855845579,4,6,1.813869238903608,4,33,0.22745800791836393,1,1
TACCTTAAGATTTCCC-1,0.38881134321061755,4,6,0.6878757861717703,4,8,0.0,0,0
AATGACAGCAATGTCT-1,0.5875338572532222,4,10,0.7445537620088284,4,8,0.0,0,0
TCAACGCAGGAAATAA-1,0.32251438285084677,4,8,0.7035949242934629,4,13,0.0,0,0
TATTCCTCCGCCCACT-1,0.6942709893153142,5,14,1.3454986244214964,4,23,0.2819166669539376,2,2
ATCAAACGAAGGTTTG-1,0.4166442351816433,3,9,1.7000131430757557,4,48,0.12226574583366084,1,1
TTGATTAGCTGTTTCT-1,0.23228541359377175,3,3,1.418336763928634,4,24,0.2601817706120328,1,2
CTGCTGAGGCCACGAA-1,0.44383716142809687,3,6,2.074243351540078,4,41,0.18724130165456968,1,1
CCGTGTTAAATTCCAT-1,0.4974975983792587,3,6,3.11499020784784,4,118,0.21439434745134126,1,1
CACGTCGGCAACCTCT-1,0.548708668004565,3,4,2.7410476570278677,4,43,0.0,0,0
GTATTCTGAGAAACGA-1,0.5133467137136601,3,5,3.5276976409390386,4,123,0.0,0,0
CGGTGCGCGTTGGTCC-1,0.6204413086093034,3,4,2.7316790899280208,4,31,0.0,0,0
GTGATTCGCCGCTCAA-1,0.7524701465639136,5,7,2.718025492554697,4,57,0.2451035772056687,1,1
GCCCGCGCGTAAACGG-1,0.5483757599564419,4,8,2.169517224006995,4,63,0.0,0,0
AACGTACTGTGGGTAC-1,1.0289043546605987,4,9,1.6664441375873267,3,16,0.8374298656948925,2,3
GAGTATGCCCGCCTTG-1,0.39365138837872254,3,3,1.6336522573346373,3,22,0.2624342589191484,1,1
TGATTCTGTCGCCGGT-1,0.926260909366035,4,10,2.5337916073625304,4,39,0.5324625545198604,1,3
GGGCGGCAAATGAATT-1,1.1056148163884478,5,13,2.283766167478557,4,31,0.0,0,0
TTCCAATCTGGCTATC-1,1.3687320562175451,5,13,2.0532042169570346,4,20,0.3220241559219607,1,1
GGAACCGTGTAAATTG-1,1.1662916594204167,6,20,2.1882513215275163,4,39,1.111171050816653,3,7
TTGGTCACACTCGTAA-1,1.3723882606902489,5,27,1.7969023293613204,4,25,0.6994439028332785,2,5
CGAACCCGCATGCGTC-1,1.6047205876380548,6,36,1.9401732470998736,4,32,0.1961424608425847,1,1
TACCAGAAGTAGGTTC-1,1.5355418483620842,5,52,0.666382941820285,4,7,0.24744522113684952,1,2
GATGTAACGAACCACC-1,0.13383276334776997,2,3,0.9927949269341877,4,21,0.09646970539988502,1,1
CTCCCTCCTTTCGATC-1,0.1427317639012436,1,1,0.840381829823008,2,7,0.0,0,0
TTGGAAGAATACAGTC-1,0.2749753431011402,3,4,0.6012773180992321,4,6,0.0,0,0
AGTTAAGTCAACCGCT-1,0.11991679031072443,1,1,0.6387011788841219,2,6,0.0,0,0
CTCATGGTAATTTGCG-1,0.0,0,0,1.263745376583799,3,9,0.0,0,0
AAAGTAGCATTGCTCA-1,0.19494804171501803,1,4,0.4659377558808223,3,5,0.0,0,0
TTGTGGTAGGAGGGAT-1,0.18156001787301612,2,3,0.2008831463973534,2,2,0.0,0,0
AGTCGTGGGCATTACG-1,0.10046396647247245,1,1,0.6388046217389488,3,5,0.0,0,0
ACCTAAGTACCTTTCA-1,0.1833036660121563,2,3,0.5762268889129335,3,7,0.13531634206175766,1,1
GTAGAGGGAGACAAGT-1,0.0,0,0,2.175319856974091,4,61,0.26695183215479407,1,2
GATCCTCGACACTGGC-1,0.3759848474664687,5,6,0.9068972046623264,4,14,0.0,0,0
CCTACATTCACAGACG-1,0.23732840791011653,1,1,0.9944272506072007,2,4,0.47465681582023306,1,1
TTGACCGTGTTAATGA-1,0.6019717226823832,3,6,1.7390234450718052,4,18,0.2694104611265725,1,1
TCTGTTACCCAGCATA-1,1.444017494685468,5,9,2.0487351181132794,4,10,0.0,0,0
CTAACTGGTCCGGTTC-1,0.6595525744012772,2,3,0.9893288616019158,2,3,0.0,0,0
AGCGACAGGAACGGTC-1,0.2169682953066202,1,1,2.3524403079765173,4,17,0.0,0,0
TAATAGAACAGAGTTA-1,0.9155224634890092,3,4,2.384108352148505,4,10,0.0,0,0
ACAGGTGGAGGTGAGG-1,0.29914855378530814,1,2,2.434670577353226,4,21,0.41848267147058155,1,1
TGCGAGAATATTACCC-1,0.2054045146402034,1,1,3.07853742611882,4,41,0.790646903490699,1,4
TTGCGTCGGCCAACCG-1,0.3463768646456435,1,2,3.0608826176618615,4,28,0.0,0,0
AGGCTTCCCGAAGAAG-1,0.33168173237203896,3,4,2.296512315316693,4,60,0.0,0,0
GCGGACCGCGTTGTGG-1,0.40293466330819333,2,4,2.5739718423891,4,39,0.0,0,0
GTAATCTGATTCTTCG-1,0.8260585274467709,4,10,2.601606286378473,4,55,0.0,0,0
CCGCGGAATGCGTCAC-1,0.669348942741057,3,9,1.8523294450994967,4,28,0.45038169941341083,2,2
TTCCACACAGATTTGA-1,0.7855701210171387,6,8,2.560274556017846,4,58,0.4478994552540074,2,2
CTTCTATTAATGCTAG-1,0.8964665860742254,4,7,3.1242146293367625,4,60,1.1157520082165808,2,5
CATTTGAGTGGTACGT-1,1.7392129015615705,5,26,2.4600390891625303,4,32,0.31645044552289237,1,1
TCACAGCAAACTCGAA-1,0.5938250359042171,3,4,2.052106780766762,4,18,0.3408921209824089,1,1
CAGACGAACCTGATAC-1,1.6005542238527444,5,20,1.1916744071464,4,6,0.4770249229771755,1,2
TAGCTAGAAGGCATGA-1,0.9815146145017689,4,14,1.0087820814980728,3,8,0.5389588757374332,2,2
CGCGAGTCTGCCGGGT-1,0.4388508851453847,5,11,0.98411937133214,4,22,0.2748245559440438,2,3
TGCGTCATGACTGAGC-1,0.6141002428110173,4,10,1.0199288214215172,4,12,0.0,0,0
GTATGAAATTTCACTC-1,0.5634042979064546,3,8,1.6334876395601694,4,19,0.7803116645166469,2,5
TTGGTTGCGGTGCGCG-1,0.39753256481248983,3,4,0.6951270313797713,3,5,0.22109807247008806,1,1
ACAGAACTGAGAACAA-1,0.28669390046206705,3,4,0.85811964087811,3,11,0.15586706626716204,1,1
CTACTATCATAGGTTT-1,0.8974390713674452,4,6,2.767469149676195,4,34,0.36382124254877923,1,1
CCTCTATCGATTAGCA-1,0.3721801761937824,3,3,1.385066707423836,4,13,0.38877660164283584,1,2
CCGTATCTCGTCGTAG-1,0.47460324472638704,3,5,0.5111280031139165,3,3,0.22716800138396287,1,1
TCACGATGTCCGTGGA-1,0.0967764813840274,1,1,0.5395149050273884,2,5,0.1935529627680548,1,1
TCAACAAAGATAATTC-1,0.2780371785361168,2,5,1.6969032021005177,4,40,0.1411279440941607,1,1
ATGACGCGTTCTATCC-1,0.43323109130407755,5,6,0.6369538760811639,3,7,0.15244925721541916,1,1
ATTTGCGCGAGTAGCT-1,0.16299561096768103,1,2,1.1226312826262097,4,13,0.20135327397458955,1,1
TTCTTGGACGATCTGC-1,0.49814832307263507,3,3,2.684192808094804,4,37,0.0,0,0
AGACGACGATGCCGCT-1,0.17368536178815855,1,1,3.1357421151376235,4,52,0.0,0,0
GGTCTCTGAATGGACT-1,0.6769707572707916,2,6,1.5518409907599853,4,7,0.0,0,0
GCTCAATCCGTTTATT-1,0.7663503827879566,3,4,2.5982916289898754,4,19,0.0,0,0
CCAGAAAGCAACTCAT-1,0.45253182206277204,2,2,2.5159122050115883,4,16,0.45253182206277204,1,1
CACCGTTAGGGATCAC-1,0.0,0,0,1.122058248574308,2,3,0.0,0,0
AATAACACTAGAACAA-1,0.2783928103912153,1,2,1.8836319985277354,3,16,0.0,0,0
CACCCGGTTTGTGACT-1,0.6112668296998206,2,2,1.74351308478764,3,7,1.2225336593996412,2,2
CCACCAACTTTACTGT-1,0.2892191908257154,1,1,2.2498667378817148,4,9,0.7787193612570932,1,2
AACTCTCAGTGTGCTC-1,0.5502269569893832,2,2,1.7904487035568857,3,9,0.5502269569893832,1,1
AAACCGTTCGTCCAGG-1,0.2428903951652488,1,3,2.8500338616169394,4,72,0.0,0,0
CAGCGATTCCCTTCAA-1,0.36550657601481196,2,3,2.0320586244671253,4,21,0.5785142160557712,2,2
GCTAGCTTGAATAGCT-1,0.5421035099203406,3,5,2.156866875473402,4,27,0.2643631458302858,1,1
TTGCGGCATCAGAAAG-1,0.4394455979195218,4,4,2.454433423329068,4,64,1.1828516905901176,3,8
AATAGAACAGAGTGGC-1,0.49433756713565874,2,5,2.4554030504789752,4,31,0.0,0,0
GCCATCGAGCTGCGTG-1,0.8542396752256938,5,11,2.6454983923828705,4,63,0.44786821633991125,2,2
ACACTGATCAAGGTGT-1,1.1868673793870324,4,15,2.8074302071836827,4,42,0.4867377836476326,1,2
ACCAACGCTTATTTAT-1,0.7832059628220266,5,10,3.054779986755879,4,111,0.21610668333494565,1,1
GACATCGATTTATAAC-1,0.47672427529814904,3,3,1.9828505927954014,4,19,0.31781618353209934,1,1
CAGACACCGATCGCTG-1,1.2370877188074108,6,12,2.0866063895634377,4,23,0.0,0,0
CCAAGAAAGTGGGCGA-1,0.5296710667351022,4,11,1.568151495877953,4,28,0.3855227813709395,1,4
GGTAGACCGTTGGGCG-1,0.5143697190544365,3,9,1.72152386004741,4,28,0.0,0,0
CAGATCCTGGTTTGAA-1,0.6317979036102974,4,7,1.9686238292017868,4,30,0.3485630728684128,1,2
CTTCAGTGGTCGCCTA-1,0.3963634419778183,2,5,1.2314099507052865,3,12,0.24079227295829456,1,1
GGGCAACCGCACGTGC-1,0.0,0,0,1.9725182194217745,4,21,0.0,0,0
GACCCAATTATGATAC-1,0.6686380241636339,3,5,1.8228783685087238,4,15,0.33643325997834544,1,1
GAAGCTCGGACCCGTC-1,0.0,0,0,0.9996312585809721,3,4,0.0,0,0
CGTCGGGTCTAAGCGC-1,0.15926831957894907,1,1,0.6784000653100076,2,4,0.0,0,0
GAGGCCCGACTCCGCA-1,0.41368611273551364,2,3,0.7022820156268871,2,4,0.0,0,0
TTGCCATAGCCCGCTC-1,0.2816307753743852,2,3,1.3993678202232804,4,15,0.21654284143783695,1,1
TAACATACACGCGATC-1,0.2013598185206932,2,3,1.0356746710146802,4,17,0.0,0,0
CCGACGGGCATGAGGT-1,0.2087412100560909,3,3,1.1489901095133617,4,17,0.0,0,0
AATGTGCCCGAGGTGT-1,0.6781016414151239,4,9,1.6454542067036604,3,29,0.7261674568482895,3,4
AGCTGTAACCTCAATC-1,0.33169617535971446,2,3,2.1562903002995806,4,29,0.0,0,0
CGAGTGAAGGTACCAG-1,0.4549769164524325,2,2,2.1886822189223616,4,14,0.4549769164524325,1,1
AGTCTCACAAGACTAC-1,0.8641255691608078,4,4,2.088254585344301,4,15,0.4320627845804039,1,1
AAATTGATAGTCCTTT-1,1.0442871813019878,4,5,2.324084837129152,4,15,0.4750562625289548,1,1
TAAGTCGCCGAGTATC-1,0.42678961302959073,2,4,2.374548810578085,4,37,0.0,0,0
GCGGAGAAACTTCGCA-1,0.9421306030014464,3,7,1.902050431080696,4,9,0.0,0,0
GGCAAAGGCGCCAATA-1,0.7026682966567613,3,4,2.749522654597518,4,26,0.0,0,0
ATTTCCGGGTTCTGCG-1,0.9406275447657274,3,3,1.906678001721408,3,7,0.6270850298438183,1,1
TAAACCCAGGAGGGCA-1,1.3978333633593796,5,10,2.20348988143627,4,16,0.42308484193805845,1,1
TTCGGGCGCTAGTCTT-1,0.8935953928909189,3,3,1.0450252508478224,2,3,0.0,0,0
GTGGAGTCGGCGGTTG-1,0.9831818615628838,4,8,1.8225939409895324,3,19,0.6809491646533482,2,2
GCACGCCTACTTAGAT-1,1.4056335811080996,4,6,0.9023970871171224,2,2,0.0,0,0
CAATATTCTTGACCTA-1,0.30072832946999745,1,1,1.996293296072582,3,8,0.6014566589399949,1,1
CGTTTGTGTAGAGGGT-1,0.47322525360527573,2,2,1.8509983263666057,3,11,0.0,0,0
CATAGCGTTGCCCACC-1,0.7857030198762579,3,8,1.9162612780932753,4,18,0.0,0,0
TGATACATTTAGCCGT-1,0.8570250340896434,5,7,2.1570633499271943,4,26,0.2825342461461152,1,1
TTCCGGCCTTGAGGCT-1,0.8516413703806099,4,12,1.7681188275230024,4,19,0.24166744893372114,1,1
CCTATACCGTCCTGTC-1,0.8209215445266755,4,5,2.819894439573401,4,45,0.0,0,0
TCGTTGCTATCCGGTC-1,0.7937988487448265,4,4,2.9275385255828894,4,38,0.0,0,0
TGGCGACTGCTCCAAA-1,0.7903784133253925,3,10,3.816458011085075,4,185,0.4125962243387899,1,2
CAGAGGCGATGCATGA-1,0.1776004311859681,1,2,1.7506735507763964,4,21,0.2228308729986683,1,1
TCACAGGAGAATAAGA-1,0.4104097761665426,3,4,2.5061918014557962,4,70,0.4576105432094512,2,2
GGGTTAACATTTGAGT-1,0.7717378225732404,3,7,2.2960537298142762,4,27,0.0,0,0
GCGGGCGAGCCTTACC-1,1.1767621701490816,5,5,1.4072475983275867,3,7,0.0,0,0
TGCCAATGGGTACTCT-1,1.7024162420801068,5,7,1.9518653370529024,4,5,0.0,0,0
AGGGACTCTACGCGAC-1,0.35422403948065523,2,3,1.8363232793629944,4,17,0.0,0,0
GACGCCGTAAAGGCTA-1,0.6224445822093835,4,17,1.421773187889977,4,37,0.1860879300198016,1,2
AAAGGCTCTCGCGCCG-1,0.37015755949509455,5,15,1.555656094802446,4,61,0.07466896416600279,1,1
TATTATGTTTGCCTGC-1,0.4101214764738968,2,3,2.7381027438929992,4,39,0.0,0,0
GTCAAAGAAGTGGTGT-1,0.0,0,0,1.8208875790119023,3,14,0.0,0,0
GGGACAGAGTTACTCC-1,0.32562935836672996,2,2,2.7001058696912397,4,43,0.0,0,0
AGCAACCGAAAGTAAT-1,0.5394549875059329,3,4,1.7749061980322915,4,19,0.3072619162904136,1,1
CTCTCTAACTGCCTAG-1,0.18217390993974722,1,1,1.0312078581440336,3,5,0.36434781987949444,1,1
ATACGGAACGTCGTTT-1,0.0,0,0,0.8549607831123659,2,4,0.42161921122726076,1,1
TCGGTCCCGACAATAG-1,0.0,0,0,1.550896385766422,4,12,0.5717596357437199,2,2
CGCGCAAATGTCCAGA-1,0.2330534947977707,2,3,0.9634160411377884,4,10,0.3516079024529564,2,2
TCTAATACTGCCTCAG-1,0.32811076215111495,2,4,1.7119246408420865,4,29,0.0,0,0
CTCGGTTGTCGGCCCT-1,0.44540803413882396,4,7,1.5752177644197873,4,30,0.15116209372230746,1,1
GGTAACCGGGAGGATA-1,0.887260608723078,5,16,2.4778685032523535,4,64,0.17791722044899147,1,1
CAGGCGCACGGTGGTC-1,0.7104029871719181,3,11,2.2547092335000505,4,35,0.2535398094327563,1,1
TCATCGATGGTCCCAA-1,0.2354111573715978,1,2,2.3181377549703583,4,24,0.31242777065710897,1,1
CAAAGATTATTGGGCC-1,0.3910459378093399,2,5,1.8864660316562984,4,28,0.2149093966002176,1,1
ACAATGAATACGGAGA-1,0.8318124682167239,4,16,2.4589508314482273,4,71,0.3588356689650641,2,2
GCTCCTGACATACTGG-1,0.5774266885836307,3,6,2.792087687993119,4,52,0.42382198771595764,1,2
GATGACAAGTAGGGCA-1,1.0316789941981364,5,13,2.720491372721064,4,63,0.4800206816584738,1,3
TACGCCGAGGGTACCC-1,0.9604633746182287,3,9,2.4078318324325076,4,21,0.3670953623508373,1,1
AAGCGTCCCTCATCGA-1,1.0975302332024182,4,10,1.7022391154923011,4,10,0.5550991334621315,1,2
CACTCCTATGTAAGAT-1,1.2097771583781316,3,5,1.6588234527012347,3,4,0.0,0,0
TCGAGCCAGGCAGGCC-1,1.073412422046121,3,4,0.6398113269429286,1,2,0.0,0,0
TCGTCAAGTACGCGCA-1,1.1639510496225192,3,8,0.8248304525242899,2,2,0.5498869683495266,1,1
CCCGTAGCTGGGAAGA-1,0.7605128673393123,3,5,1.5812629812331205,4,7,0.0,0,0
ACCCTATGCCATATCG-1,1.0473993838658828,4,11,2.663462923114597,4,33,0.33056222172012256,1,1
GTGGTATAGTCTGCCG-1,0.801553251748507,3,8,2.7465588956510762,4,45,0.6131294638976819,2,2
CCGGTTTGTAATTGTG-1,0.6932055540589545,4,9,2.967271739403425,4,104,0.0,0,0
GTCGCCGTTGTGTGTT-1,0.5455513987325754,3,4,2.3881112694356714,4,31,0.3110175365343804,1,1
TACTGAACAGATTTAG-1,0.5234081008531258,2,4,2.5191321033001497,4,25,0.0,0,0
TATTAACCTGACCGCG-1,0.26649346576830785,1,2,3.068798748642631,4,48,0.3632963326080065,1,1
CTGTAGCCATCTCACT-1,0.9947877801788968,4,10,3.1204034697654266,4,82,0.3256637842374609,1,1
TACTATGGTTCCTCAG-1,0.8766459700448591,4,8,2.4721558446848473,4,36,0.0,0,0
GAGTCAGACCAGAATC-1,0.6488306061525743,3,10,3.043212188119641,4,90,0.4026474626049124,1,2
TAAGGCATAACATCAA-1,0.7432561542619346,5,13,3.5350634996988735,4,312,0.0,0,0
CTTCCGCTCCGTGAAG-1,0.15915351135884356,1,1,3.06237747031812,4,61,0.0,0,0
GGGCTATGATCGATGG-1,0.6015264446384251,4,11,2.5759603743872153,4,99,0.38650883759941285,1,4
GGTCGGTCGTCCACAG-1,1.2046462450553117,5,18,2.322763334505142,4,38,0.5514943185246692,2,2
GGGACCCGTATATCTT-1,1.1602500261942492,5,25,2.362087960586429,4,50,0.1911003134646585,1,1
GAAAGCAGTGCACTTT-1,1.66010774153869,6,40,1.7103479668081387,4,23,0.4965276654763651,1,4
AGCGCATAATGAATCG-1,1.2955815945322857,5,29,2.2162280449259044,4,47,0.17987408127433338,1,1
GCTGCTAAGTAGTCGA-1,0.6111542568587691,6,23,1.3741211011559673,4,56,0.22335000547453546,1,4
AATAGTCCGTCCCGAC-1,1.054469420967474,5,22,1.7894472719126175,4,37,0.16791790626665393,1,1
ACCGGTCAGGTACACC-1,0.35448202940531,3,3,1.6433993140921683,4,17,0.0,0,0
GTGGAGCGTTTACCGA-1,0.25095863656574485,1,1,1.3639540036814992,3,5,0.5019172731314897,1,1
AGGCGGTTTGTCCCGC-1,0.1712099324352793,1,1,2.130714595234039,4,24,0.0,0,0
TCCCTGGCGTATTAAC-1,0.35264377155552457,2,2,1.9503495467970056,4,15,0.0,0,0
AAACACCAATAACTGC-1,0.1951141061182056,1,1,1.2389065696709098,2,10,0.0,0,0
TGGACGCAATCCAGCC-1,0.4109238071159577,2,2,1.2791200702000358,3,6,0.4109238071159577,1,1
GGAACCTTGACTCTGC-1,0.37864816402659623,3,3,1.9289862005815168,4,33,0.0,0,0
GTATCTCAGTCTTGAC-1,0.5971212836469424,3,5,1.1171930740700247,4,6,0.29534819813281493,1,1
GCTGAATCTTCCAATC-1,0.6342324765076749,5,10,2.3526125615486766,4,74,0.34467469806660134,1,3
AGATGCAAGACGTGCA-1,0.1925301582575755,2,3,1.9608360916732863,4,64,0.1427229127945345,1,1
TTAAGGCCCGTACTTT-1,0.43929649968290213,4,7,2.319680658255378,4,82,0.1488148863840494,1,1
AGTATGCTGGAGACCA-1,0.8023633695583879,5,8,2.5505865567025805,4,45,0.2453866616636463,1,1
GCGGCAAAGTATTGCC-1,1.002916806969892,5,22,2.6272876053810794,4,110,0.25880106737615355,1,2
GCGCAAATATATTCAA-1,0.79366974921696,5,11,2.313010961574623,4,55,0.5878596308257307,2,4
GAAGAAACGATATTGT-1,1.1474590611402868,6,25,2.3435941037506307,4,77,0.1583332135207905,1,1
GGACCTCTAGGCCGCC-1,0.30197164313106956,1,2,2.2544676129625785,4,14,0.42333023479809295,1,1
AACAGCTGTGTGGCAA-1,0.9873353620392029,5,21,2.5850539740535727,4,89,0.4345296773480147,2,3
TCGAATATCCCGCAGG-1,1.116818961940749,6,12,2.5345867615366893,4,44,0.0,0,0
GCGACCCAACCATCTG-1,0.43655655202505067,3,13,2.0703024227954656,4,95,0.30332432640540735,2,3
AGAGAAGGAGTACAAT-1,0.9862926621296012,4,16,2.180369522388659,4,28,0.9451979861829788,2,5
GGCTCCTCCACCTGTT-1,0.4958020869313901,3,4,2.5895472758156894,4,41,0.56098259085435,2,2
TCAGTGTATACGTCAT-1,1.1497236189947826,4,9,1.8387470536341717,4,11,0.38718607805499256,1,1
ATTATTATGTCCGTCA-1,0.5676011919347119,3,5,2.520692215996691,4,65,0.0,0,0
TTAGGTCATAACCGAC-1,1.1221173997869984,4,8,2.251866730077929,4,16,0.6005395975527369,1,2
AAGATGGCACCGGACC-1,0.5243244529611059,4,6,2.7063328732199583,4,77,0.4001655587196547,2,2
CTACAAGAAATAACCC-1,1.1064844832848377,4,7,1.8486357513764289,3,13,0.4554115638151182,1,1
ACTATTTCCGGGCCCA-1,1.0949418537865998,6,12,2.4848078347782545,4,48,0.2489350931890316,1,1
TTGTTTCACATCCAGG-1,0.7498707378174014,3,6,3.0357992552854043,4,41,0.5490392291898104,1,2
CGCTGTGTGGATGTTG-1,0.8793407115660661,5,7,2.62597435319775,4,44,0.2996014764312264,1,1
TCAACATAGCGCCCTA-1,0.38217411116974526,2,3,2.156208787585826,3,39,0.30401726434046705,1,1
TACTCTTTCGTCTTCA-1,0.4334751638377412,2,3,2.782004609282427,4,55,0.0,0,0
ACCCGTGTCATCAGTA-1,1.5811364836730322,6,48,2.030821169763277,4,49,0.8964652344600964,3,8
CCGGAGCGTACTTTCT-1,1.396250639361475,6,40,1.5733909264222952,4,30,0.15247054407913888,1,1
GCTGGTTTAGGCCATA-1,0.14075896563670423,2,2,1.251632969195879,4,24,0.14075896563670423,1,1
TGTCGTTATCACATAT-1,0.1022369916673778,1,1,1.444101509533214,3,30,0.0,0,0
ACACATGATCAAATCT-1,0.36951969558774495,3,6,1.9786600452230982,4,60,0.0,0,0
TATCCATCTCGGTTAG-1,0.17487902987156814,2,2,1.8928324525075497,4,46,0.2889902086619695,1,2
CTCGTCGAGGGCTCAT-1,0.15874493004618895,1,1,1.4139766128926436,4,9,0.3174898600923779,1,1
ATCAATGCCGTGGCTG-1,0.15118908854858573,1,2,1.4399109953867968,3,30,0.0,0,0
GAAACATAGGAAACAG-1,0.19898911093019955,1,4,1.5859375317823674,4,34,0.0,0,0
TAATAGGTCACCAGAA-1,0.221918095850864,4,4,1.3976663633557032,3,48,0.110959047925432,1,1
CACCAGTCAGCATGCA-1,0.5683895431689951,5,12,2.0102730004238425,4,66,0.0,0,0
GAGCGCTGTTAGGTAA-1,0.6935122819367588,5,18,2.2000796954405875,4,100,0.0,0,0
CCCTATGTAGAGCAGA-1,0.4660231759226092,3,9,1.892766929668546,4,54,0.14824966995790997,1,1
GATCGCTATATCTCAG-1,0.4311914864912128,3,8,2.718821363539236,4,106,0.16662363254204152,1,1
AAGGGACTATGCATTC-1,0.2338562789105758,3,3,2.5522196299445334,4,108,0.31180837188076777,2,2
CTCGGGTTCTCTGGCC-1,0.3423431244308199,2,4,2.2961850437229137,4,58,0.0,0,0
TATATATCGAGAAATG-1,0.5732268258495105,4,13,2.5912644571490118,4,174,0.242954528690148,2,2
ACCCGAGCGAAATTAC-1,0.5512960037621201,4,14,2.4427694418763575,4,139,0.20761595070612646,1,2
TTGTTTCATTAGTCTA-1,0.4999315563394578,4,6,2.612821718700647,4,97,0.1968339093387004,1,1
ATGGGACCTGCTGAAC-1,0.5099061091361995,4,10,2.2576293405975756,4,87,0.24577465049515776,1,2
TGCGACGGCCGAACGT-1,0.41044178913207724,3,9,1.7846069610505417,4,46,0.0,0,0
AGCTAACAAGCAATGT-1,0.4591642808449687,3,7,1.6871549546543556,4,40,0.3148569164531257,1,2
CGTGTCTCGTTACGAC-1,0.5515801542407776,4,5,3.31433903846826,4,146,0.24117434746360092,1,1
CTAAATCCGGTGTACA-1,0.6098915365906715,5,9,2.6558228867604927,4,94,0.0,0,0
GAATAGTGCTCGATTA-1,0.5539177229684575,5,8,2.6167381894714734,4,107,0.16183593859390027,1,1
AACAATACATTGTCGA-1,0.6605342469142917,5,9,2.257502244717228,4,58,0.0,0,0
CACATCGTGCACGCGC-1,0.20635606397974574,1,2,2.5258592787427547,4,55,0.26652417406087925,1,1
CCCAATGAGATTTGCA-1,0.8854286419331793,6,11,2.8857755870030566,4,109,0.0,0,0
CTTAGGTATAGACCAG-1,0.2062936074985673,2,3,2.9277782652252244,4,141,0.0,0,0
TGACTCCGAATCATAC-1,0.17827775350215533,2,2,0.5983565086196247,2,7,0.0,0,0
ACTACATCCCGACAAG-1,0.09102941587596793,1,1,0.9483316742152001,3,11,0.0,0,0
TTGCCGCAGACCTACA-1,0.23661869756325823,2,2,1.3126447071429954,3,16,0.0,0,0
TAAGAGGGACAGGGAC-1,0.2729278083445832,2,3,0.8877941449974992,4,7,0.0,0,0
CGAATGAAGTCATTGC-1,0.07551485971129053,1,1,0.9533608387362235,4,15,0.0,0,0
AAGGGAACGACTGGCT-1,0.0,0,0,1.335415894020347,4,18,0.1911340971377612,1,1
CGAATCTGCTCGACGC-1,0.34421937984488377,5,7,1.3635249995060865,4,38,0.0,0,0
ATCGTGGAAAGTCTGG-1,0.22232870381048078,2,3,1.9242213744248178,4,58,0.16696449940291455,1,1
CCTATGGCTCCTAGTG-1,0.08489829313494333,1,1,2.466693875362289,4,88,0.0,0,0
CGTCGCTTGGTTATAC-1,0.2270573804719244,3,3,3.637172035086756,4,383,0.15137158698128292,1,1
TGCTTAGAGAGAATGC-1,0.4082872212776936,3,7,2.7660212886610376,4,173,0.0,0,0
GATTGCTCCAGTTGCA-1,0.3817720426841614,3,5,3.4493996165717533,4,250,0.29293966040428915,1,2
CGTGCTTCTACCTAAA-1,0.17788506523314904,2,3,2.8780168392071745,4,209,0.13098932427652224,1,1
ACTCCAATATCATCAT-1,0.4333102229650884,4,5,2.7701200513683246,4,103,0.0,0,0
GCCGACCCACGACTGC-1,0.32696755029231,3,6,3.2990024443777113,4,293,0.0,0,0
GAGGGTAGTAACAAAG-1,1.0560173478744141,6,28,2.702177502604248,4,134,0.3252168591777583,1,3
GGCCGAGACTCTGGTG-1,0.8557139159802823,6,14,2.4177690877131917,4,77,0.2627391457128504,1,2
TATATAGGGCTTTACG-1,0.9491941690150032,4,19,1.7001636927305572,4,28,0.18125719523719572,1,1
TGCCGGATGTACGAGC-1,0.9346336862145215,6,18,2.1393356795931586,4,48,0.45105197627482224,2,3
TCCATCAATACTAATC-1,0.2517806262356574,1,1,3.157619532539054,4,28,0.0,0,0
ACCTCGAACTTATGCT-1,0.8132179212266023,3,4,2.675963936226863,4,20,0.0,0,0
ACAAACCATGCGTCCT-1,0.40162946305114033,3,6,2.6440682153436774,4,97,0.0,0,0
ACACCGGTCTGACCGC-1,0.14858769570829308,1,1,2.7837173697321598,4,51,0.0,0,0
ATGGCAGCATTACGAT-1,0.5499673298549603,4,7,1.0529192054527934,3,12,0.0,0,0
CTGGTGAATGGGCCTA-1,0.1246528077276648,1,1,2.2746939894694354,4,55,0.2493056154553296,1,1
CACAGAGACGAGGACG-1,0.21068366452035045,2,3,1.4402688717672893,4,25,0.0,0,0
GCACAAACCCTAGATG-1,0.34395352689329584,4,7,2.0257710021515853,4,84,0.0,0,0
ACTATGTCCAGCTGCC-1,0.43776438651685057,4,6,1.7812372784594428,4,59,0.16413644090855486,1,1
AAGCCGCCGTGAAATC-1,0.14498346516877197,1,2,2.1077511945015,4,75,0.17556705221952573,1,1
ATGGGTGTATACCTCC-1,0.30942457785700794,3,6,2.9307430901172933,4,236,0.1229957559808607,1,1
TAAGCGCGAATCAAAT-1,0.4327641454907842,2,6,2.652568897002651,4,69,0.0,0,0
AGCCCGGCATTAGAGG-1,0.551269276514046,5,6,3.0047390548736033,4,131,0.0,0,0
GTGATCAAGCGTGCAC-1,0.8787594660442822,5,12,2.6209346370426077,4,66,0.0,0,0
CTGCCTTTAATACCTT-1,0.6203271854019414,3,9,3.019381114081156,4,106,0.2297566193369762,1,1
TACCTCCACACCAATG-1,1.0793270461983167,5,21,2.126712133857478,4,48,0.0,0,0
GAGCATCAACAACTTG-1,0.6334961705113179,6,8,2.3939190513112445,4,66,0.0,0,0
GGGAACGGTTTCAGAT-1,0.7875050537961713,6,14,1.6922540357028164,4,38,0.3998325788126718,2,3
CACCGGTAGAGACATT-1,0.0,0,0,1.7501434906179707,4,6,0.0,0,0
ACTCATGGCAGCCTTC-1,0.578826682478395,2,3,1.9448355274991005,4,9,0.48404697563915905,1,1
CATCCAATATAGTTTG-1,0.0,0,0,2.4248659490345847,4,21,0.0,0,0
CAGATATGAAGATGAC-1,0.39903670773807676,2,2,2.6828559233963993,4,33,0.0,0,0
GCAAAGGGCGTTAGCC-1,0.35216592107392003,3,3,1.9338973209244106,3,54,0.0,0,0
CTGTTGTTCAGTCGTA-1,0.16574476124056212,1,1,2.9798341406344115,4,84,0.33148952248112423,1,1
AAAGGCCCTATAATAC-1,0.3727826813552761,3,4,2.3692802621276523,4,66,0.0,0,0
AACATTGAAGTTGATC-1,0.20969101309496188,1,1,3.0278075837833085,4,39,0.41938202618992376,1,1
GCTAGCGATAGGTCTT-1,0.166789266303661,1,1,2.529519152155163,4,41,0.0,0,0
ATTGCCTATTAGACCG-1,0.5257841487344046,3,4,2.7299710402392026,4,42,0.0,0,0
GGGCGTTTACATTCAT-1,1.0823195219014399,4,12,2.3292427887558396,4,31,0.3072315333922891,1,1
AGTGACTGTGACACAA-1,0.8266213066464699,5,14,2.1040215780757126,4,43,0.17870844754385887,1,1
GACCGATTAAATATGT-1,0.302150317633644,1,2,2.3662391028445757,4,18,0.42363742900034845,1,1
GTCGAATTTGGGCGCT-1,0.40158111843599564,2,2,2.4042706725219714,4,20,0.0,0,0
TCACGGCCCAAGAGAG-1,0.0,0,0,1.4235885154646009,3,11,0.0,0,0
CTACGATCCTATCCTA-1,0.4188794820739703,2,3,2.7685492752774317,4,48,0.0,0,0
TGCAGTGGTAGGGAAC-1,0.0,0,0,2.418795041305541,3,50,0.0,0,0
AGCGAGACGTGAAGGC-1,0.25406700317889536,2,2,2.323549522645699,4,47,0.0,0,0
CAGTGTTAATCTCTCA-1,0.0,0,0,1.9508941654703222,4,7,0.0,0,0
GATCGCTGTGGTGCGT-1,0.5734198317169127,3,3,1.6301478377927308,3,15,0.0,0,0
CTCTGCAGGCATTCTT-1,0.48801120932383796,2,2,2.8241652673483713,4,21,0.0,0,0
