donor_id,subtype,total_cells,reference_label,n_cells
CID3941,ER+,631,CAFs,8
CID3948,ER+,2327,CAFs,15
CID4040,ER+,2531,CAFs,129
CID4067,ER+,3764,CAFs,135
CID4290A,ER+,5789,CAFs,280
CID4398,ER+,4451,CAFs,178
CID4461,ER+,631,CAFs,41
CID4463,ER+,1138,CAFs,25
CID4471,ER+,8609,CAFs,1292
CID4530N,ER+,4409,CAFs,368
CID4535,ER+,3961,CAFs,102
CID3586,HER2+,6178,CAFs,185
CID3838,HER2+,2353,CAFs,203
CID3921,HER2+,3024,CAFs,106
CID4066,HER2+,5309,CAFs,923
CID45171,HER2+,2447,CAFs,32
CID3946,TNBC,774,CAFs,167
CID3963,TNBC,3527,CAFs,23
CID44041,TNBC,2131,CAFs,681
CID4465,TNBC,1564,CAFs,379
CID4495,TNBC,7985,CAFs,232
CID44971,TNBC,7986,CAFs,582
CID44991,TNBC,7023,CAFs,245
CID4513,TNBC,5619,CAFs,13
CID4515,TNBC,4149,CAFs,187
CID4523,TNBC,1754,CAFs,42
CID3941,ER+,631,T cells CD8+,126
CID3948,ER+,2327,T cells CD8+,498
CID4040,ER+,2531,T cells CD8+,528
CID4067,ER+,3764,T cells CD8+,243
CID4290A,ER+,5789,T cells CD8+,115
CID4398,ER+,4451,T cells CD8+,926
CID4461,ER+,631,T cells CD8+,11
CID4463,ER+,1138,T cells CD8+,75
CID4471,ER+,8609,T cells CD8+,159
CID4530N,ER+,4409,T cells CD8+,108
CID4535,ER+,3961,T cells CD8+,98
CID3586,HER2+,6178,T cells CD8+,1407
CID3838,HER2+,2353,T cells CD8+,291
CID3921,HER2+,3024,T cells CD8+,387
CID4066,HER2+,5309,T cells CD8+,885
CID45171,HER2+,2447,T cells CD8+,331
CID3946,TNBC,774,T cells CD8+,36
CID3963,TNBC,3527,T cells CD8+,1167
CID44041,TNBC,2131,T cells CD8+,278
CID4465,TNBC,1564,T cells CD8+,35
CID4495,TNBC,7985,T cells CD8+,1250
CID44971,TNBC,7986,T cells CD8+,1711
CID44991,TNBC,7023,T cells CD8+,216
CID4513,TNBC,5619,T cells CD8+,438
CID4515,TNBC,4149,T cells CD8+,121
CID4523,TNBC,1754,T cells CD8+,47
CID3941,ER+,631,T cells CD4+,108
CID3948,ER+,2327,T cells CD4+,845
CID4040,ER+,2531,T cells CD4+,830
CID4067,ER+,3764,T cells CD4+,353
CID4290A,ER+,5789,T cells CD4+,345
CID4398,ER+,4451,T cells CD4+,2313
CID4461,ER+,631,T cells CD4+,44
CID4463,ER+,1138,T cells CD4+,115
CID4471,ER+,8609,T cells CD4+,412
CID4530N,ER+,4409,T cells CD4+,127
CID4535,ER+,3961,T cells CD4+,239
CID3586,HER2+,6178,T cells CD4+,2908
CID3838,HER2+,2353,T cells CD4+,915
CID3921,HER2+,3024,T cells CD4+,975
CID4066,HER2+,5309,T cells CD4+,1108
CID45171,HER2+,2447,T cells CD4+,704
CID3946,TNBC,774,T cells CD4+,50
CID3963,TNBC,3527,T cells CD4+,1065
CID44041,TNBC,2131,T cells CD4+,432
CID4465,TNBC,1564,T cells CD4+,64
CID4495,TNBC,7985,T cells CD4+,1741
CID44971,TNBC,7986,T cells CD4+,2247
CID44991,TNBC,7023,T cells CD4+,470
CID4513,TNBC,5619,T cells CD4+,597
CID4515,TNBC,4149,T cells CD4+,164
CID4523,TNBC,1754,T cells CD4+,60
CID3941,ER+,631,NK cells,18
CID3948,ER+,2327,NK cells,58
CID4040,ER+,2531,NK cells,107
CID4067,ER+,3764,NK cells,48
CID4290A,ER+,5789,NK cells,50
CID4398,ER+,4451,NK cells,288
CID4461,ER+,631,NK cells,2
CID4463,ER+,1138,NK cells,3
CID4471,ER+,8609,NK cells,30
CID4530N,ER+,4409,NK cells,11
CID4535,ER+,3961,NK cells,25
CID3586,HER2+,6178,NK cells,130
CID3838,HER2+,2353,NK cells,75
CID3921,HER2+,3024,NK cells,60
CID4066,HER2+,5309,NK cells,101
CID45171,HER2+,2447,NK cells,87
CID3946,TNBC,774,NK cells,1
CID3963,TNBC,3527,NK cells,273
CID44041,TNBC,2131,NK cells,21
CID4465,TNBC,1564,NK cells,2
CID4495,TNBC,7985,NK cells,52
CID44971,TNBC,7986,NK cells,94
CID44991,TNBC,7023,NK cells,20
CID4513,TNBC,5619,NK cells,205
CID4515,TNBC,4149,NK cells,41
CID4523,TNBC,1754,NK cells,44
CID3941,ER+,631,NKT cells,9
CID3948,ER+,2327,NKT cells,40
CID4040,ER+,2531,NKT cells,22
CID4067,ER+,3764,NKT cells,39
CID4290A,ER+,5789,NKT cells,24
CID4398,ER+,4451,NKT cells,129
CID4461,ER+,631,NKT cells,3
CID4463,ER+,1138,NKT cells,19
CID4471,ER+,8609,NKT cells,32
CID4530N,ER+,4409,NKT cells,45
CID4535,ER+,3961,NKT cells,15
CID3586,HER2+,6178,NKT cells,95
CID3838,HER2+,2353,NKT cells,28
CID3921,HER2+,3024,NKT cells,17
CID4066,HER2+,5309,NKT cells,39
CID45171,HER2+,2447,NKT cells,206
CID3946,TNBC,774,NKT cells,4
CID3963,TNBC,3527,NKT cells,94
CID44041,TNBC,2131,NKT cells,6
CID4465,TNBC,1564,NKT cells,5
CID4495,TNBC,7985,NKT cells,31
CID44971,TNBC,7986,NKT cells,43
CID44991,TNBC,7023,NKT cells,47
CID4513,TNBC,5619,NKT cells,45
CID4515,TNBC,4149,NKT cells,73
CID4523,TNBC,1754,NKT cells,12
CID3941,ER+,631,Cycling T-cells,5
CID3948,ER+,2327,Cycling T-cells,24
CID4040,ER+,2531,Cycling T-cells,25
CID4067,ER+,3764,Cycling T-cells,6
CID4290A,ER+,5789,Cycling T-cells,8
CID4398,ER+,4451,Cycling T-cells,77
CID4461,ER+,631,Cycling T-cells,8
CID4463,ER+,1138,Cycling T-cells,5
CID4471,ER+,8609,Cycling T-cells,8
CID4530N,ER+,4409,Cycling T-cells,1
CID4535,ER+,3961,Cycling T-cells,19
CID3586,HER2+,6178,Cycling T-cells,56
CID3838,HER2+,2353,Cycling T-cells,42
CID3921,HER2+,3024,Cycling T-cells,34
CID4066,HER2+,5309,Cycling T-cells,38
CID45171,HER2+,2447,Cycling T-cells,18
CID3946,TNBC,774,Cycling T-cells,1
CID3963,TNBC,3527,Cycling T-cells,73
CID44041,TNBC,2131,Cycling T-cells,5
CID4465,TNBC,1564,Cycling T-cells,10
CID4495,TNBC,7985,Cycling T-cells,430
CID44971,TNBC,7986,Cycling T-cells,271
CID44991,TNBC,7023,Cycling T-cells,149
CID4513,TNBC,5619,Cycling T-cells,181
CID4515,TNBC,4149,Cycling T-cells,20
CID4523,TNBC,1754,Cycling T-cells,14
CID3941,ER+,631,PVL,25
CID3948,ER+,2327,PVL,62
CID4040,ER+,2531,PVL,443
CID4067,ER+,3764,PVL,83
CID4290A,ER+,5789,PVL,140
CID4398,ER+,4451,PVL,87
CID4461,ER+,631,PVL,48
CID4463,ER+,1138,PVL,31
CID4471,ER+,8609,PVL,1285
CID4530N,ER+,4409,PVL,469
CID4535,ER+,3961,PVL,592
CID3586,HER2+,6178,PVL,21
CID3838,HER2+,2353,PVL,158
CID3921,HER2+,3024,PVL,72
CID4066,HER2+,5309,PVL,630
CID45171,HER2+,2447,PVL,13
CID3946,TNBC,774,PVL,248
CID3963,TNBC,3527,PVL,28
CID44041,TNBC,2131,PVL,128
CID4465,TNBC,1564,PVL,317
CID4495,TNBC,7985,PVL,191
CID44971,TNBC,7986,PVL,91
CID44991,TNBC,7023,PVL,46
CID4513,TNBC,5619,PVL,82
CID4515,TNBC,4149,PVL,123
CID4523,TNBC,1754,PVL,10
CID3941,ER+,631,Cancer Epithelial,196
CID3948,ER+,2327,Cancer Epithelial,261
CID4040,ER+,2531,Cancer Epithelial,0
CID4067,ER+,3764,Cancer Epithelial,2352
CID4290A,ER+,5789,Cancer Epithelial,4053
CID4398,ER+,4451,Cancer Epithelial,0
CID4461,ER+,631,Cancer Epithelial,207
CID4463,ER+,1138,Cancer Epithelial,659
CID4471,ER+,8609,Cancer Epithelial,212
CID4530N,ER+,4409,Cancer Epithelial,1715
CID4535,ER+,3961,Cancer Epithelial,2223
CID3586,HER2+,6178,Cancer Epithelial,0
CID3838,HER2+,2353,Cancer Epithelial,0
CID3921,HER2+,3024,Cancer Epithelial,441
CID4066,HER2+,5309,Cancer Epithelial,521
CID45171,HER2+,2447,Cancer Epithelial,813
CID3946,TNBC,774,Cancer Epithelial,0
CID3963,TNBC,3527,Cancer Epithelial,222
CID44041,TNBC,2131,Cancer Epithelial,0
CID4465,TNBC,1564,Cancer Epithelial,124
CID4495,TNBC,7985,Cancer Epithelial,1184
CID44971,TNBC,7986,Cancer Epithelial,894
CID44991,TNBC,7023,Cancer Epithelial,4018
CID4513,TNBC,5619,Cancer Epithelial,1058
CID4515,TNBC,4149,Cancer Epithelial,2169
CID4523,TNBC,1754,Cancer Epithelial,1167
CID3941,ER+,631,Normal Epithelial,0
CID3948,ER+,2327,Normal Epithelial,0
CID4040,ER+,2531,Normal Epithelial,0
CID4067,ER+,3764,Normal Epithelial,0
CID4290A,ER+,5789,Normal Epithelial,18
CID4398,ER+,4451,Normal Epithelial,0
CID4461,ER+,631,Normal Epithelial,0
CID4463,ER+,1138,Normal Epithelial,26
CID4471,ER+,8609,Normal Epithelial,1966
CID4530N,ER+,4409,Normal Epithelial,398
CID4535,ER+,3961,Normal Epithelial,22
CID3586,HER2+,6178,Normal Epithelial,698
CID3838,HER2+,2353,Normal Epithelial,0
CID3921,HER2+,3024,Normal Epithelial,0
CID4066,HER2+,5309,Normal Epithelial,270
CID45171,HER2+,2447,Normal Epithelial,0
CID3946,TNBC,774,Normal Epithelial,0
CID3963,TNBC,3527,Normal Epithelial,1
CID44041,TNBC,2131,Normal Epithelial,151
CID4465,TNBC,1564,Normal Epithelial,10
CID4495,TNBC,7985,Normal Epithelial,0
CID44971,TNBC,7986,Normal Epithelial,735
CID44991,TNBC,7023,Normal Epithelial,24
CID4513,TNBC,5619,Normal Epithelial,0
CID4515,TNBC,4149,Normal Epithelial,36
CID4523,TNBC,1754,Normal Epithelial,0
CID3941,ER+,631,Endothelial,44
CID3948,ER+,2327,Endothelial,85
CID4040,ER+,2531,Endothelial,218
CID4067,ER+,3764,Endothelial,186
CID4290A,ER+,5789,Endothelial,298
CID4398,ER+,4451,Endothelial,101
CID4461,ER+,631,Endothelial,182
CID4463,ER+,1138,Endothelial,79
CID4471,ER+,8609,Endothelial,2778
CID4530N,ER+,4409,Endothelial,1016
CID4535,ER+,3961,Endothelial,219
CID3586,HER2+,6178,Endothelial,157
CID3838,HER2+,2353,Endothelial,99
CID3921,HER2+,3024,Endothelial,210
CID4066,HER2+,5309,Endothelial,535
CID45171,HER2+,2447,Endothelial,15
CID3946,TNBC,774,Endothelial,110
CID3963,TNBC,3527,Endothelial,102
CID44041,TNBC,2131,Endothelial,148
CID4465,TNBC,1564,Endothelial,294
CID4495,TNBC,7985,Endothelial,184
CID44971,TNBC,7986,Endothelial,217
CID44991,TNBC,7023,Endothelial,41
CID4513,TNBC,5619,Endothelial,162
CID4515,TNBC,4149,Endothelial,122
CID4523,TNBC,1754,Endothelial,3
CID3941,ER+,631,Myeloid,37
CID3948,ER+,2327,Myeloid,122
CID4040,ER+,2531,Myeloid,50
CID4067,ER+,3764,Myeloid,266
CID4290A,ER+,5789,Myeloid,341
CID4398,ER+,4451,Myeloid,225
CID4461,ER+,631,Myeloid,53
CID4463,ER+,1138,Myeloid,101
CID4471,ER+,8609,Myeloid,285
CID4530N,ER+,4409,Myeloid,96
CID4535,ER+,3961,Myeloid,255
CID3586,HER2+,6178,Myeloid,200
CID3838,HER2+,2353,Myeloid,444
CID3921,HER2+,3024,Myeloid,385
CID4066,HER2+,5309,Myeloid,221
CID45171,HER2+,2447,Myeloid,172
CID3946,TNBC,774,Myeloid,157
CID3963,TNBC,3527,Myeloid,479
CID44041,TNBC,2131,Myeloid,105
CID4465,TNBC,1564,Myeloid,181
CID4495,TNBC,7985,Myeloid,897
CID44971,TNBC,7986,Myeloid,684
CID44991,TNBC,7023,Myeloid,206
CID4513,TNBC,5619,Myeloid,2795
CID4515,TNBC,4149,Myeloid,563
CID4523,TNBC,1754,Myeloid,355
CID3941,ER+,631,B-cells,55
CID3948,ER+,2327,B-cells,85
CID4040,ER+,2531,B-cells,105
CID4067,ER+,3764,B-cells,53
CID4290A,ER+,5789,B-cells,117
CID4398,ER+,4451,B-cells,36
CID4461,ER+,631,B-cells,0
CID4463,ER+,1138,B-cells,0
CID4471,ER+,8609,B-cells,99
CID4530N,ER+,4409,B-cells,0
CID4535,ER+,3961,B-cells,56
CID3586,HER2+,6178,B-cells,321
CID3838,HER2+,2353,B-cells,47
CID3921,HER2+,3024,B-cells,162
CID4066,HER2+,5309,B-cells,38
CID45171,HER2+,2447,B-cells,56
CID3946,TNBC,774,B-cells,0
CID3963,TNBC,3527,B-cells,0
CID44041,TNBC,2131,B-cells,176
CID4465,TNBC,1564,B-cells,33
CID4495,TNBC,7985,B-cells,773
CID44971,TNBC,7986,B-cells,369
CID44991,TNBC,7023,B-cells,88
CID4513,TNBC,5619,B-cells,43
CID4515,TNBC,4149,B-cells,494
CID4523,TNBC,1754,B-cells,0
CID3941,ER+,631,Plasmablasts,0
CID3948,ER+,2327,Plasmablasts,232
CID4040,ER+,2531,Plasmablasts,74
CID4067,ER+,3764,Plasmablasts,0
CID4290A,ER+,5789,Plasmablasts,0
CID4398,ER+,4451,Plasmablasts,91
CID4461,ER+,631,Plasmablasts,32
CID4463,ER+,1138,Plasmablasts,0
CID4471,ER+,8609,Plasmablasts,51
CID4530N,ER+,4409,Plasmablasts,55
CID4535,ER+,3961,Plasmablasts,96
CID3586,HER2+,6178,Plasmablasts,0
CID3838,HER2+,2353,Plasmablasts,51
CID3921,HER2+,3024,Plasmablasts,175
CID4066,HER2+,5309,Plasmablasts,0
CID45171,HER2+,2447,Plasmablasts,0
CID3946,TNBC,774,Plasmablasts,0
CID3963,TNBC,3527,Plasmablasts,0
CID44041,TNBC,2131,Plasmablasts,0
CID4465,TNBC,1564,Plasmablasts,110
CID4495,TNBC,7985,Plasmablasts,1020
CID44971,TNBC,7986,Plasmablasts,48
CID44991,TNBC,7023,Plasmablasts,1453
CID4513,TNBC,5619,Plasmablasts,0
CID4515,TNBC,4149,Plasmablasts,36
CID4523,TNBC,1754,Plasmablasts,0
