run,pathology,CAFs,T cells CD8+,PVL,Cancer Epithelial
baseline,Adipose tissue,0.03923302447766907,0.028457748196913362,0.00013330698466297326,0.7016535106000219
baseline,Invasive cancer,0.02752093197953761,0.00012849839785328238,0.00013361652550447428,0.8590040130656993
baseline,Invasive cancer + adipose tissue + lymphocytes,0.017256432700674954,9.40738250734354e-05,0.004985889416893932,0.8789143478738098
baseline,Invasive cancer + lymphocytes,0.02237135781470677,0.00013120681411164255,0.002038505088553656,0.8574877310002981
baseline,Lymphocytes,0.06830999304792486,0.021509867867872123,0.00041333346331751504,0.4044300918475721
baseline,Missing,0.004487888232906308,0.0027942887889282043,0.006364085338347778,0.8823898785460595
baseline,Stroma,0.14211286915855995,0.01056506952377567,0.00020563224778540615,0.5003059355075978
baseline,Uncertain,0.04372336280115606,0.00019249081624493153,0.004701397500154438,0.7875245209361772
1001,Adipose tissue,0.037326999722341846,0.015584147134155055,0.00013637625060608434,0.6515299540295274
1001,Invasive cancer,0.025419869424123564,0.002100098132970239,0.00013529534712396543,0.8530339995266468
1001,Invasive cancer + adipose tissue + lymphocytes,0.01420245931181276,9.489194074387275e-05,0.00610200479540579,0.8715075718225637
1001,Invasive cancer + lymphocytes,0.021038522404493866,0.0034341761469456325,0.0021742641155398225,0.8528377224423824
1001,Lymphocytes,0.06224841850266812,0.03324706745218174,0.00031363718553776936,0.4230413041745344
1001,Missing,0.0056625891286016024,0.007350389519203089,0.006295336891339196,0.8743753956678113
1001,Stroma,0.13252959961448962,0.016225284360544396,0.00021099600266004728,0.4971613208226322
1001,Uncertain,0.040813347365994276,0.005929671393848855,0.003030077193734967,0.791132454587098
1002,Adipose tissue,0.03723876588736651,0.02686684695131968,0.00013665565541383197,0.7117621189156904
1002,Invasive cancer,0.027247253484842734,0.0016090371617225267,0.00018104115074467212,0.8639641006135385
1002,Invasive cancer + adipose tissue + lymphocytes,0.022239155905926043,0.002270637596604798,0.005407196125925114,0.8974155525439267
1002,Invasive cancer + lymphocytes,0.02341830650491115,0.0012779947871260108,0.0024110347465252043,0.8634510108542285
1002,Lymphocytes,0.07321980749498518,0.032639209361892144,0.001466828906180243,0.42809874382346513
1002,Missing,0.006416862827533448,0.007800800722911691,0.006067424048779808,0.8852206266499888
1002,Stroma,0.13640448441002756,0.01289929507723209,0.00021364767857129128,0.5293311783805209
1002,Uncertain,0.04526308721698476,0.002990373014590107,0.001396894514838986,0.8003293433283449
1003,Adipose tissue,0.03562360879084393,0.02461463037375975,0.00014154358475062826,0.6789960893228044
1003,Invasive cancer,0.026617958739483305,0.000137589865244751,0.0001337266755781236,0.8587332004761119
1003,Invasive cancer + adipose tissue + lymphocytes,0.012021822620414489,0.0096728922042475,0.005178349666107996,0.8825763850385372
1003,Invasive cancer + lymphocytes,0.022917536978988812,0.00013321385661414198,0.0019728378687503146,0.8570549515135372
1003,Lymphocytes,0.06603954292356458,0.04780501407636822,0.0014613406419996746,0.44165113224523905
1003,Missing,0.006068310616541068,0.009858304498799372,0.0046534842713166396,0.8924793692202517
1003,Stroma,0.1401592829277652,0.01630028240100791,0.00022214205558630635,0.5019700238356339
1003,Uncertain,0.04079763345388065,0.0020418539920540038,0.002531944173956363,0.7925316185207225
1004,Adipose tissue,0.03893426351208971,0.022203669550355465,0.00014317510963323136,0.719361069157419
1004,Invasive cancer,0.025265624729089796,0.0014997129894248247,0.00013799214314951013,0.8625121708702956
1004,Invasive cancer + adipose tissue + lymphocytes,0.012052468111291825,9.222766142374121e-05,0.006518972650970069,0.8764644430656325
1004,Invasive cancer + lymphocytes,0.020031183856895028,0.0016077953939176404,0.002747740855293777,0.8563467137693692
1004,Lymphocytes,0.0722466027504817,0.03129456019456467,0.0003901592005569036,0.4186517135883368
1004,Missing,0.006135551390619234,0.0010458931496781694,0.005623485566289437,0.8796917739133857
1004,Stroma,0.13134703096449185,0.011448504459339896,0.00020090447808255202,0.5002209482649348
1004,Uncertain,0.04095574285549099,0.002586778102391503,0.0035303997456386585,0.7995095549718098
1005,Adipose tissue,0.03564178099306042,0.015473554424177634,0.00018731519207630171,0.6973205129640044
1005,Invasive cancer,0.02630737890707041,0.00013548960141548602,0.00013757154752953597,0.863176332134262
1005,Invasive cancer + adipose tissue + lymphocytes,0.008954161517233118,9.154308054582728e-05,0.0038816825259509113,0.9002953148551371
1005,Invasive cancer + lymphocytes,0.020958354778411997,0.0006354239399975618,0.002115956178430268,0.8592098204042413
1005,Lymphocytes,0.0671916589610396,0.018640696382203885,0.001688055141077871,0.4006111857354536
1005,Missing,0.005602039045321465,8.699224034145261e-05,0.006285405004287871,0.873528271845441
1005,Stroma,0.13619882812801157,0.007404463103726975,0.00020552676306683992,0.5076194817972023
1005,Uncertain,0.0372564223743387,0.00028077343643972193,0.003941843397187707,0.8000011580986459
1006,Adipose tissue,0.0350754155029926,0.029690107472135033,0.00014264488214301612,0.733040774313364
1006,Invasive cancer,0.02362421765358968,0.0063123117870696275,0.00013284993582550508,0.8696863406846489
1006,Invasive cancer + adipose tissue + lymphocytes,0.012649463673503144,9.13596224992295e-05,0.006269591606052494,0.8872262984475406
1006,Invasive cancer + lymphocytes,0.019289552630181825,0.00716603277385592,0.0013843437197655882,0.8647228508242351
1006,Lymphocytes,0.06603175418867296,0.07267776235016446,0.00031898757872026535,0.47490691092427983
1006,Missing,0.00608274465514773,0.01289297007683272,0.005246691137465111,0.88897919470397
1006,Stroma,0.12939697480477755,0.028699043204520748,0.00025125944137579446,0.54199181997617
1006,Uncertain,0.03820894685093063,0.008372734405061878,0.0020088579703784436,0.8086830167534721
1007,Adipose tissue,0.042736834371663396,0.01905073798799469,0.0001369604072787404,0.716546454139219
1007,Invasive cancer,0.02758163076300288,0.00012887075422674899,0.0001337542223237255,0.8639754040328468
1007,Invasive cancer + adipose tissue + lymphocytes,0.01401934534113969,9.420225201157531e-05,0.003220795801922208,0.889201827223937
1007,Invasive cancer + lymphocytes,0.022184841820376704,0.0001316945048126672,0.0014200596628515865,0.8601476560857427
1007,Lymphocytes,0.0703379932210841,0.048547630476472176,0.0002749567896384148,0.4425725541040089
1007,Missing,0.007189936899922759,8.805796912040234e-05,0.004283091992454821,0.8773289776913898
1007,Stroma,0.1324712048769563,0.01621299032200136,0.00021668748955298316,0.5184072415514834
1007,Uncertain,0.04285253064944713,0.001103043515086213,0.0006008743743421279,0.7982744148259128
1008,Adipose tissue,0.039147103943999235,0.009325558426403034,0.00014265091716378798,0.6652467379587792
1008,Invasive cancer,0.026793811326068135,0.00012918100981249242,0.00014493921306899863,0.8585494716799826
1008,Invasive cancer + adipose tissue + lymphocytes,0.014802601349794917,9.204378254710643e-05,0.0024987626335643775,0.8937653827711582
1008,Invasive cancer + lymphocytes,0.02220901121394192,0.00013134606279932868,0.002452562993587124,0.8549462099103431
1008,Lymphocytes,0.06922860700267311,0.009288064822880188,0.0008868822356790904,0.3977548062702506
1008,Missing,0.005822542151280547,0.00012940939756336857,0.005892675963302722,0.8764406723203445
1008,Stroma,0.13917408763756267,0.0049653970628676485,0.00020213920008196545,0.494283791345175
1008,Uncertain,0.04087600245529574,0.00013617277916835348,0.003471593248471187,0.7887650299479828
1009,Adipose tissue,0.03499514559336847,0.03268323866653368,0.0001431918549535867,0.7289443933479905
1009,Invasive cancer,0.024232978951228355,0.00015128978027620338,0.00013402336011200154,0.858760961316323
1009,Invasive cancer + adipose tissue + lymphocytes,0.013758604489626881,9.222371567602115e-05,0.0014631787197445102,0.8749849844654666
1009,Invasive cancer + lymphocytes,0.021857806281653378,0.0002364642061436001,0.0020609135441114162,0.8617948571684209
1009,Lymphocytes,0.062024810746397374,0.06045976634029444,0.002855234812390788,0.43944290462173546
1009,Missing,0.0058981567325967306,8.969018546497677e-05,0.006269368554216735,0.8741462489626821
1009,Stroma,0.1318187743272833,0.01764946840933126,0.00021238911964851167,0.5133097747162604
1009,Uncertain,0.04012805954370804,0.001319383852366597,0.00029300759388626224,0.7943974535941616
1010,Adipose tissue,0.036390066372285375,0.030044829711563394,0.00017545020885221093,0.7203479755257487
1010,Invasive cancer,0.024087436969377523,0.002617951946634409,0.00013927965884984162,0.8657290289096242
1010,Invasive cancer + adipose tissue + lymphocytes,0.016954940104586886,0.012931309911466725,0.00478323046374967,0.8831888237292714
1010,Invasive cancer + lymphocytes,0.02079323068287083,0.0035122529485604077,0.0025921512918457546,0.8625588385355267
1010,Lymphocytes,0.05904292621403734,0.051147767733625435,0.0019487978520370823,0.44755642860338296
1010,Missing,0.005588473991899416,0.007642040749698419,0.005414493016689762,0.8887932833077788
1010,Stroma,0.13262012322867717,0.02324067121758365,0.00021017145299817003,0.5115798820758861
1010,Uncertain,0.04044545776313053,0.005956638189573109,0.0016254978196302585,0.7968551281622914
