spot_id,B-cells,CAFs,Cancer Epithelial,Endothelial,Myeloid,NK cells,Normal Epithelial,PVL,Plasmablasts,T cells
mix_0000_depth100,0.0,0.0,0.8,0.0,0.0,0.0,0.0,0.1,0.0,0.1
mix_0000_depth25,0.0,0.0,0.8,0.0,0.0,0.0,0.0,0.1,0.0,0.1
mix_0001_depth100,0.0,0.0,0.8,0.0,0.0,0.0,0.0,0.1,0.0,0.1
mix_0001_depth25,0.0,0.0,0.8,0.0,0.0,0.0,0.0,0.1,0.0,0.1
mix_0002_depth100,0.0,0.0,0.8,0.0,0.0,0.0,0.0,0.1,0.0,0.1
mix_0002_depth25,0.0,0.0,0.8,0.0,0.0,0.0,0.0,0.1,0.0,0.1
mix_0003_depth100,0.0,0.0,0.8,0.0,0.1,0.0,0.0,0.1,0.0,0.0
mix_0003_depth25,0.0,0.0,0.8,0.0,0.1,0.0,0.0,0.1,0.0,0.0
mix_0004_depth100,0.0,0.0,0.8,0.0,0.1,0.0,0.0,0.1,0.0,0.0
mix_0004_depth25,0.0,0.0,0.8,0.0,0.1,0.0,0.0,0.1,0.0,0.0
mix_0005_depth100,0.0,0.0,0.8,0.0,0.1,0.0,0.0,0.1,0.0,0.0
mix_0005_depth25,0.0,0.0,0.8,0.0,0.1,0.0,0.0,0.1,0.0,0.0
mix_0006_depth100,0.0,0.0,0.8,0.1,0.0,0.0,0.0,0.1,0.0,0.0
mix_0006_depth25,0.0,0.0,0.8,0.1,0.0,0.0,0.0,0.1,0.0,0.0
mix_0007_depth100,0.0,0.0,0.8,0.1,0.0,0.0,0.0,0.1,0.0,0.0
mix_0007_depth25,0.0,0.0,0.8,0.1,0.0,0.0,0.0,0.1,0.0,0.0
mix_0008_depth100,0.0,0.0,0.8,0.1,0.0,0.0,0.0,0.1,0.0,0.0
mix_0008_depth25,0.0,0.0,0.8,0.1,0.0,0.0,0.0,0.1,0.0,0.0
mix_0009_depth100,0.1,0.0,0.8,0.0,0.0,0.0,0.0,0.1,0.0,0.0
mix_0009_depth25,0.1,0.0,0.8,0.0,0.0,0.0,0.0,0.1,0.0,0.0
mix_0010_depth100,0.1,0.0,0.8,0.0,0.0,0.0,0.0,0.1,0.0,0.0
mix_0010_depth25,0.1,0.0,0.8,0.0,0.0,0.0,0.0,0.1,0.0,0.0
mix_0011_depth100,0.1,0.0,0.8,0.0,0.0,0.0,0.0,0.1,0.0,0.0
mix_0011_depth25,0.1,0.0,0.8,0.0,0.0,0.0,0.0,0.1,0.0,0.0
mix_0012_depth100,0.0,0.0,0.8,0.0,0.0,0.1,0.0,0.1,0.0,0.0
mix_0012_depth25,0.0,0.0,0.8,0.0,0.0,0.1,0.0,0.1,0.0,0.0
mix_0013_depth100,0.0,0.0,0.8,0.0,0.0,0.1,0.0,0.1,0.0,0.0
mix_0013_depth25,0.0,0.0,0.8,0.0,0.0,0.1,0.0,0.1,0.0,0.0
mix_0014_depth100,0.0,0.0,0.8,0.0,0.0,0.1,0.0,0.1,0.0,0.0
mix_0014_depth25,0.0,0.0,0.8,0.0,0.0,0.1,0.0,0.1,0.0,0.0
mix_0015_depth100,0.0,0.0,0.8,0.0,0.0,0.0,0.0,0.1,0.0,0.1
mix_0015_depth25,0.0,0.0,0.8,0.0,0.0,0.0,0.0,0.1,0.0,0.1
mix_0016_depth100,0.0,0.0,0.8,0.0,0.0,0.0,0.0,0.1,0.0,0.1
mix_0016_depth25,0.0,0.0,0.8,0.0,0.0,0.0,0.0,0.1,0.0,0.1
mix_0017_depth100,0.0,0.0,0.8,0.0,0.0,0.0,0.0,0.1,0.0,0.1
mix_0017_depth25,0.0,0.0,0.8,0.0,0.0,0.0,0.0,0.1,0.0,0.1
mix_0018_depth100,0.0,0.0,0.8,0.0,0.0,0.0,0.0,0.1,0.0,0.1
mix_0018_depth25,0.0,0.0,0.8,0.0,0.0,0.0,0.0,0.1,0.0,0.1
mix_0019_depth100,0.0,0.0,0.8,0.0,0.0,0.0,0.0,0.1,0.0,0.1
mix_0019_depth25,0.0,0.0,0.8,0.0,0.0,0.0,0.0,0.1,0.0,0.1
mix_0020_depth100,0.0,0.0,0.8,0.0,0.0,0.0,0.0,0.1,0.0,0.1
mix_0020_depth25,0.0,0.0,0.8,0.0,0.0,0.0,0.0,0.1,0.0,0.1
mix_0021_depth100,0.0,0.0,0.7,0.0,0.0,0.0,0.0,0.1,0.0,0.2
mix_0021_depth25,0.0,0.0,0.7,0.0,0.0,0.0,0.0,0.1,0.0,0.2
mix_0022_depth100,0.0,0.0,0.7,0.0,0.0,0.0,0.0,0.1,0.0,0.2
mix_0022_depth25,0.0,0.0,0.7,0.0,0.0,0.0,0.0,0.1,0.0,0.2
mix_0023_depth100,0.0,0.0,0.7,0.0,0.0,0.0,0.0,0.1,0.0,0.2
mix_0023_depth25,0.0,0.0,0.7,0.0,0.0,0.0,0.0,0.1,0.0,0.2
mix_0024_depth100,0.0,0.0,0.7,0.0,0.1,0.0,0.0,0.1,0.0,0.1
mix_0024_depth25,0.0,0.0,0.7,0.0,0.1,0.0,0.0,0.1,0.0,0.1
mix_0025_depth100,0.0,0.0,0.7,0.0,0.1,0.0,0.0,0.1,0.0,0.1
mix_0025_depth25,0.0,0.0,0.7,0.0,0.1,0.0,0.0,0.1,0.0,0.1
mix_0026_depth100,0.0,0.0,0.7,0.0,0.1,0.0,0.0,0.1,0.0,0.1
mix_0026_depth25,0.0,0.0,0.7,0.0,0.1,0.0,0.0,0.1,0.0,0.1
mix_0027_depth100,0.0,0.0,0.7,0.1,0.0,0.0,0.0,0.1,0.0,0.1
mix_0027_depth25,0.0,0.0,0.7,0.1,0.0,0.0,0.0,0.1,0.0,0.1
mix_0028_depth100,0.0,0.0,0.7,0.1,0.0,0.0,0.0,0.1,0.0,0.1
mix_0028_depth25,0.0,0.0,0.7,0.1,0.0,0.0,0.0,0.1,0.0,0.1
mix_0029_depth100,0.0,0.0,0.7,0.1,0.0,0.0,0.0,0.1,0.0,0.1
mix_0029_depth25,0.0,0.0,0.7,0.1,0.0,0.0,0.0,0.1,0.0,0.1
mix_0030_depth100,0.1,0.0,0.7,0.0,0.0,0.0,0.0,0.1,0.0,0.1
mix_0030_depth25,0.1,0.0,0.7,0.0,0.0,0.0,0.0,0.1,0.0,0.1
mix_0031_depth100,0.1,0.0,0.7,0.0,0.0,0.0,0.0,0.1,0.0,0.1
mix_0031_depth25,0.1,0.0,0.7,0.0,0.0,0.0,0.0,0.1,0.0,0.1
mix_0032_depth100,0.1,0.0,0.7,0.0,0.0,0.0,0.0,0.1,0.0,0.1
mix_0032_depth25,0.1,0.0,0.7,0.0,0.0,0.0,0.0,0.1,0.0,0.1
mix_0033_depth100,0.0,0.0,0.7,0.0,0.0,0.1,0.0,0.1,0.0,0.1
mix_0033_depth25,0.0,0.0,0.7,0.0,0.0,0.1,0.0,0.1,0.0,0.1
mix_0034_depth100,0.0,0.0,0.7,0.0,0.0,0.1,0.0,0.1,0.0,0.1
mix_0034_depth25,0.0,0.0,0.7,0.0,0.0,0.1,0.0,0.1,0.0,0.1
mix_0035_depth100,0.0,0.0,0.7,0.0,0.0,0.1,0.0,0.1,0.0,0.1
mix_0035_depth25,0.0,0.0,0.7,0.0,0.0,0.1,0.0,0.1,0.0,0.1
mix_0036_depth100,0.0,0.0,0.7,0.0,0.0,0.0,0.0,0.1,0.0,0.2
mix_0036_depth25,0.0,0.0,0.7,0.0,0.0,0.0,0.0,0.1,0.0,0.2
mix_0037_depth100,0.0,0.0,0.7,0.0,0.0,0.0,0.0,0.1,0.0,0.2
mix_0037_depth25,0.0,0.0,0.7,0.0,0.0,0.0,0.0,0.1,0.0,0.2
mix_0038_depth100,0.0,0.0,0.7,0.0,0.0,0.0,0.0,0.1,0.0,0.2
mix_0038_depth25,0.0,0.0,0.7,0.0,0.0,0.0,0.0,0.1,0.0,0.2
mix_0039_depth100,0.0,0.0,0.7,0.0,0.0,0.0,0.0,0.1,0.0,0.2
mix_0039_depth25,0.0,0.0,0.7,0.0,0.0,0.0,0.0,0.1,0.0,0.2
mix_0040_depth100,0.0,0.0,0.7,0.0,0.0,0.0,0.0,0.1,0.0,0.2
mix_0040_depth25,0.0,0.0,0.7,0.0,0.0,0.0,0.0,0.1,0.0,0.2
mix_0041_depth100,0.0,0.0,0.7,0.0,0.0,0.0,0.0,0.1,0.0,0.2
mix_0041_depth25,0.0,0.0,0.7,0.0,0.0,0.0,0.0,0.1,0.0,0.2
mix_0042_depth100,0.0,0.0,0.5,0.0,0.0,0.0,0.0,0.1,0.0,0.4
mix_0042_depth25,0.0,0.0,0.5,0.0,0.0,0.0,0.0,0.1,0.0,0.4
mix_0043_depth100,0.0,0.0,0.5,0.0,0.0,0.0,0.0,0.1,0.0,0.4
mix_0043_depth25,0.0,0.0,0.5,0.0,0.0,0.0,0.0,0.1,0.0,0.4
mix_0044_depth100,0.0,0.0,0.5,0.0,0.0,0.0,0.0,0.1,0.0,0.4
mix_0044_depth25,0.0,0.0,0.5,0.0,0.0,0.0,0.0,0.1,0.0,0.4
mix_0045_depth100,0.0,0.0,0.5,0.0,0.1,0.0,0.0,0.1,0.0,0.3
mix_0045_depth25,0.0,0.0,0.5,0.0,0.1,0.0,0.0,0.1,0.0,0.3
mix_0046_depth100,0.0,0.0,0.5,0.0,0.1,0.0,0.0,0.1,0.0,0.3
mix_0046_depth25,0.0,0.0,0.5,0.0,0.1,0.0,0.0,0.1,0.0,0.3
mix_0047_depth100,0.0,0.0,0.5,0.0,0.1,0.0,0.0,0.1,0.0,0.3
mix_0047_depth25,0.0,0.0,0.5,0.0,0.1,0.0,0.0,0.1,0.0,0.3
mix_0048_depth100,0.0,0.0,0.5,0.1,0.0,0.0,0.0,0.1,0.0,0.3
mix_0048_depth25,0.0,0.0,0.5,0.1,0.0,0.0,0.0,0.1,0.0,0.3
mix_0049_depth100,0.0,0.0,0.5,0.1,0.0,0.0,0.0,0.1,0.0,0.3
mix_0049_depth25,0.0,0.0,0.5,0.1,0.0,0.0,0.0,0.1,0.0,0.3
mix_0050_depth100,0.0,0.0,0.5,0.1,0.0,0.0,0.0,0.1,0.0,0.3
mix_0050_depth25,0.0,0.0,0.5,0.1,0.0,0.0,0.0,0.1,0.0,0.3
mix_0051_depth100,0.1,0.0,0.5,0.0,0.0,0.0,0.0,0.1,0.0,0.3
mix_0051_depth25,0.1,0.0,0.5,0.0,0.0,0.0,0.0,0.1,0.0,0.3
mix_0052_depth100,0.1,0.0,0.5,0.0,0.0,0.0,0.0,0.1,0.0,0.3
mix_0052_depth25,0.1,0.0,0.5,0.0,0.0,0.0,0.0,0.1,0.0,0.3
mix_0053_depth100,0.1,0.0,0.5,0.0,0.0,0.0,0.0,0.1,0.0,0.3
mix_0053_depth25,0.1,0.0,0.5,0.0,0.0,0.0,0.0,0.1,0.0,0.3
mix_0054_depth100,0.0,0.0,0.5,0.0,0.0,0.1,0.0,0.1,0.0,0.3
mix_0054_depth25,0.0,0.0,0.5,0.0,0.0,0.1,0.0,0.1,0.0,0.3
mix_0055_depth100,0.0,0.0,0.5,0.0,0.0,0.1,0.0,0.1,0.0,0.3
mix_0055_depth25,0.0,0.0,0.5,0.0,0.0,0.1,0.0,0.1,0.0,0.3
mix_0056_depth100,0.0,0.0,0.5,0.0,0.0,0.1,0.0,0.1,0.0,0.3
mix_0056_depth25,0.0,0.0,0.5,0.0,0.0,0.1,0.0,0.1,0.0,0.3
mix_0057_depth100,0.0,0.0,0.5,0.0,0.0,0.0,0.0,0.1,0.0,0.4
mix_0057_depth25,0.0,0.0,0.5,0.0,0.0,0.0,0.0,0.1,0.0,0.4
mix_0058_depth100,0.0,0.0,0.5,0.0,0.0,0.0,0.0,0.1,0.0,0.4
mix_0058_depth25,0.0,0.0,0.5,0.0,0.0,0.0,0.0,0.1,0.0,0.4
mix_0059_depth100,0.0,0.0,0.5,0.0,0.0,0.0,0.0,0.1,0.0,0.4
mix_0059_depth25,0.0,0.0,0.5,0.0,0.0,0.0,0.0,0.1,0.0,0.4
mix_0060_depth100,0.0,0.0,0.5,0.0,0.0,0.0,0.0,0.1,0.0,0.4
mix_0060_depth25,0.0,0.0,0.5,0.0,0.0,0.0,0.0,0.1,0.0,0.4
mix_0061_depth100,0.0,0.0,0.5,0.0,0.0,0.0,0.0,0.1,0.0,0.4
mix_0061_depth25,0.0,0.0,0.5,0.0,0.0,0.0,0.0,0.1,0.0,0.4
mix_0062_depth100,0.0,0.0,0.5,0.0,0.0,0.0,0.0,0.1,0.0,0.4
mix_0062_depth25,0.0,0.0,0.5,0.0,0.0,0.0,0.0,0.1,0.0,0.4
mix_0063_depth100,0.0,0.1,0.7,0.0,0.0,0.0,0.0,0.1,0.0,0.1
mix_0063_depth25,0.0,0.1,0.7,0.0,0.0,0.0,0.0,0.1,0.0,0.1
mix_0064_depth100,0.0,0.1,0.7,0.0,0.0,0.0,0.0,0.1,0.0,0.1
mix_0064_depth25,0.0,0.1,0.7,0.0,0.0,0.0,0.0,0.1,0.0,0.1
mix_0065_depth100,0.0,0.1,0.7,0.0,0.0,0.0,0.0,0.1,0.0,0.1
mix_0065_depth25,0.0,0.1,0.7,0.0,0.0,0.0,0.0,0.1,0.0,0.1
mix_0066_depth100,0.0,0.1,0.7,0.0,0.1,0.0,0.0,0.1,0.0,0.0
mix_0066_depth25,0.0,0.1,0.7,0.0,0.1,0.0,0.0,0.1,0.0,0.0
mix_0067_depth100,0.0,0.1,0.7,0.0,0.1,0.0,0.0,0.1,0.0,0.0
mix_0067_depth25,0.0,0.1,0.7,0.0,0.1,0.0,0.0,0.1,0.0,0.0
mix_0068_depth100,0.0,0.1,0.7,0.0,0.1,0.0,0.0,0.1,0.0,0.0
mix_0068_depth25,0.0,0.1,0.7,0.0,0.1,0.0,0.0,0.1,0.0,0.0
mix_0069_depth100,0.0,0.1,0.7,0.1,0.0,0.0,0.0,0.1,0.0,0.0
mix_0069_depth25,0.0,0.1,0.7,0.1,0.0,0.0,0.0,0.1,0.0,0.0
mix_0070_depth100,0.0,0.1,0.7,0.1,0.0,0.0,0.0,0.1,0.0,0.0
mix_0070_depth25,0.0,0.1,0.7,0.1,0.0,0.0,0.0,0.1,0.0,0.0
mix_0071_depth100,0.0,0.1,0.7,0.1,0.0,0.0,0.0,0.1,0.0,0.0
mix_0071_depth25,0.0,0.1,0.7,0.1,0.0,0.0,0.0,0.1,0.0,0.0
mix_0072_depth100,0.1,0.1,0.7,0.0,0.0,0.0,0.0,0.1,0.0,0.0
mix_0072_depth25,0.1,0.1,0.7,0.0,0.0,0.0,0.0,0.1,0.0,0.0
mix_0073_depth100,0.1,0.1,0.7,0.0,0.0,0.0,0.0,0.1,0.0,0.0
mix_0073_depth25,0.1,0.1,0.7,0.0,0.0,0.0,0.0,0.1,0.0,0.0
mix_0074_depth100,0.1,0.1,0.7,0.0,0.0,0.0,0.0,0.1,0.0,0.0
mix_0074_depth25,0.1,0.1,0.7,0.0,0.0,0.0,0.0,0.1,0.0,0.0
mix_0075_depth100,0.0,0.1,0.7,0.0,0.0,0.1,0.0,0.1,0.0,0.0
mix_0075_depth25,0.0,0.1,0.7,0.0,0.0,0.1,0.0,0.1,0.0,0.0
mix_0076_depth100,0.0,0.1,0.7,0.0,0.0,0.1,0.0,0.1,0.0,0.0
mix_0076_depth25,0.0,0.1,0.7,0.0,0.0,0.1,0.0,0.1,0.0,0.0
mix_0077_depth100,0.0,0.1,0.7,0.0,0.0,0.1,0.0,0.1,0.0,0.0
mix_0077_depth25,0.0,0.1,0.7,0.0,0.0,0.1,0.0,0.1,0.0,0.0
mix_0078_depth100,0.0,0.1,0.7,0.0,0.0,0.0,0.0,0.1,0.0,0.1
mix_0078_depth25,0.0,0.1,0.7,0.0,0.0,0.0,0.0,0.1,0.0,0.1
mix_0079_depth100,0.0,0.1,0.7,0.0,0.0,0.0,0.0,0.1,0.0,0.1
mix_0079_depth25,0.0,0.1,0.7,0.0,0.0,0.0,0.0,0.1,0.0,0.1
mix_0080_depth100,0.0,0.1,0.7,0.0,0.0,0.0,0.0,0.1,0.0,0.1
mix_0080_depth25,0.0,0.1,0.7,0.0,0.0,0.0,0.0,0.1,0.0,0.1
mix_0081_depth100,0.0,0.1,0.7,0.0,0.0,0.0,0.0,0.1,0.0,0.1
mix_0081_depth25,0.0,0.1,0.7,0.0,0.0,0.0,0.0,0.1,0.0,0.1
mix_0082_depth100,0.0,0.1,0.7,0.0,0.0,0.0,0.0,0.1,0.0,0.1
mix_0082_depth25,0.0,0.1,0.7,0.0,0.0,0.0,0.0,0.1,0.0,0.1
mix_0083_depth100,0.0,0.1,0.7,0.0,0.0,0.0,0.0,0.1,0.0,0.1
mix_0083_depth25,0.0,0.1,0.7,0.0,0.0,0.0,0.0,0.1,0.0,0.1
mix_0084_depth100,0.0,0.1,0.6,0.0,0.0,0.0,0.0,0.1,0.0,0.2
mix_0084_depth25,0.0,0.1,0.6,0.0,0.0,0.0,0.0,0.1,0.0,0.2
mix_0085_depth100,0.0,0.1,0.6,0.0,0.0,0.0,0.0,0.1,0.0,0.2
mix_0085_depth25,0.0,0.1,0.6,0.0,0.0,0.0,0.0,0.1,0.0,0.2
mix_0086_depth100,0.0,0.1,0.6,0.0,0.0,0.0,0.0,0.1,0.0,0.2
mix_0086_depth25,0.0,0.1,0.6,0.0,0.0,0.0,0.0,0.1,0.0,0.2
mix_0087_depth100,0.0,0.1,0.6,0.0,0.1,0.0,0.0,0.1,0.0,0.1
mix_0087_depth25,0.0,0.1,0.6,0.0,0.1,0.0,0.0,0.1,0.0,0.1
mix_0088_depth100,0.0,0.1,0.6,0.0,0.1,0.0,0.0,0.1,0.0,0.1
mix_0088_depth25,0.0,0.1,0.6,0.0,0.1,0.0,0.0,0.1,0.0,0.1
mix_0089_depth100,0.0,0.1,0.6,0.0,0.1,0.0,0.0,0.1,0.0,0.1
mix_0089_depth25,0.0,0.1,0.6,0.0,0.1,0.0,0.0,0.1,0.0,0.1
mix_0090_depth100,0.0,0.1,0.6,0.1,0.0,0.0,0.0,0.1,0.0,0.1
mix_0090_depth25,0.0,0.1,0.6,0.1,0.0,0.0,0.0,0.1,0.0,0.1
mix_0091_depth100,0.0,0.1,0.6,0.1,0.0,0.0,0.0,0.1,0.0,0.1
mix_0091_depth25,0.0,0.1,0.6,0.1,0.0,0.0,0.0,0.1,0.0,0.1
mix_0092_depth100,0.0,0.1,0.6,0.1,0.0,0.0,0.0,0.1,0.0,0.1
mix_0092_depth25,0.0,0.1,0.6,0.1,0.0,0.0,0.0,0.1,0.0,0.1
mix_0093_depth100,0.1,0.1,0.6,0.0,0.0,0.0,0.0,0.1,0.0,0.1
mix_0093_depth25,0.1,0.1,0.6,0.0,0.0,0.0,0.0,0.1,0.0,0.1
mix_0094_depth100,0.1,0.1,0.6,0.0,0.0,0.0,0.0,0.1,0.0,0.1
mix_0094_depth25,0.1,0.1,0.6,0.0,0.0,0.0,0.0,0.1,0.0,0.1
mix_0095_depth100,0.1,0.1,0.6,0.0,0.0,0.0,0.0,0.1,0.0,0.1
mix_0095_depth25,0.1,0.1,0.6,0.0,0.0,0.0,0.0,0.1,0.0,0.1
mix_0096_depth100,0.0,0.1,0.6,0.0,0.0,0.1,0.0,0.1,0.0,0.1
mix_0096_depth25,0.0,0.1,0.6,0.0,0.0,0.1,0.0,0.1,0.0,0.1
mix_0097_depth100,0.0,0.1,0.6,0.0,0.0,0.1,0.0,0.1,0.0,0.1
mix_0097_depth25,0.0,0.1,0.6,0.0,0.0,0.1,0.0,0.1,0.0,0.1
mix_0098_depth100,0.0,0.1,0.6,0.0,0.0,0.1,0.0,0.1,0.0,0.1
mix_0098_depth25,0.0,0.1,0.6,0.0,0.0,0.1,0.0,0.1,0.0,0.1
mix_0099_depth100,0.0,0.1,0.6,0.0,0.0,0.0,0.0,0.1,0.0,0.2
mix_0099_depth25,0.0,0.1,0.6,0.0,0.0,0.0,0.0,0.1,0.0,0.2
mix_0100_depth100,0.0,0.1,0.6,0.0,0.0,0.0,0.0,0.1,0.0,0.2
mix_0100_depth25,0.0,0.1,0.6,0.0,0.0,0.0,0.0,0.1,0.0,0.2
mix_0101_depth100,0.0,0.1,0.6,0.0,0.0,0.0,0.0,0.1,0.0,0.2
mix_0101_depth25,0.0,0.1,0.6,0.0,0.0,0.0,0.0,0.1,0.0,0.2
mix_0102_depth100,0.0,0.1,0.6,0.0,0.0,0.0,0.0,0.1,0.0,0.2
mix_0102_depth25,0.0,0.1,0.6,0.0,0.0,0.0,0.0,0.1,0.0,0.2
mix_0103_depth100,0.0,0.1,0.6,0.0,0.0,0.0,0.0,0.1,0.0,0.2
mix_0103_depth25,0.0,0.1,0.6,0.0,0.0,0.0,0.0,0.1,0.0,0.2
mix_0104_depth100,0.0,0.1,0.6,0.0,0.0,0.0,0.0,0.1,0.0,0.2
mix_0104_depth25,0.0,0.1,0.6,0.0,0.0,0.0,0.0,0.1,0.0,0.2
mix_0105_depth100,0.0,0.1,0.4,0.0,0.0,0.0,0.0,0.1,0.0,0.4
mix_0105_depth25,0.0,0.1,0.4,0.0,0.0,0.0,0.0,0.1,0.0,0.4
mix_0106_depth100,0.0,0.1,0.4,0.0,0.0,0.0,0.0,0.1,0.0,0.4
mix_0106_depth25,0.0,0.1,0.4,0.0,0.0,0.0,0.0,0.1,0.0,0.4
mix_0107_depth100,0.0,0.1,0.4,0.0,0.0,0.0,0.0,0.1,0.0,0.4
mix_0107_depth25,0.0,0.1,0.4,0.0,0.0,0.0,0.0,0.1,0.0,0.4
mix_0108_depth100,0.0,0.1,0.4,0.0,0.1,0.0,0.0,0.1,0.0,0.3
mix_0108_depth25,0.0,0.1,0.4,0.0,0.1,0.0,0.0,0.1,0.0,0.3
mix_0109_depth100,0.0,0.1,0.4,0.0,0.1,0.0,0.0,0.1,0.0,0.3
mix_0109_depth25,0.0,0.1,0.4,0.0,0.1,0.0,0.0,0.1,0.0,0.3
mix_0110_depth100,0.0,0.1,0.4,0.0,0.1,0.0,0.0,0.1,0.0,0.3
mix_0110_depth25,0.0,0.1,0.4,0.0,0.1,0.0,0.0,0.1,0.0,0.3
mix_0111_depth100,0.0,0.1,0.4,0.1,0.0,0.0,0.0,0.1,0.0,0.3
mix_0111_depth25,0.0,0.1,0.4,0.1,0.0,0.0,0.0,0.1,0.0,0.3
mix_0112_depth100,0.0,0.1,0.4,0.1,0.0,0.0,0.0,0.1,0.0,0.3
mix_0112_depth25,0.0,0.1,0.4,0.1,0.0,0.0,0.0,0.1,0.0,0.3
mix_0113_depth100,0.0,0.1,0.4,0.1,0.0,0.0,0.0,0.1,0.0,0.3
mix_0113_depth25,0.0,0.1,0.4,0.1,0.0,0.0,0.0,0.1,0.0,0.3
mix_0114_depth100,0.1,0.1,0.4,0.0,0.0,0.0,0.0,0.1,0.0,0.3
mix_0114_depth25,0.1,0.1,0.4,0.0,0.0,0.0,0.0,0.1,0.0,0.3
mix_0115_depth100,0.1,0.1,0.4,0.0,0.0,0.0,0.0,0.1,0.0,0.3
mix_0115_depth25,0.1,0.1,0.4,0.0,0.0,0.0,0.0,0.1,0.0,0.3
mix_0116_depth100,0.1,0.1,0.4,0.0,0.0,0.0,0.0,0.1,0.0,0.3
mix_0116_depth25,0.1,0.1,0.4,0.0,0.0,0.0,0.0,0.1,0.0,0.3
mix_0117_depth100,0.0,0.1,0.4,0.0,0.0,0.1,0.0,0.1,0.0,0.3
mix_0117_depth25,0.0,0.1,0.4,0.0,0.0,0.1,0.0,0.1,0.0,0.3
mix_0118_depth100,0.0,0.1,0.4,0.0,0.0,0.1,0.0,0.1,0.0,0.3
mix_0118_depth25,0.0,0.1,0.4,0.0,0.0,0.1,0.0,0.1,0.0,0.3
mix_0119_depth100,0.0,0.1,0.4,0.0,0.0,0.1,0.0,0.1,0.0,0.3
mix_0119_depth25,0.0,0.1,0.4,0.0,0.0,0.1,0.0,0.1,0.0,0.3
mix_0120_depth100,0.0,0.1,0.4,0.0,0.0,0.0,0.0,0.1,0.0,0.4
mix_0120_depth25,0.0,0.1,0.4,0.0,0.0,0.0,0.0,0.1,0.0,0.4
mix_0121_depth100,0.0,0.1,0.4,0.0,0.0,0.0,0.0,0.1,0.0,0.4
mix_0121_depth25,0.0,0.1,0.4,0.0,0.0,0.0,0.0,0.1,0.0,0.4
mix_0122_depth100,0.0,0.1,0.4,0.0,0.0,0.0,0.0,0.1,0.0,0.4
mix_0122_depth25,0.0,0.1,0.4,0.0,0.0,0.0,0.0,0.1,0.0,0.4
mix_0123_depth100,0.0,0.1,0.4,0.0,0.0,0.0,0.0,0.1,0.0,0.4
mix_0123_depth25,0.0,0.1,0.4,0.0,0.0,0.0,0.0,0.1,0.0,0.4
mix_0124_depth100,0.0,0.1,0.4,0.0,0.0,0.0,0.0,0.1,0.0,0.4
mix_0124_depth25,0.0,0.1,0.4,0.0,0.0,0.0,0.0,0.1,0.0,0.4
mix_0125_depth100,0.0,0.1,0.4,0.0,0.0,0.0,0.0,0.1,0.0,0.4
mix_0125_depth25,0.0,0.1,0.4,0.0,0.0,0.0,0.0,0.1,0.0,0.4
mix_0126_depth100,0.0,0.3,0.5,0.0,0.0,0.0,0.0,0.1,0.0,0.1
mix_0126_depth25,0.0,0.3,0.5,0.0,0.0,0.0,0.0,0.1,0.0,0.1
mix_0127_depth100,0.0,0.3,0.5,0.0,0.0,0.0,0.0,0.1,0.0,0.1
mix_0127_depth25,0.0,0.3,0.5,0.0,0.0,0.0,0.0,0.1,0.0,0.1
mix_0128_depth100,0.0,0.3,0.5,0.0,0.0,0.0,0.0,0.1,0.0,0.1
mix_0128_depth25,0.0,0.3,0.5,0.0,0.0,0.0,0.0,0.1,0.0,0.1
mix_0129_depth100,0.0,0.3,0.5,0.0,0.1,0.0,0.0,0.1,0.0,0.0
mix_0129_depth25,0.0,0.3,0.5,0.0,0.1,0.0,0.0,0.1,0.0,0.0
mix_0130_depth100,0.0,0.3,0.5,0.0,0.1,0.0,0.0,0.1,0.0,0.0
mix_0130_depth25,0.0,0.3,0.5,0.0,0.1,0.0,0.0,0.1,0.0,0.0
mix_0131_depth100,0.0,0.3,0.5,0.0,0.1,0.0,0.0,0.1,0.0,0.0
mix_0131_depth25,0.0,0.3,0.5,0.0,0.1,0.0,0.0,0.1,0.0,0.0
mix_0132_depth100,0.0,0.3,0.5,0.1,0.0,0.0,0.0,0.1,0.0,0.0
mix_0132_depth25,0.0,0.3,0.5,0.1,0.0,0.0,0.0,0.1,0.0,0.0
mix_0133_depth100,0.0,0.3,0.5,0.1,0.0,0.0,0.0,0.1,0.0,0.0
mix_0133_depth25,0.0,0.3,0.5,0.1,0.0,0.0,0.0,0.1,0.0,0.0
mix_0134_depth100,0.0,0.3,0.5,0.1,0.0,0.0,0.0,0.1,0.0,0.0
mix_0134_depth25,0.0,0.3,0.5,0.1,0.0,0.0,0.0,0.1,0.0,0.0
mix_0135_depth100,0.1,0.3,0.5,0.0,0.0,0.0,0.0,0.1,0.0,0.0
mix_0135_depth25,0.1,0.3,0.5,0.0,0.0,0.0,0.0,0.1,0.0,0.0
mix_0136_depth100,0.1,0.3,0.5,0.0,0.0,0.0,0.0,0.1,0.0,0.0
mix_0136_depth25,0.1,0.3,0.5,0.0,0.0,0.0,0.0,0.1,0.0,0.0
mix_0137_depth100,0.1,0.3,0.5,0.0,0.0,0.0,0.0,0.1,0.0,0.0
mix_0137_depth25,0.1,0.3,0.5,0.0,0.0,0.0,0.0,0.1,0.0,0.0
mix_0138_depth100,0.0,0.3,0.5,0.0,0.0,0.1,0.0,0.1,0.0,0.0
mix_0138_depth25,0.0,0.3,0.5,0.0,0.0,0.1,0.0,0.1,0.0,0.0
mix_0139_depth100,0.0,0.3,0.5,0.0,0.0,0.1,0.0,0.1,0.0,0.0
mix_0139_depth25,0.0,0.3,0.5,0.0,0.0,0.1,0.0,0.1,0.0,0.0
mix_0140_depth100,0.0,0.3,0.5,0.0,0.0,0.1,0.0,0.1,0.0,0.0
mix_0140_depth25,0.0,0.3,0.5,0.0,0.0,0.1,0.0,0.1,0.0,0.0
mix_0141_depth100,0.0,0.3,0.5,0.0,0.0,0.0,0.0,0.1,0.0,0.1
mix_0141_depth25,0.0,0.3,0.5,0.0,0.0,0.0,0.0,0.1,0.0,0.1
mix_0142_depth100,0.0,0.3,0.5,0.0,0.0,0.0,0.0,0.1,0.0,0.1
mix_0142_depth25,0.0,0.3,0.5,0.0,0.0,0.0,0.0,0.1,0.0,0.1
mix_0143_depth100,0.0,0.3,0.5,0.0,0.0,0.0,0.0,0.1,0.0,0.1
mix_0143_depth25,0.0,0.3,0.5,0.0,0.0,0.0,0.0,0.1,0.0,0.1
mix_0144_depth100,0.0,0.3,0.5,0.0,0.0,0.0,0.0,0.1,0.0,0.1
mix_0144_depth25,0.0,0.3,0.5,0.0,0.0,0.0,0.0,0.1,0.0,0.1
mix_0145_depth100,0.0,0.3,0.5,0.0,0.0,0.0,0.0,0.1,0.0,0.1
mix_0145_depth25,0.0,0.3,0.5,0.0,0.0,0.0,0.0,0.1,0.0,0.1
mix_0146_depth100,0.0,0.3,0.5,0.0,0.0,0.0,0.0,0.1,0.0,0.1
mix_0146_depth25,0.0,0.3,0.5,0.0,0.0,0.0,0.0,0.1,0.0,0.1
mix_0147_depth100,0.0,0.3,0.4,0.0,0.0,0.0,0.0,0.1,0.0,0.2
mix_0147_depth25,0.0,0.3,0.4,0.0,0.0,0.0,0.0,0.1,0.0,0.2
mix_0148_depth100,0.0,0.3,0.4,0.0,0.0,0.0,0.0,0.1,0.0,0.2
mix_0148_depth25,0.0,0.3,0.4,0.0,0.0,0.0,0.0,0.1,0.0,0.2
mix_0149_depth100,0.0,0.3,0.4,0.0,0.0,0.0,0.0,0.1,0.0,0.2
mix_0149_depth25,0.0,0.3,0.4,0.0,0.0,0.0,0.0,0.1,0.0,0.2
mix_0150_depth100,0.0,0.3,0.4,0.0,0.1,0.0,0.0,0.1,0.0,0.1
mix_0150_depth25,0.0,0.3,0.4,0.0,0.1,0.0,0.0,0.1,0.0,0.1
mix_0151_depth100,0.0,0.3,0.4,0.0,0.1,0.0,0.0,0.1,0.0,0.1
mix_0151_depth25,0.0,0.3,0.4,0.0,0.1,0.0,0.0,0.1,0.0,0.1
mix_0152_depth100,0.0,0.3,0.4,0.0,0.1,0.0,0.0,0.1,0.0,0.1
mix_0152_depth25,0.0,0.3,0.4,0.0,0.1,0.0,0.0,0.1,0.0,0.1
mix_0153_depth100,0.0,0.3,0.4,0.1,0.0,0.0,0.0,0.1,0.0,0.1
mix_0153_depth25,0.0,0.3,0.4,0.1,0.0,0.0,0.0,0.1,0.0,0.1
mix_0154_depth100,0.0,0.3,0.4,0.1,0.0,0.0,0.0,0.1,0.0,0.1
mix_0154_depth25,0.0,0.3,0.4,0.1,0.0,0.0,0.0,0.1,0.0,0.1
mix_0155_depth100,0.0,0.3,0.4,0.1,0.0,0.0,0.0,0.1,0.0,0.1
mix_0155_depth25,0.0,0.3,0.4,0.1,0.0,0.0,0.0,0.1,0.0,0.1
mix_0156_depth100,0.1,0.3,0.4,0.0,0.0,0.0,0.0,0.1,0.0,0.1
mix_0156_depth25,0.1,0.3,0.4,0.0,0.0,0.0,0.0,0.1,0.0,0.1
mix_0157_depth100,0.1,0.3,0.4,0.0,0.0,0.0,0.0,0.1,0.0,0.1
mix_0157_depth25,0.1,0.3,0.4,0.0,0.0,0.0,0.0,0.1,0.0,0.1
mix_0158_depth100,0.1,0.3,0.4,0.0,0.0,0.0,0.0,0.1,0.0,0.1
mix_0158_depth25,0.1,0.3,0.4,0.0,0.0,0.0,0.0,0.1,0.0,0.1
mix_0159_depth100,0.0,0.3,0.4,0.0,0.0,0.1,0.0,0.1,0.0,0.1
mix_0159_depth25,0.0,0.3,0.4,0.0,0.0,0.1,0.0,0.1,0.0,0.1
mix_0160_depth100,0.0,0.3,0.4,0.0,0.0,0.1,0.0,0.1,0.0,0.1
mix_0160_depth25,0.0,0.3,0.4,0.0,0.0,0.1,0.0,0.1,0.0,0.1
mix_0161_depth100,0.0,0.3,0.4,0.0,0.0,0.1,0.0,0.1,0.0,0.1
mix_0161_depth25,0.0,0.3,0.4,0.0,0.0,0.1,0.0,0.1,0.0,0.1
mix_0162_depth100,0.0,0.3,0.4,0.0,0.0,0.0,0.0,0.1,0.0,0.2
mix_0162_depth25,0.0,0.3,0.4,0.0,0.0,0.0,0.0,0.1,0.0,0.2
mix_0163_depth100,0.0,0.3,0.4,0.0,0.0,0.0,0.0,0.1,0.0,0.2
mix_0163_depth25,0.0,0.3,0.4,0.0,0.0,0.0,0.0,0.1,0.0,0.2
mix_0164_depth100,0.0,0.3,0.4,0.0,0.0,0.0,0.0,0.1,0.0,0.2
mix_0164_depth25,0.0,0.3,0.4,0.0,0.0,0.0,0.0,0.1,0.0,0.2
mix_0165_depth100,0.0,0.3,0.4,0.0,0.0,0.0,0.0,0.1,0.0,0.2
mix_0165_depth25,0.0,0.3,0.4,0.0,0.0,0.0,0.0,0.1,0.0,0.2
mix_0166_depth100,0.0,0.3,0.4,0.0,0.0,0.0,0.0,0.1,0.0,0.2
mix_0166_depth25,0.0,0.3,0.4,0.0,0.0,0.0,0.0,0.1,0.0,0.2
mix_0167_depth100,0.0,0.3,0.4,0.0,0.0,0.0,0.0,0.1,0.0,0.2
mix_0167_depth25,0.0,0.3,0.4,0.0,0.0,0.0,0.0,0.1,0.0,0.2
mix_0168_depth100,0.0,0.3,0.2,0.0,0.0,0.0,0.0,0.1,0.0,0.4
mix_0168_depth25,0.0,0.3,0.2,0.0,0.0,0.0,0.0,0.1,0.0,0.4
mix_0169_depth100,0.0,0.3,0.2,0.0,0.0,0.0,0.0,0.1,0.0,0.4
mix_0169_depth25,0.0,0.3,0.2,0.0,0.0,0.0,0.0,0.1,0.0,0.4
mix_0170_depth100,0.0,0.3,0.2,0.0,0.0,0.0,0.0,0.1,0.0,0.4
mix_0170_depth25,0.0,0.3,0.2,0.0,0.0,0.0,0.0,0.1,0.0,0.4
mix_0171_depth100,0.0,0.3,0.2,0.0,0.1,0.0,0.0,0.1,0.0,0.3
mix_0171_depth25,0.0,0.3,0.2,0.0,0.1,0.0,0.0,0.1,0.0,0.3
mix_0172_depth100,0.0,0.3,0.2,0.0,0.1,0.0,0.0,0.1,0.0,0.3
mix_0172_depth25,0.0,0.3,0.2,0.0,0.1,0.0,0.0,0.1,0.0,0.3
mix_0173_depth100,0.0,0.3,0.2,0.0,0.1,0.0,0.0,0.1,0.0,0.3
mix_0173_depth25,0.0,0.3,0.2,0.0,0.1,0.0,0.0,0.1,0.0,0.3
mix_0174_depth100,0.0,0.3,0.2,0.1,0.0,0.0,0.0,0.1,0.0,0.3
mix_0174_depth25,0.0,0.3,0.2,0.1,0.0,0.0,0.0,0.1,0.0,0.3
mix_0175_depth100,0.0,0.3,0.2,0.1,0.0,0.0,0.0,0.1,0.0,0.3
mix_0175_depth25,0.0,0.3,0.2,0.1,0.0,0.0,0.0,0.1,0.0,0.3
mix_0176_depth100,0.0,0.3,0.2,0.1,0.0,0.0,0.0,0.1,0.0,0.3
mix_0176_depth25,0.0,0.3,0.2,0.1,0.0,0.0,0.0,0.1,0.0,0.3
mix_0177_depth100,0.1,0.3,0.2,0.0,0.0,0.0,0.0,0.1,0.0,0.3
mix_0177_depth25,0.1,0.3,0.2,0.0,0.0,0.0,0.0,0.1,0.0,0.3
mix_0178_depth100,0.1,0.3,0.2,0.0,0.0,0.0,0.0,0.1,0.0,0.3
mix_0178_depth25,0.1,0.3,0.2,0.0,0.0,0.0,0.0,0.1,0.0,0.3
mix_0179_depth100,0.1,0.3,0.2,0.0,0.0,0.0,0.0,0.1,0.0,0.3
mix_0179_depth25,0.1,0.3,0.2,0.0,0.0,0.0,0.0,0.1,0.0,0.3
mix_0180_depth100,0.0,0.3,0.2,0.0,0.0,0.1,0.0,0.1,0.0,0.3
mix_0180_depth25,0.0,0.3,0.2,0.0,0.0,0.1,0.0,0.1,0.0,0.3
mix_0181_depth100,0.0,0.3,0.2,0.0,0.0,0.1,0.0,0.1,0.0,0.3
mix_0181_depth25,0.0,0.3,0.2,0.0,0.0,0.1,0.0,0.1,0.0,0.3
mix_0182_depth100,0.0,0.3,0.2,0.0,0.0,0.1,0.0,0.1,0.0,0.3
mix_0182_depth25,0.0,0.3,0.2,0.0,0.0,0.1,0.0,0.1,0.0,0.3
mix_0183_depth100,0.0,0.3,0.2,0.0,0.0,0.0,0.0,0.1,0.0,0.4
mix_0183_depth25,0.0,0.3,0.2,0.0,0.0,0.0,0.0,0.1,0.0,0.4
mix_0184_depth100,0.0,0.3,0.2,0.0,0.0,0.0,0.0,0.1,0.0,0.4
mix_0184_depth25,0.0,0.3,0.2,0.0,0.0,0.0,0.0,0.1,0.0,0.4
mix_0185_depth100,0.0,0.3,0.2,0.0,0.0,0.0,0.0,0.1,0.0,0.4
mix_0185_depth25,0.0,0.3,0.2,0.0,0.0,0.0,0.0,0.1,0.0,0.4
mix_0186_depth100,0.0,0.3,0.2,0.0,0.0,0.0,0.0,0.1,0.0,0.4
mix_0186_depth25,0.0,0.3,0.2,0.0,0.0,0.0,0.0,0.1,0.0,0.4
mix_0187_depth100,0.0,0.3,0.2,0.0,0.0,0.0,0.0,0.1,0.0,0.4
mix_0187_depth25,0.0,0.3,0.2,0.0,0.0,0.0,0.0,0.1,0.0,0.4
mix_0188_depth100,0.0,0.3,0.2,0.0,0.0,0.0,0.0,0.1,0.0,0.4
mix_0188_depth25,0.0,0.3,0.2,0.0,0.0,0.0,0.0,0.1,0.0,0.4
mix_0189_depth100,1.0,0.0,0.0,0.0,0.0,0.0,0.0,0.0,0.0,0.0
mix_0189_depth25,1.0,0.0,0.0,0.0,0.0,0.0,0.0,0.0,0.0,0.0
mix_0190_depth100,1.0,0.0,0.0,0.0,0.0,0.0,0.0,0.0,0.0,0.0
mix_0190_depth25,1.0,0.0,0.0,0.0,0.0,0.0,0.0,0.0,0.0,0.0
mix_0191_depth100,1.0,0.0,0.0,0.0,0.0,0.0,0.0,0.0,0.0,0.0
mix_0191_depth25,1.0,0.0,0.0,0.0,0.0,0.0,0.0,0.0,0.0,0.0
mix_0192_depth100,1.0,0.0,0.0,0.0,0.0,0.0,0.0,0.0,0.0,0.0
mix_0192_depth25,1.0,0.0,0.0,0.0,0.0,0.0,0.0,0.0,0.0,0.0
mix_0193_depth100,1.0,0.0,0.0,0.0,0.0,0.0,0.0,0.0,0.0,0.0
mix_0193_depth25,1.0,0.0,0.0,0.0,0.0,0.0,0.0,0.0,0.0,0.0
mix_0194_depth100,0.0,1.0,0.0,0.0,0.0,0.0,0.0,0.0,0.0,0.0
mix_0194_depth25,0.0,1.0,0.0,0.0,0.0,0.0,0.0,0.0,0.0,0.0
mix_0195_depth100,0.0,1.0,0.0,0.0,0.0,0.0,0.0,0.0,0.0,0.0
mix_0195_depth25,0.0,1.0,0.0,0.0,0.0,0.0,0.0,0.0,0.0,0.0
mix_0196_depth100,0.0,1.0,0.0,0.0,0.0,0.0,0.0,0.0,0.0,0.0
mix_0196_depth25,0.0,1.0,0.0,0.0,0.0,0.0,0.0,0.0,0.0,0.0
mix_0197_depth100,0.0,1.0,0.0,0.0,0.0,0.0,0.0,0.0,0.0,0.0
mix_0197_depth25,0.0,1.0,0.0,0.0,0.0,0.0,0.0,0.0,0.0,0.0
mix_0198_depth100,0.0,1.0,0.0,0.0,0.0,0.0,0.0,0.0,0.0,0.0
mix_0198_depth25,0.0,1.0,0.0,0.0,0.0,0.0,0.0,0.0,0.0,0.0
mix_0199_depth100,0.0,0.0,1.0,0.0,0.0,0.0,0.0,0.0,0.0,0.0
mix_0199_depth25,0.0,0.0,1.0,0.0,0.0,0.0,0.0,0.0,0.0,0.0
mix_0200_depth100,0.0,0.0,1.0,0.0,0.0,0.0,0.0,0.0,0.0,0.0
mix_0200_depth25,0.0,0.0,1.0,0.0,0.0,0.0,0.0,0.0,0.0,0.0
mix_0201_depth100,0.0,0.0,1.0,0.0,0.0,0.0,0.0,0.0,0.0,0.0
mix_0201_depth25,0.0,0.0,1.0,0.0,0.0,0.0,0.0,0.0,0.0,0.0
mix_0202_depth100,0.0,0.0,1.0,0.0,0.0,0.0,0.0,0.0,0.0,0.0
mix_0202_depth25,0.0,0.0,1.0,0.0,0.0,0.0,0.0,0.0,0.0,0.0
mix_0203_depth100,0.0,0.0,1.0,0.0,0.0,0.0,0.0,0.0,0.0,0.0
mix_0203_depth25,0.0,0.0,1.0,0.0,0.0,0.0,0.0,0.0,0.0,0.0
mix_0204_depth100,0.0,0.0,0.0,0.0,0.0,0.0,0.0,0.0,0.0,1.0
mix_0204_depth25,0.0,0.0,0.0,0.0,0.0,0.0,0.0,0.0,0.0,1.0
mix_0205_depth100,0.0,0.0,0.0,0.0,0.0,0.0,0.0,0.0,0.0,1.0
mix_0205_depth25,0.0,0.0,0.0,0.0,0.0,0.0,0.0,0.0,0.0,1.0
mix_0206_depth100,0.0,0.0,0.0,0.0,0.0,0.0,0.0,0.0,0.0,1.0
mix_0206_depth25,0.0,0.0,0.0,0.0,0.0,0.0,0.0,0.0,0.0,1.0
mix_0207_depth100,0.0,0.0,0.0,0.0,0.0,0.0,0.0,0.0,0.0,1.0
mix_0207_depth25,0.0,0.0,0.0,0.0,0.0,0.0,0.0,0.0,0.0,1.0
mix_0208_depth100,0.0,0.0,0.0,0.0,0.0,0.0,0.0,0.0,0.0,1.0
mix_0208_depth25,0.0,0.0,0.0,0.0,0.0,0.0,0.0,0.0,0.0,1.0
mix_0209_depth100,0.0,0.0,0.0,1.0,0.0,0.0,0.0,0.0,0.0,0.0
mix_0209_depth25,0.0,0.0,0.0,1.0,0.0,0.0,0.0,0.0,0.0,0.0
mix_0210_depth100,0.0,0.0,0.0,1.0,0.0,0.0,0.0,0.0,0.0,0.0
mix_0210_depth25,0.0,0.0,0.0,1.0,0.0,0.0,0.0,0.0,0.0,0.0
mix_0211_depth100,0.0,0.0,0.0,1.0,0.0,0.0,0.0,0.0,0.0,0.0
mix_0211_depth25,0.0,0.0,0.0,1.0,0.0,0.0,0.0,0.0,0.0,0.0
mix_0212_depth100,0.0,0.0,0.0,1.0,0.0,0.0,0.0,0.0,0.0,0.0
mix_0212_depth25,0.0,0.0,0.0,1.0,0.0,0.0,0.0,0.0,0.0,0.0
mix_0213_depth100,0.0,0.0,0.0,1.0,0.0,0.0,0.0,0.0,0.0,0.0
mix_0213_depth25,0.0,0.0,0.0,1.0,0.0,0.0,0.0,0.0,0.0,0.0
mix_0214_depth100,0.0,0.0,0.0,0.0,1.0,0.0,0.0,0.0,0.0,0.0
mix_0214_depth25,0.0,0.0,0.0,0.0,1.0,0.0,0.0,0.0,0.0,0.0
mix_0215_depth100,0.0,0.0,0.0,0.0,1.0,0.0,0.0,0.0,0.0,0.0
mix_0215_depth25,0.0,0.0,0.0,0.0,1.0,0.0,0.0,0.0,0.0,0.0
mix_0216_depth100,0.0,0.0,0.0,0.0,1.0,0.0,0.0,0.0,0.0,0.0
mix_0216_depth25,0.0,0.0,0.0,0.0,1.0,0.0,0.0,0.0,0.0,0.0
mix_0217_depth100,0.0,0.0,0.0,0.0,1.0,0.0,0.0,0.0,0.0,0.0
mix_0217_depth25,0.0,0.0,0.0,0.0,1.0,0.0,0.0,0.0,0.0,0.0
mix_0218_depth100,0.0,0.0,0.0,0.0,1.0,0.0,0.0,0.0,0.0,0.0
mix_0218_depth25,0.0,0.0,0.0,0.0,1.0,0.0,0.0,0.0,0.0,0.0
mix_0219_depth100,0.0,0.0,0.0,0.0,0.0,1.0,0.0,0.0,0.0,0.0
mix_0219_depth25,0.0,0.0,0.0,0.0,0.0,1.0,0.0,0.0,0.0,0.0
mix_0220_depth100,0.0,0.0,0.0,0.0,0.0,1.0,0.0,0.0,0.0,0.0
mix_0220_depth25,0.0,0.0,0.0,0.0,0.0,1.0,0.0,0.0,0.0,0.0
mix_0221_depth100,0.0,0.0,0.0,0.0,0.0,1.0,0.0,0.0,0.0,0.0
mix_0221_depth25,0.0,0.0,0.0,0.0,0.0,1.0,0.0,0.0,0.0,0.0
mix_0222_depth100,0.0,0.0,0.0,0.0,0.0,1.0,0.0,0.0,0.0,0.0
mix_0222_depth25,0.0,0.0,0.0,0.0,0.0,1.0,0.0,0.0,0.0,0.0
mix_0223_depth100,0.0,0.0,0.0,0.0,0.0,1.0,0.0,0.0,0.0,0.0
mix_0223_depth25,0.0,0.0,0.0,0.0,0.0,1.0,0.0,0.0,0.0,0.0
mix_0224_depth100,0.0,0.0,0.0,0.0,0.0,0.0,0.0,0.0,0.0,1.0
mix_0224_depth25,0.0,0.0,0.0,0.0,0.0,0.0,0.0,0.0,0.0,1.0
mix_0225_depth100,0.0,0.0,0.0,0.0,0.0,0.0,0.0,0.0,0.0,1.0
mix_0225_depth25,0.0,0.0,0.0,0.0,0.0,0.0,0.0,0.0,0.0,1.0
mix_0226_depth100,0.0,0.0,0.0,0.0,0.0,0.0,0.0,0.0,0.0,1.0
mix_0226_depth25,0.0,0.0,0.0,0.0,0.0,0.0,0.0,0.0,0.0,1.0
mix_0227_depth100,0.0,0.0,0.0,0.0,0.0,0.0,0.0,0.0,0.0,1.0
mix_0227_depth25,0.0,0.0,0.0,0.0,0.0,0.0,0.0,0.0,0.0,1.0
mix_0228_depth100,0.0,0.0,0.0,0.0,0.0,0.0,0.0,0.0,0.0,1.0
mix_0228_depth25,0.0,0.0,0.0,0.0,0.0,0.0,0.0,0.0,0.0,1.0
mix_0229_depth100,0.0,0.0,0.0,0.0,0.0,0.0,0.0,1.0,0.0,0.0
mix_0229_depth25,0.0,0.0,0.0,0.0,0.0,0.0,0.0,1.0,0.0,0.0
mix_0230_depth100,0.0,0.0,0.0,0.0,0.0,0.0,0.0,1.0,0.0,0.0
mix_0230_depth25,0.0,0.0,0.0,0.0,0.0,0.0,0.0,1.0,0.0,0.0
mix_0231_depth100,0.0,0.0,0.0,0.0,0.0,0.0,0.0,1.0,0.0,0.0
mix_0231_depth25,0.0,0.0,0.0,0.0,0.0,0.0,0.0,1.0,0.0,0.0
mix_0232_depth100,0.0,0.0,0.0,0.0,0.0,0.0,0.0,1.0,0.0,0.0
mix_0232_depth25,0.0,0.0,0.0,0.0,0.0,0.0,0.0,1.0,0.0,0.0
mix_0233_depth100,0.0,0.0,0.0,0.0,0.0,0.0,0.0,1.0,0.0,0.0
mix_0233_depth25,0.0,0.0,0.0,0.0,0.0,0.0,0.0,1.0,0.0,0.0
mix_0234_depth100,0.0,0.0,0.0,0.0,0.0,0.0,0.0,0.0,0.0,1.0
mix_0234_depth25,0.0,0.0,0.0,0.0,0.0,0.0,0.0,0.0,0.0,1.0
mix_0235_depth100,0.0,0.0,0.0,0.0,0.0,0.0,0.0,0.0,0.0,1.0
mix_0235_depth25,0.0,0.0,0.0,0.0,0.0,0.0,0.0,0.0,0.0,1.0
mix_0236_depth100,0.0,0.0,0.0,0.0,0.0,0.0,0.0,0.0,0.0,1.0
mix_0236_depth25,0.0,0.0,0.0,0.0,0.0,0.0,0.0,0.0,0.0,1.0
mix_0237_depth100,0.0,0.0,0.0,0.0,0.0,0.0,0.0,0.0,0.0,1.0
mix_0237_depth25,0.0,0.0,0.0,0.0,0.0,0.0,0.0,0.0,0.0,1.0
mix_0238_depth100,0.0,0.0,0.0,0.0,0.0,0.0,0.0,0.0,0.0,1.0
mix_0238_depth25,0.0,0.0,0.0,0.0,0.0,0.0,0.0,0.0,0.0,1.0
mix_0239_depth100,0.0,0.0,0.0,0.0,0.0,0.0,0.0,0.0,0.0,1.0
mix_0239_depth25,0.0,0.0,0.0,0.0,0.0,0.0,0.0,0.0,0.0,1.0
mix_0240_depth100,0.0,0.0,0.0,0.0,0.0,0.0,0.0,0.0,0.0,1.0
mix_0240_depth25,0.0,0.0,0.0,0.0,0.0,0.0,0.0,0.0,0.0,1.0
mix_0241_depth100,0.0,0.0,0.0,0.0,0.0,0.0,0.0,0.0,0.0,1.0
mix_0241_depth25,0.0,0.0,0.0,0.0,0.0,0.0,0.0,0.0,0.0,1.0
mix_0242_depth100,0.0,0.0,0.0,0.0,0.0,0.0,0.0,0.0,0.0,1.0
mix_0242_depth25,0.0,0.0,0.0,0.0,0.0,0.0,0.0,0.0,0.0,1.0
mix_0243_depth100,0.0,0.0,0.0,0.0,0.0,0.0,0.0,0.0,0.0,1.0
mix_0243_depth25,0.0,0.0,0.0,0.0,0.0,0.0,0.0,0.0,0.0,1.0
