spot_id,B-cells,CAFs,Cancer LumA,Cancer LumB,Cancer Other,Cycling T-cells,Endothelial,Myeloid,NK cells,NKT cells,Normal Epithelial,PVL,Plasmablasts,T cells CD4+,T cells CD8+
mix_0000_depth100,0.0,0.0,0.4365907507468343,0.06234357959997503,0.2714215807356938,0.0,0.0,0.0,0.0,0.0,0.22724666879256344,0.0,0.0,0.0,0.0
mix_0000_depth25,0.0,0.0,0.46485127638044316,0.0,0.34982529623064657,0.0,0.0,0.0,0.0,0.011261897056535668,0.1864612879686432,0.0,0.0,0.0,0.0
mix_0001_depth100,0.0,0.0,0.34889119618178405,0.1948779359757171,0.0,0.0,0.0,0.0,0.0,0.0,0.3312792794939725,0.0,0.0,0.0,0.0
mix_0001_depth25,0.0,0.0,0.38252039485373573,0.20786666741387766,0.0,0.0,0.0,0.0,0.0,0.0,0.30898693742297517,0.0,0.0,0.0,0.0
mix_0002_depth100,0.0,0.0,0.51281779877714,0.16344188184109784,0.0,0.0,0.0,0.0,0.0,0.013973202196168143,0.19299436303583575,0.0,0.0,0.0,0.0
mix_0002_depth25,0.0,0.0,0.5279200760706229,0.16144763069245735,0.0,0.0,0.0,0.0,0.0,0.01265457441772392,0.18015703349905218,0.0,0.0,0.0,0.0
mix_0003_depth100,0.0,0.0,0.1933863714995003,0.0,0.1687631368736156,0.0,0.0,0.07250182891894838,0.0,0.0014876667712399644,0.39758840710823085,0.0,0.0,0.0,0.0
mix_0003_depth25,0.0,0.0,0.21639612838679007,0.0,0.15611749242529305,0.012309759049653592,0.0,0.07245301989958952,0.0,0.00031323168787469527,0.37708903605740424,0.0,0.0,0.0,0.0
mix_0004_depth100,0.0,0.0,0.1392998751898125,0.014325656338387983,0.28540490284254616,0.0,0.0,0.029596170027673285,0.0,0.0,0.386816630388705,0.0,0.0,0.0,0.0
mix_0004_depth25,0.0,0.0,0.18339404382222116,0.0,0.254050814456787,0.0,0.0,0.024948184639041564,0.0,0.0,0.38944913804387604,0.0,0.0,0.0,0.0
mix_0005_depth100,0.0,0.0,0.31471417933025064,0.1641967232342258,0.0,0.0,0.0,0.10399193887222691,0.0,0.0,0.28564946702712585,0.0,0.0,0.0,0.0
mix_0005_depth25,0.0,0.0,0.28295658753094916,0.1704517991167038,0.0,0.0,0.0,0.1078434063025483,0.0,0.0,0.300070706167983,0.0,0.0,0.0,0.0
mix_0006_depth100,0.0,0.0,0.46650113272995053,0.13111744841501516,0.0,0.0,0.0,0.0,0.0,0.0,0.25171426325464175,0.0,0.0,0.0,0.0
mix_0006_depth25,0.0,0.0,0.42397941695244556,0.15646926682658427,0.0,0.0,0.0,0.0,0.0,0.0,0.2699698676470463,0.0,0.0,0.0,0.0
mix_0007_depth100,0.0,0.0,0.5189103091062711,0.2596315490346944,0.0,0.0,0.0,0.0,0.0,0.0,0.11984480596127871,0.0,0.0,0.0,0.0
mix_0007_depth25,0.0,0.0,0.5381662141331013,0.2314238578308498,0.0,0.0,0.0,0.0,0.0,0.0,0.12517150762700638,0.0,0.0,0.0,0.0
mix_0008_depth100,0.0,0.0,0.05318460107780331,0.12550840406929778,0.2293788512497913,0.0,0.0,0.0,0.0,0.008417879331346858,0.3982645525735676,0.0,0.0,0.0,0.0
mix_0008_depth25,0.0,0.0,0.03739809437700305,0.10576771445704293,0.22774966443206715,0.0,0.0,0.0,0.0,0.0073345875251558,0.4351625741045334,0.0,0.0,0.0,0.0
mix_0009_depth100,0.0,0.005593277836005389,0.267722888755019,0.1706714007859903,0.07899847640026907,0.0,0.0,0.0,0.0,0.034672018314734515,0.3525499277247985,0.0,0.0,0.0,0.0
mix_0009_depth25,0.0,0.03416894405128178,0.22531760279885915,0.16488604842571458,0.1261764052137681,0.0,0.0,0.0,0.0,0.029751085555345676,0.30613845059588296,0.0,0.0,0.0,0.0
mix_0010_depth100,0.0,0.042144172649530146,0.22457098861801292,0.15337299511733743,0.07581458967244377,0.0,0.0,0.05179897533497553,0.0,0.026545107060735956,0.23682914453842216,0.043890334801721775,0.0,0.0,0.0
mix_0010_depth25,0.0,0.05093491886990511,0.1972399542364488,0.11246093852060686,0.13508622833429795,0.0,0.0,0.04152970188376205,0.0,0.024074069120084692,0.27316378255239543,0.02975563557127943,0.0,0.0,0.0
mix_0011_depth100,0.0,0.0,0.2603011809181288,0.2572209655747317,0.0,0.0,0.0,0.0,0.0,0.0,0.3883828901298969,0.0,0.0,0.0,0.0
mix_0011_depth25,0.0,0.0,0.27360040343417147,0.26163161137594887,0.0,0.0,0.0,0.0,0.0,0.0,0.3717302818270652,0.0,0.0,0.0,0.0
mix_0012_depth100,0.0,0.0,0.2005730500708743,0.11662159246930179,0.18133381216414943,0.0,0.0,0.0,0.0,0.0,0.4553389993678157,0.0,0.0,0.0,0.0
mix_0012_depth25,0.0,0.0,0.1943258387802093,0.07894546836595695,0.24251303561790755,0.0,0.0,0.0,0.0,0.0,0.4505081700918069,0.0,0.0,0.0,0.0
mix_0013_depth100,0.0,0.0,0.11444034230544774,0.2810771310085914,0.0,0.0,0.0,0.0,0.0,0.0,0.5117849297672916,0.0,0.0,0.0,0.0
mix_0013_depth25,0.0,0.0,0.10948667874179767,0.29634048608298075,0.0,0.0,0.0,0.0,0.0,0.0,0.4934309943391648,0.0,0.0,0.0,0.0
mix_0014_depth100,0.0,0.008534097320550865,0.2720533440278766,0.12598712605127213,0.17180127073011517,0.0,0.0,0.0003744338650170985,0.0,0.06341147019562542,0.24958960103756403,0.0,0.0,0.0,0.0
mix_0014_depth25,0.0,0.0020974827510016527,0.23377227172019274,0.10587714593211178,0.23023490944510389,0.0,0.0,0.0,0.0,0.07173526925698114,0.24096954564157896,0.0,0.0,0.0,0.0
mix_0015_depth100,0.0,0.0,0.13535548324615035,0.14758402382240424,0.1434703905037894,0.0,0.0,0.0,0.0,0.0,0.43126790216242405,0.0,0.0,0.0,0.0
mix_0015_depth25,0.0,0.0,0.11157912346695942,0.1272325306929536,0.18535046116253753,0.0,0.0,0.0,0.0,0.0,0.4357308189491616,0.0,0.0,0.0,0.0
mix_0016_depth100,0.0,0.0,0.7123315865807847,0.05435308026252887,0.0,0.0,0.0,0.0,0.0,0.0,0.053401090819846536,0.0,0.0,0.0,0.0
mix_0016_depth25,0.0,0.0,0.7357171540763604,0.06122341248174293,0.0,0.0,0.0,0.0,0.0,0.0,0.03125316308172054,0.0,0.0,0.0,0.0
mix_0017_depth100,0.0,0.0,0.2685844310121029,0.14063728029555897,0.10902048240389187,0.0,0.0,0.0,0.0,0.0,0.36123583945578897,0.0,0.0,0.0,0.0
mix_0017_depth25,0.0,0.0,0.2672170936061526,0.053399057358001746,0.21763646821538182,0.0,0.0,0.0,0.0,0.00010012523643680071,0.37429700714745706,0.0,0.0,0.0,0.0
mix_0018_depth100,0.0,0.0,0.3931047025527755,0.21395950097890146,0.0,0.0,0.0,0.0,0.0,0.032398492900020066,0.3041493825414632,0.0,0.0,0.0,0.0
mix_0018_depth25,0.0,0.0,0.3713453996581173,0.22574076988493483,0.0,0.0,0.0,0.0,0.0,0.02611718055301589,0.3343619336509297,0.0,0.0,0.0,0.0
mix_0019_depth100,0.0,0.014566110144998784,0.11649790876965226,0.0,0.1947759863931401,0.048874209576560045,0.0,0.0,0.0,0.05201010685187015,0.38348186214260965,0.0,0.0,0.0,0.0
mix_0019_depth25,0.0,0.010568523795268157,0.10319833363381699,0.0,0.19865948870265598,0.05622034267474827,0.0,0.0,0.0,0.0572540741196321,0.3802603480061124,0.0,0.0,0.0,0.0
mix_0020_depth100,0.0,0.0,0.001454217441175317,0.02610542579660415,0.2877312996620599,0.0,0.0,0.0,0.0,0.0,0.5645353453234001,0.0,0.0,0.0,0.0
mix_0020_depth25,0.0,0.0,0.0,0.07627810737884577,0.19683264434273312,0.0,0.0,0.0,0.0,0.0,0.6053830964167053,0.0,0.0,0.0,0.0
mix_0021_depth100,0.0,0.0,0.0,0.1968546635688638,0.06317428707926143,0.0,0.0,0.0,0.0,0.0,0.6891923543543808,0.0,0.0,0.0,0.0
mix_0021_depth25,0.0,0.0,0.0,0.2622984744266651,0.0,0.0,0.0,0.0,0.0,0.0,0.6749712317445777,0.0,0.0,0.0,0.0
mix_0022_depth100,0.0,0.004060287116761405,0.17228369606804875,0.2396802891634394,0.010679295234570578,0.0,0.0,0.0,0.0,0.07126037032648377,0.392122060918211,0.0,0.0,0.0,0.0
mix_0022_depth25,0.0,0.007155646674536973,0.14780459625315936,0.2647425272974547,0.0,0.0,0.0,0.0,0.0,0.06391693725867527,0.39020090361447424,0.0,0.0,0.0,0.0
mix_0023_depth100,0.0,0.03548492185942424,0.15205464279785263,0.33928632963886834,0.0,0.0,0.0,0.0,0.0,0.07461003963023831,0.26490019283594535,0.0,0.0,0.0,0.0
mix_0023_depth25,0.0,0.025330114022672996,0.17581830588575983,0.32601794890134916,0.0,0.0,0.0,0.0,0.0,0.0655624966202707,0.25636717997793446,0.0,0.0,0.0,0.0
mix_0024_depth100,0.0,0.0,0.34308516286106516,0.1635003841961779,0.003394544517316047,0.0,0.0,0.08747335047324398,0.0,0.0,0.3019705766693434,0.0,0.0,0.0,0.0
mix_0024_depth25,0.0,0.0,0.3436319808221625,0.14057385170991,0.040797533969158896,0.0,0.0,0.0872060929832955,0.0,0.0,0.2826044320986693,0.0,0.0,0.0,0.0
mix_0025_depth100,0.0,0.0,0.46408176889042285,0.0,0.1622034207308069,0.0,0.0,0.041184700514766207,0.0,0.002206479045501949,0.19660681598243435,0.0,0.0,0.0,0.0
mix_0025_depth25,0.0,0.0,0.44339587627897536,0.0,0.13780529033329672,0.0,0.0,0.03388691755916572,0.0,0.03060937329070667,0.21663786307981767,0.0,0.0,0.0,0.0
mix_0026_depth100,0.0,0.011693417046951005,0.49847308282676317,0.14830986022819462,0.0,0.0,0.0,0.04036261035979535,0.0,0.03563585820819015,0.07328329674962357,0.02743141980187525,0.0,0.0,0.0
mix_0026_depth25,0.0,0.015439957927351622,0.5340277728487465,0.12331540245728385,0.0,0.0,0.0,0.04133806026689684,0.0,0.04577631554111078,0.06719007288129956,0.017409201307461604,0.0,0.0,0.0
mix_0027_depth100,0.0,0.017237519209321726,0.0,0.10334617953564902,0.12349028450757886,0.011449681222259608,0.1499101368324831,0.03750637932336653,0.0,0.013604687164872814,0.43610127274021177,0.0,0.0,0.0,0.0
mix_0027_depth25,0.0,0.026864259058364752,0.0,0.08826180082647296,0.15384364936870643,0.035690084200683155,0.12646606369956478,0.02598503500701384,0.0,0.004694248005730075,0.4334723878983504,0.0,0.0,0.0,0.0
mix_0028_depth100,0.0,0.05490593948753957,0.029133146775241474,0.12253492452952296,0.2892336804176535,0.0,0.0,0.017190871549010656,0.0,0.016159728999145882,0.35747137911524396,0.0,0.0,0.0,0.0
mix_0028_depth25,0.0,0.045908726059585056,0.012056542814039317,0.1580610218235332,0.2609217641480104,0.0,0.0,0.01043250604313665,0.0,0.00877794626742756,0.38805972535853317,0.0,0.0,0.0,0.0
mix_0029_depth100,0.0,0.01634650210809693,0.17994477900539593,0.007012285145806217,0.2840436535369612,0.0,0.0,0.0015204251814868255,0.0,0.0,0.3947818192534786,0.0,0.0,0.0,0.0
mix_0029_depth25,0.0,0.027380599278217264,0.18191191842013946,0.11109367362925918,0.14514965569106175,0.0,0.0,0.012675930676667634,0.0,0.0,0.36638439793088473,0.0,0.0,0.0,0.0
mix_0030_depth100,0.0,0.0,0.42838570219098177,0.05675415861616611,0.2395761989333122,0.0,0.0,0.0,0.0,0.06141800149318701,0.17936150071202772,0.0,0.0,0.0,0.0
mix_0030_depth25,0.0,0.0,0.41154385249353315,0.07827346474107297,0.18337655896789257,0.0,0.0,0.0,0.0,0.05901260765493564,0.22029737306394606,0.0,0.0,0.0,0.0
mix_0031_depth100,0.0,0.0,0.1197014641093893,0.026290989822720795,0.32402229771245517,0.0,0.0,0.00045991325016858485,0.0,0.024902004663059155,0.4082439075779526,0.0,0.0,0.0,0.0
mix_0031_depth25,0.0,0.0,0.08149554882358702,0.0,0.3632820708517891,0.0,0.0,0.0,0.0,0.023174364367245365,0.4484283227192592,0.0,0.0,0.0,0.0
mix_0032_depth100,0.0,0.01670295342132958,0.3282722378229537,0.10946618826718524,0.008539392659681126,0.0,0.0,0.0,0.0,0.0,0.3904803808617249,0.0,0.0,0.0,0.0
mix_0032_depth25,0.0,0.009066163803504586,0.3102724847171723,0.09989359164831385,0.032892119517684594,0.0,0.0,0.013892967809658716,0.0,0.0,0.3855435628819248,0.0,0.0,0.0,0.0
mix_0033_depth100,0.0,0.03505667713522879,0.35874311912489837,0.0,0.12067684528989567,0.03007133972989835,0.0,0.03848335391986602,0.0,0.0014889190999439982,0.2615397179969353,0.0,0.0,0.0,0.0
mix_0033_depth25,0.0,0.05054643125675156,0.3335099946041271,0.0,0.15732678655848578,0.0,0.0,0.03936365272699817,0.0,0.01228058109502534,0.2547164460496733,0.008532009626852756,0.0,0.0,0.0
mix_0034_depth100,0.0,0.007920851183829186,0.43708708924915646,0.2875560030263736,0.0,0.0,0.0,0.0,0.0,0.021100960406978748,0.2448013274490124,0.0,0.0,0.0,0.0
mix_0034_depth25,0.0,0.006456647606634332,0.4245708836441006,0.31055046410086384,0.0,0.0,0.0,0.0,0.0,0.03220805293219269,0.22658854624498218,0.0,0.0,0.0,0.0
mix_0035_depth100,0.0,0.0,0.33055753900618123,0.0,0.23032980880115722,0.0,0.0,0.025175145043668794,0.0,0.0,0.3925592080860822,0.0,0.0,0.0,0.0
mix_0035_depth25,0.0,0.0,0.4091678250741601,0.0,0.1839685345087401,0.0,0.0,0.025324927687737784,0.0,0.0,0.3568580220244023,0.0,0.0,0.0,0.0
mix_0036_depth100,0.0,0.0,0.49833018794250433,0.01896958886461723,0.2284340805521689,0.0,0.0,0.0,0.0,0.01944306828973925,0.20319020349425712,0.0,0.0,0.0,0.0
mix_0036_depth25,0.0,0.004110239492362382,0.4796735129567963,0.05428308644078427,0.18198217214860216,0.0,0.0,0.0,0.0,0.0077324657876629115,0.22753666211869347,0.0,0.0,0.0,0.0
mix_0037_depth100,0.0,0.0,0.41556621938640087,0.3225169891147863,0.0,0.0,0.0,0.0,0.0,0.042522535071398006,0.2206625769201239,0.0,0.0,0.0,0.0
mix_0037_depth25,0.0,0.0,0.44986503413502654,0.3260783919785674,0.0,0.0,0.0,0.0,0.0,0.031237128978265354,0.2282174345768838,0.0,0.0,0.0,0.0
mix_0038_depth100,0.0,0.0,0.35613715795995077,0.07919618582425214,0.06158598078234278,0.0,0.0,0.0,0.0,0.053281857954682786,0.299537039999149,0.0,0.0,0.0,0.0
mix_0038_depth25,0.0,0.0,0.34478638638062076,0.13156060133320624,0.0026196403090445663,0.0,0.0,0.0,0.0,0.0629009010117944,0.29993787647645964,0.0,0.0,0.0,0.0
mix_0039_depth100,0.0,0.01596271293741929,0.1078084817063147,0.3605542095331658,0.0,0.0,0.0,0.0,0.0,0.10037132239867243,0.21613607969862816,0.029493446581830354,0.0,0.0,0.0
mix_0039_depth25,0.0,0.007898693294711078,0.0911459252120716,0.3512079975398331,0.0,0.0,0.0,0.0,0.0,0.10172564909052612,0.23937373608573023,0.05425537901356844,0.0,0.0,0.0
mix_0040_depth100,0.0,0.0,0.5185364979806669,0.009813038101034649,0.10752891725242805,0.0,0.0,0.0,0.0,0.06603830628143656,0.18498963920386366,0.0,0.0,0.0,0.0
mix_0040_depth25,0.0,0.0,0.5216989448055284,0.030382341045614176,0.06615579695403376,0.0,0.0,0.0,0.0,0.05070561968186059,0.2121978664602972,0.0,0.0,0.0,0.0
mix_0041_depth100,0.0,0.0,0.7826199398418363,0.02219766536375623,0.0,0.0,0.0,0.0,0.0,0.0,0.14367899731424452,0.0,0.0,0.0,0.0
mix_0041_depth25,0.0,0.0,0.7172907967053544,0.04323824771984901,0.0,0.0,0.0,0.0,0.0,0.0,0.19196353340657862,0.0,0.0,0.0,0.0
mix_0042_depth100,0.0,0.0,0.1305873920219124,0.0,0.13324664488376964,0.16919140448260353,0.0,0.0,0.0,0.0,0.32654696120681764,0.0,0.0,0.04943922292629401,0.0
mix_0042_depth25,0.0,0.0,0.1057897102965707,0.0,0.15318779797375925,0.13626144898098974,0.0,0.005923237803018594,0.0,0.0,0.30475739362697524,0.0,0.0,0.08612831720165696,0.0
mix_0043_depth100,0.0,0.059392542279449304,0.0,0.22252170683268888,0.0,0.0,0.0,0.0,0.0,0.057154042895777704,0.47457494435150016,0.0692903350636687,0.0,0.0,0.025365710899746246
mix_0043_depth25,0.0,0.08199870528477891,0.0,0.1996155263326513,0.0,0.0,0.0,0.0,0.0,0.010458589703211328,0.49336666332801155,0.026473568809288802,0.0,0.0,0.08949576002823036
mix_0044_depth100,0.0,0.10095402260743813,0.427620470942053,0.14775981173653432,0.0,0.0,0.0005841290081577803,0.0,0.0,0.1373537629887087,0.16394928555918684,0.0,0.0,0.0,0.0
mix_0044_depth25,0.0,0.11058265624443119,0.440726316816306,0.1781569432578674,0.0,0.0,0.02919759484068467,0.0,0.0,0.13695438412085595,0.06971425649030571,0.03027588685987643,0.0,0.0,0.0
mix_0045_depth100,0.0,0.01143114615080874,0.2542341547552235,0.1431992273714552,0.14008389468304203,0.0,0.0,0.0,0.0,0.09110616000969006,0.2988722416817289,0.0,0.0,0.0,0.0
mix_0045_depth25,0.0,0.01651852957158686,0.19532103244592733,0.07106203009076471,0.24886463016961913,0.0,0.0,0.015159655554857855,0.0,0.061903489414170725,0.32302917443311385,0.0,0.0,0.0,0.0
mix_0046_depth100,0.0,0.0,0.40804940442876486,0.10549562304742739,0.0,0.0,0.0,0.0,0.0,0.0,0.40575874361758185,0.0,0.0,0.0,0.0
mix_0046_depth25,0.0,0.0,0.42952646607036954,0.08227835024187577,0.0,0.0,0.0,0.0,0.0,0.0,0.4106347762314704,0.0,0.0,0.0,0.0
mix_0047_depth100,0.0,0.0519664836042041,0.1565383503070186,0.10660154839040577,0.0953623396780623,0.0,0.0,0.23858570991464526,0.0,0.03136929249481037,0.20713506014119915,0.0,0.0,0.0,0.0
mix_0047_depth25,0.0,0.06680921862786739,0.13662009961394617,0.10568683851273104,0.1310711053377366,0.0,0.0,0.23017111694121364,0.0,0.02996842635235284,0.20643124472253674,0.0,0.0,0.0,0.0
mix_0048_depth100,0.0,0.0,0.18975999039556324,0.16451418549090116,0.0,0.0,0.0,0.0,0.0,0.06173299588903742,0.354401813769846,0.0,0.0,0.0,0.0
mix_0048_depth25,0.0,0.0,0.18906250669394667,0.17005336616162617,0.0,0.0,0.0,0.010960400623337713,0.0,0.06112843635807445,0.34436807268708547,0.0,0.0,0.0,0.0
mix_0049_depth100,0.0,0.0,0.2925690344770971,0.05933275737086237,0.1710396191156042,0.0,0.0,0.0,0.0,0.02061864452755737,0.24131307900584362,0.0635336726740717,0.0,0.0,0.0
mix_0049_depth25,0.0,0.0,0.2965862501487721,0.03894888926637648,0.19168738665986745,0.0,0.0,0.0,0.0,0.03696171707260083,0.22685381667287383,0.07715456838647988,0.0,0.0,0.0
mix_0050_depth100,0.0,0.0,0.43569666417863684,0.17275665498586731,0.0,0.0,0.0,0.0,0.0,0.0223393349242712,0.22192153453809774,0.0,0.0,0.0,0.0
mix_0050_depth25,0.0,0.0,0.4334463463317303,0.1794566608073228,0.0,0.0,0.0,0.0,0.0,0.01406669522549563,0.23472439614231685,0.0,0.0,0.0,0.0
mix_0051_depth100,0.0,0.0,0.11560054589237473,0.0,0.18925023843491168,0.09601537926511329,0.0,0.0,0.0,0.031016017200566407,0.4021410337787425,0.0,0.0,0.0,0.0
mix_0051_depth25,0.0,0.022967668641680844,0.0733239384969721,0.0,0.22113492842537588,0.047863563499407694,0.0,0.0,0.0,0.0599335403961586,0.39006026394693943,0.0,0.0,0.0,0.0
mix_0052_depth100,0.0,0.0,0.2197791747864276,0.21765451290169585,0.0,0.0,0.0,0.0,0.0,0.009192074206035275,0.43501772368990604,0.0,0.0,0.0,0.0
mix_0052_depth25,0.0,0.0,0.12635413544311627,0.22406583580706904,0.0,0.0,0.0,0.0,0.0,0.011448611443178292,0.5061780068103502,0.0,0.0,0.0,0.0
mix_0053_depth100,0.0,0.015762360729305966,0.2924410255248073,0.0,0.14697973299806988,0.09744307789788531,0.0,0.020454864568740204,0.0,0.026285808449424547,0.4379083786621967,0.0,0.0,0.0,0.0
mix_0053_depth25,0.0,0.01199134305613264,0.32516091452298895,0.0,0.09195171281825629,0.11435773955392942,0.0,0.004599388499510466,0.0,0.02134248677441628,0.4822023437298221,0.0,0.0,0.0,0.0
mix_0054_depth100,0.0,0.032595093141937634,0.2002233683717414,0.0,0.20498653863079427,0.0,0.0,0.06338295147740389,0.0,0.06712981825904984,0.24325494854324112,0.05950294710799294,0.0,0.0,0.0
mix_0054_depth25,0.0,0.03572473490519196,0.20388142227754194,0.0,0.19432808592382086,0.0,0.0,0.06637999458380571,0.0,0.08575688536390647,0.2123384734043002,0.07463249187663196,0.0,0.0,0.0
mix_0055_depth100,0.0,0.0,0.36939445354508155,0.21799095237563393,0.0,0.0,0.0,0.0,0.0,0.0980937789810324,0.17679514150602657,0.0,0.0,0.0,0.0
mix_0055_depth25,0.0,0.0,0.3289584504196989,0.22716436637103216,0.0,0.0,0.0,0.0,0.0,0.10434771922733682,0.1958816763235061,0.0,0.0,0.0,0.0
mix_0056_depth100,0.0,0.0,0.465635404572471,0.169621601948903,0.0,0.0,0.0,0.0,0.0,0.016676520261757668,0.15335693606110556,0.0,0.0,0.0,0.0
mix_0056_depth25,0.0,0.0,0.47012079176862337,0.15403097693595574,0.0,0.0,0.0,0.0,0.0,0.010722842018106176,0.16110156709958584,0.0,0.0,0.0,0.0
mix_0057_depth100,0.0,0.08629552399853782,0.13400087727292895,0.05555624928585968,0.19733265125277688,0.0,0.0,0.010432642014429314,0.0,0.1500681688341158,0.28121965236464297,0.0,0.0,0.0,0.0
mix_0057_depth25,0.0,0.06232892378810816,0.1301532664381182,0.047223887247290756,0.20413726620706138,0.0,0.0,0.009501028880178052,0.0,0.15721966850784774,0.3128587487847888,0.0,0.0,0.0,0.0
mix_0058_depth100,0.0,0.0,0.10308196211786223,0.0,0.281009588180458,0.0,0.0,0.0,0.0,0.06743337475812415,0.390862027274593,0.0,0.0,0.0,0.0
mix_0058_depth25,0.0,0.0,0.08788985082260634,0.0,0.33193762007887573,0.0,0.0,0.0,0.0,0.06398606410740615,0.3625685685401041,0.0,0.0,0.0,0.0
mix_0059_depth100,0.0,0.00652545097383741,0.002989938825720448,0.22355366525019163,0.0,0.08329645900273552,0.0,0.011996306492257844,0.0,0.15462673618787173,0.3215746870118468,0.0,0.0,0.0,0.0
mix_0059_depth25,0.0,0.016060208473338812,0.004993205253796288,0.22000223384628662,0.0,0.06474838249192183,0.0,0.014009956665414665,0.0,0.1565850777477105,0.3240251598044371,0.0,0.0,0.0,0.0
mix_0060_depth100,0.0,0.0,0.33240949259997365,0.0,0.07299663177101842,0.01715983406768353,0.0,0.0030388570753206745,0.0,0.0005607075513256023,0.4140856028181142,0.0,0.0,0.0,0.0
mix_0060_depth25,0.0,0.0,0.32975550791181,0.0,0.055314970476616064,0.01667630982316209,0.0,0.0005272713554478541,0.0,0.0,0.4367742055804218,0.0,0.0,0.0,0.0
mix_0061_depth100,0.0,0.015124279452665146,0.07417773075690451,0.11661401420776397,0.0,0.057444280018968244,0.013048056657495394,0.009707993694289152,0.0,0.08971637223487636,0.22256893809156975,0.1586553889435644,0.0,0.0,0.09000609308985603
mix_0061_depth25,0.0,0.035209587678613645,0.051567098598142055,0.10942045060271341,0.015428007683648716,0.0405961044904852,0.02098753130439559,0.02022993843074734,0.0,0.08435533930084725,0.266148446958659,0.13674448590999172,0.0,0.0,0.05231943744378526
mix_0062_depth100,0.0,0.0,0.23406302474794505,0.3333308478298022,0.0,0.0,0.0,0.0,0.0,0.13060372360608838,0.30692786784450654,0.0,0.0,0.0,0.0
mix_0062_depth25,0.0,0.0,0.21579772862060692,0.3296116084728451,0.0,0.0,0.0,0.0,0.0,0.1374463838055284,0.30564375038802727,0.0,0.0,0.0,0.0
mix_0063_depth100,0.0,0.0,0.20164278653702422,0.13161378689092637,0.0,0.0,0.0,0.0,0.0,0.0,0.4643812819690246,0.0,0.0,0.0,0.0
mix_0063_depth25,0.0,0.0,0.15487553774975743,0.14844293599560876,0.0,0.0,0.0,0.0,0.0,0.0,0.49489811761506103,0.0,0.0,0.0,0.0
mix_0064_depth100,0.0,0.11875000382323525,0.2959624515562905,0.1991671498807659,0.1022729446914573,0.0,0.0,0.0,0.0,0.019806902146430553,0.18520476095623326,0.0,0.0,0.0,0.0
mix_0064_depth25,0.0,0.11326287116271987,0.31424532976730557,0.17399170107818895,0.11156636725997997,0.0,0.0,0.0,0.0,0.04384853385674996,0.1903285133491447,0.0,0.0,0.0,0.0
mix_0065_depth100,0.0,0.06337697394435751,0.39980234966352,0.0,0.11263305504930325,0.012912994945819238,0.0,0.01485136640726828,0.0,0.02336844797955443,0.2727220471290403,0.0,0.0,0.0,0.0
mix_0065_depth25,0.0,0.05295595637125273,0.42889203990202235,0.0,0.09691246067895057,0.029777670395577938,0.0,0.013671280409203266,0.0,0.004749340095986586,0.26164993043282514,0.0,0.0,0.0,0.0
mix_0066_depth100,0.0,0.0935223764891618,0.5122784588508449,0.0,0.0,0.0,0.0,0.07696128341532227,0.0,0.0,0.08595803821942213,0.0,0.0,0.0,0.0
mix_0066_depth25,0.0,0.05920060162544064,0.5531892557616097,0.0,0.0,0.0,0.0,0.06749986816837955,0.0,0.0,0.08964737720897548,0.0,0.0,0.0,0.0
mix_0067_depth100,0.0,0.1346422173595288,0.1487124600606274,0.04487361496111138,0.20380965171795662,0.0,0.0,0.04468005527671703,0.0,0.013868629970241488,0.28088323078905725,0.0,0.0,0.0,0.0
mix_0067_depth25,0.0,0.12404687882117195,0.15175320419742352,0.2059068781877978,0.0,0.0,0.0,0.037296859203662866,0.0,0.012217964039949264,0.32094047241278556,0.0,0.0,0.0,0.0
mix_0068_depth100,0.0,0.07780195240283933,0.20171722099389092,0.164962289075962,0.0,0.0,0.0,0.1641128962758065,0.0,0.0,0.25147164666071226,0.0,0.0,0.0,0.0
mix_0068_depth25,0.0,0.07565419500601092,0.1664444677715621,0.17909135540301332,0.0,0.0,0.0,0.16659643577919106,0.0,0.0,0.26920803323927633,0.0,0.0,0.0,0.0
mix_0069_depth100,0.0,0.04546577973326765,0.1302153731100191,0.0033014933669761925,0.3214125930401879,0.0,0.0,0.0,0.0,0.02515392713007855,0.3769683402838143,0.0,0.0,0.0,0.0
mix_0069_depth25,0.0,0.05297999697988155,0.09215430351436903,0.027518282600604838,0.30166038623944424,0.0,0.0,0.0025220767082479684,0.0,0.023980089278942563,0.3742241082760719,0.0,0.0,0.0,0.0
mix_0070_depth100,0.0,0.13709017998745565,0.35070358932710166,0.0,0.1444743693824091,0.0,0.0,0.0,0.0,0.0,0.28347344268286845,0.0,0.0,0.0,0.0
mix_0070_depth25,0.0,0.1263457455143333,0.3563362545603441,0.0,0.15442332317444646,0.0,0.0,0.0,0.0,0.0,0.2660150052081854,0.0,0.0,0.0,0.0
mix_0071_depth100,0.0,4.024637383789387e-05,0.2834364462289223,0.0,0.2229413742655108,0.0,0.0,0.011986797199713009,0.0,0.038376650320271655,0.2701393792042279,0.0,0.0,0.0,0.0
mix_0071_depth25,0.0,0.0038654606298436436,0.286817102997357,0.01836723139928884,0.19593288525715302,0.0,0.0,0.013236728536417983,0.0,0.037011533080972554,0.27520550531386484,0.0,0.0,0.0,0.0
mix_0072_depth100,0.0,0.023648746634987547,0.5449091425043041,0.20484808273485988,0.0,0.0,0.0,0.0,0.0,0.0,0.0624615833038247,0.0,0.0,0.0,0.0
mix_0072_depth25,0.0,0.006360876995067192,0.5678797805741614,0.20919450994998776,0.0,0.0,0.0,0.0,0.0,0.0,0.04744841662916951,0.0,0.0,0.0,0.0
mix_0073_depth100,0.0,0.06087077729152241,0.31063694898354777,0.06900034334100548,0.041796895369793634,0.0,0.0,0.0005927943838760359,0.0,0.00393848987422393,0.3065257771662912,0.030782551255661636,0.0,0.0,0.0
mix_0073_depth25,0.0,0.07923212637136214,0.3155864442293783,0.06103249625336114,0.0784735709921996,0.0,0.0,0.006847680769745175,0.0,0.0,0.29156170482923954,0.0065780076635705165,0.0,0.0,0.0
mix_0074_depth100,0.0,0.10948933001373955,0.1908246753610642,0.18311922702761693,0.0156749321828245,0.0,0.0,0.0,0.0,0.0440853667378424,0.25464891102382003,0.0,0.0,0.0,0.0
mix_0074_depth25,0.0,0.1374241878085711,0.18814400462337333,0.17021609263532803,0.014931012158015304,0.0,0.0,0.0,0.0,0.037225193128358286,0.23993187700698987,0.0,0.0,0.0,0.0
mix_0075_depth100,0.0,0.11748046498523076,0.4295448560600066,0.24292973518654634,0.0,0.0,0.0,0.0,0.0,0.0,0.09307284016683588,0.0,0.0,0.0,0.0
mix_0075_depth25,0.0,0.10867117636754953,0.3964871579661689,0.27042650245075944,0.0,0.0,0.0,0.0,0.0,0.0,0.09219188115199486,0.0,0.0,0.0,0.0
mix_0076_depth100,0.0,0.06035458869676942,0.22793311996501367,0.0067294011877509175,0.2667001934903851,0.0,0.0,0.0,0.0,0.05748655312899307,0.28547739865061833,0.0,0.0,0.0,0.0
mix_0076_depth25,0.0,0.06818696596751672,0.25728542289716644,0.0008174412674499002,0.28940592387979935,0.0,0.0,0.0,0.0,0.05117004928488257,0.24472778281224605,0.0,0.0,0.0,0.0
mix_0077_depth100,0.0,0.02201681392714326,0.0821871557405091,0.0,0.1387449417961202,0.09271289512900081,0.0,0.0,0.0,0.0,0.4056940783918055,0.0,0.0,0.0,0.0
mix_0077_depth25,0.0,0.012109901426828669,0.0868102876793122,0.0,0.12143583071986393,0.12285789202796131,0.0,0.0,0.0,0.0,0.396374114258868,0.0,0.0,0.0,0.0
mix_0078_depth100,0.0,0.09336483411254998,0.07582831109233336,0.021538273478724456,0.2779981801340324,0.0,0.0,0.0,0.0,0.04469950152248601,0.2799017210510113,0.0,0.0,0.0,0.0
mix_0078_depth25,0.0,0.08646433816518641,0.058490180231221045,0.05347498426223906,0.21586611429802016,0.0,0.0,0.0,0.0,0.07189442347648886,0.2967969775034552,0.0,0.0,0.0,0.0
mix_0079_depth100,0.0,0.05235769631382419,0.3252885410064192,0.22542394081258857,0.0,0.0,0.0,0.0,0.0,0.018263902009929507,0.2542795288341483,0.0,0.0,0.0,0.0
mix_0079_depth25,0.0,0.04589191267979975,0.2862435582719731,0.2503732009774787,0.0,0.0,0.0,0.0,0.0,0.006784671669561018,0.2873599788830867,0.0,0.0,0.0,0.0
mix_0080_depth100,0.0,0.022917976075233642,0.437940661351183,0.10156053567023758,0.10884100094376624,0.0,0.0,0.0,0.0,0.009420413985509489,0.21107071057880034,0.0,0.0,0.0,0.0
mix_0080_depth25,0.0,0.026833156080376612,0.42736880162569246,0.14757193472411428,0.06782335678750939,0.0,0.0,0.0,0.0,0.02111868502143477,0.21519693835919523,0.0,0.0,0.0,0.0
mix_0081_depth100,0.0,0.3374448432083845,0.014403179559726599,0.2107142928821021,0.0,0.040958479924319405,0.0,0.0,0.0,0.12318289769782075,0.09259886530962415,0.0,0.0,0.0,0.0
mix_0081_depth25,0.0,0.310179373550484,0.005002022594362903,0.23069620214032927,0.0,0.022566874292823887,0.0,0.0,0.0,0.1382209039193797,0.11278668404231691,0.0,0.0,0.0,0.0
mix_0082_depth100,0.0,0.08870473793570693,0.33852731265320773,0.07023480331770018,0.07916348002787657,0.0,0.0,0.0,0.0,0.05526063561837898,0.23737555531254684,0.0,0.0,0.0,0.0
mix_0082_depth25,0.0,0.09298384257870039,0.3575425644716733,0.0786449177300059,0.05071229218114402,0.0,0.0,0.0,0.0,0.05928822469136097,0.21147749089827103,0.0,0.0,0.0,0.0
mix_0083_depth100,0.0,0.031973962861674005,0.4622524265459626,0.09387088682002727,0.013690448354710021,0.0,0.0,0.0,0.0,0.0,0.1854493570522214,0.0,0.0,0.0,0.0
mix_0083_depth25,0.0,0.02605222815050942,0.47818094382207127,0.07705348924463716,0.04520835160926989,0.0,0.0,0.0,0.0,0.0,0.16599303135195023,0.0,0.0,0.0,0.0
mix_0084_depth100,0.0,0.27187664454913246,0.20781694670334122,0.16005973974917048,0.0,0.0,0.0,0.0,0.0,0.071634679683389,0.059921575561773424,0.0,0.0,0.0,0.0
mix_0084_depth25,0.0,0.26331212704501494,0.18324496516795336,0.1523346641976195,0.03271512798610934,0.0,0.0,0.0,0.0,0.09549497210134829,0.04150252048628361,0.0046575808338955626,0.0,0.0,0.0
mix_0085_depth100,0.0,0.0,0.26994582592581995,0.23890477579161137,0.0,0.0,0.0,0.0,0.0,0.06469805690760459,0.2610740044402868,0.0,0.0,0.0,0.0
mix_0085_depth25,0.0,0.0,0.25713357108714874,0.2384851838593204,0.0,0.0,0.0,0.0,0.0,0.07168426770601317,0.26394607822004484,0.0,0.0,0.0,0.0
mix_0086_depth100,0.0,0.033420670315215194,0.3068437587930118,0.1812000015355285,0.003993152752401876,0.0,0.0,0.0,0.0,0.07323367851982676,0.237777236013064,0.0,0.0,0.0,0.0
mix_0086_depth25,0.0,0.02175477161622558,0.3024720715606757,0.1905212575977635,0.0,0.0,0.0,0.0,0.0,0.08348429147585465,0.22994874515398206,0.019997741475796586,0.0,0.0,0.0
mix_0087_depth100,0.0,0.30243494706348883,0.0,0.0,0.1513230393801127,0.03689351311834922,0.0,0.041366298265043656,0.0,0.007821809549495299,0.30005652391217474,0.0,0.0,0.0,0.0
mix_0087_depth25,0.0,0.3009306292697725,0.006790662581370869,0.0,0.16235503951160724,0.022324817879516696,0.0,0.03306391787377728,0.0,0.028378781048398336,0.2859713627104822,0.0,0.0,0.0,0.0
mix_0088_depth100,0.0,0.0,0.40561314647328756,0.07990155478697454,0.0,0.0,0.0,0.05921451414522002,0.0,0.0,0.2957097118966992,0.0,0.0,0.0,0.0
mix_0088_depth25,0.0,0.0,0.40820431526776024,0.0982899720641525,0.0,0.0,0.0,0.06813800055982279,0.0,0.0,0.2637965244575581,0.0,0.0,0.0,0.0
mix_0089_depth100,0.0,0.03527378291802499,0.3338642949637644,0.03476500387351605,0.0,0.0,0.0,0.11417702968240082,0.0,0.0,0.2778944324095195,0.0,0.0,0.0,0.0
mix_0089_depth25,0.0,0.024323553787683513,0.31026585887610614,0.02421620177178608,0.02061353412927712,0.0,0.0,0.11726200456573244,0.0,0.0,0.2881045245341182,0.0,0.0,0.0,0.0
mix_0090_depth100,0.0,0.15051036067627518,0.3112357216633796,0.007391650810580467,0.1326900423355463,0.0,0.0,0.0,0.0,0.04014969996586114,0.18660449833178883,0.019579418308628346,0.0,0.0,0.0
mix_0090_depth25,0.0,0.15313616573149336,0.32021778265122336,0.011987037859645581,0.10586491923163692,0.0,0.0,0.0,0.0,0.02657390494689196,0.2032641898145402,0.020385504512335034,0.0,0.0,0.0
mix_0091_depth100,0.0,0.24611683180552962,0.1792114876029507,0.1557755815704113,0.0,0.001311323205352341,0.0,0.0,0.0,0.08905780248084788,0.2060834872312195,0.0,0.0,0.0,0.0
mix_0091_depth25,0.0,0.23848719850877884,0.21944903754377482,0.1411659106909708,0.0,0.0,0.0,0.0,0.0,0.0859861052131671,0.20633726663920812,0.0,0.0,0.0,0.0
mix_0092_depth100,0.0,0.02134139424961697,0.5631785944424379,0.0853570769400646,0.0,0.0,0.0,0.0,0.0,0.0,0.09864372133159276,0.0,0.0,0.0,0.0
mix_0092_depth25,0.0,0.02154440391368818,0.5520163871733799,0.0482919608086768,0.0,0.0,0.0,0.0,0.0,0.0,0.12680610596877145,0.0,0.0,0.0,0.0
mix_0093_depth100,0.0,0.040894217379532104,0.28657353436343674,0.177610935159306,0.03236486111474465,0.0,0.0,0.00648440645552755,0.0,0.010981061734128373,0.2889251977686274,0.0,0.0,0.0,0.0
mix_0093_depth25,0.0,0.022012206123926497,0.3367371553833935,0.1339367607629966,0.05799227880413626,0.0,0.0,0.0006600348580286401,0.0,0.030758640448087862,0.26901100082328633,0.0,0.0,0.0,0.0
mix_0094_depth100,0.0,0.04968179865567993,0.5799945383260499,0.11917272824929726,0.0,0.0,0.0,0.0,0.0,0.03886562383502815,0.1409908742419969,0.0,0.0,0.0,0.0
mix_0094_depth25,0.0,0.03685498433681937,0.6366680788418846,0.09172364100688203,0.00901784402253491,0.0,0.0,0.0,0.0,0.037442938948900197,0.12139473989962338,0.0,0.0,0.0,0.0
mix_0095_depth100,0.0,0.15694684809871312,0.060058756750017754,0.01724415001304951,0.16296996149596688,0.0,0.0,0.002669317955141798,0.0,0.0026330112538802733,0.44394142656226,0.0,0.0,0.0,0.0
mix_0095_depth25,0.0,0.17498377519751132,0.07523061583911966,0.013932199789785259,0.18282398548021428,0.0,0.0,0.002640123167720281,0.0,0.0031189446784005287,0.3982921245492457,0.0,0.0,0.0,0.0
mix_0096_depth100,0.0,0.0,0.5215784242922624,0.0,0.1805418346443925,0.0,0.0,0.0,0.0,0.004567771375263632,0.2075842526653508,0.0,0.0,0.0,0.0
mix_0096_depth25,0.0,0.0,0.491485824985101,0.0,0.16461609597250165,0.0,0.0,0.0,0.0,0.0376758584848507,0.21988376488803185,0.0,0.0,0.0,0.0
mix_0097_depth100,0.0,0.07846977645515689,0.09890855091771764,0.19715873411995816,0.03714336380268116,0.0,0.0,0.0,0.0,0.025195646679594216,0.42571360061055724,0.0,0.0,0.0,0.0
mix_0097_depth25,0.0,0.09077688363742245,0.08477914726445714,0.07020418161630843,0.16320919637778483,0.0,0.0,0.0,0.0,0.019250692068885956,0.4497985958629888,0.0,0.0,0.0,0.0
mix_0098_depth100,0.0,0.28809195488670536,0.049047862198153214,0.11122843636801356,0.12258647956297193,0.0,0.0,0.0,0.0,0.05457181645380752,0.16104865000843452,0.0,0.0,0.0,0.0
mix_0098_depth25,0.0,0.30161855799428333,0.05515473427955282,0.05412771551491069,0.16394720980384395,0.0,0.0,0.0,0.0,0.05470824414332901,0.15465040725132298,0.0,0.0,0.0,0.0
mix_0099_depth100,0.0,0.14256730724287917,0.4034868883005015,0.13238486178072711,0.0,0.0,0.0,0.0,0.0,0.011514970312840371,0.20559718967278293,0.0,0.0,0.0,0.0
mix_0099_depth25,0.0,0.13893447935066686,0.4142392921728989,0.12398640613274432,0.0,0.0,0.0,0.0,0.0,0.01220483060143677,0.20877548105465388,0.0,0.0,0.0,0.0
mix_0100_depth100,0.0,0.06224321981834126,0.2276558198598002,0.02280562504495262,0.14853203530961534,0.0,0.0,0.0,0.0,0.03555213979670039,0.35345063114559305,0.0,0.0,0.0,0.0
mix_0100_depth25,0.0,0.08873575694704426,0.20296456454068434,0.04519361923309135,0.11969962660598503,0.0,0.0,0.0,0.0,0.03047321113441276,0.36992816434719233,0.0,0.0,0.0,0.0
mix_0101_depth100,0.0,0.029308430607477776,0.16493250030172615,0.0,0.3893301768342487,0.0,0.0,0.0,0.0,0.0,0.36713979208326936,0.0,0.0,0.0,0.0
mix_0101_depth25,0.0,0.054042730185210025,0.13819415964095588,0.036766109249768746,0.3722156951470141,0.0,0.0,0.0,0.0,0.0,0.3390496704267321,0.0,0.0,0.0,0.0
mix_0102_depth100,0.0,0.134936289986704,0.08334074793019731,0.059846869482318286,0.22707623732370827,0.0,0.0,0.059340114523338844,0.0,0.08873056117329053,0.14055638682117036,0.07324324265767199,0.0,0.0,0.0
mix_0102_depth25,0.0,0.14540033846604222,0.10285018979655616,0.04322849061839548,0.2379516449205113,0.0,0.0,0.0605586326839446,0.0,0.08802335679921777,0.12361557328481225,0.05848603775647715,0.0,0.0,0.0
mix_0103_depth100,0.0,0.04436630757547359,0.10470310260449424,0.0,0.2304720578719777,0.0732385164066478,0.0,0.01753875415811444,0.0,0.022421358068185824,0.32102368259099345,0.0,0.0,0.0,0.0
mix_0103_depth25,0.0,0.038523950513396334,0.14016185607169554,0.0,0.1824272181607451,0.09057728758726447,0.0,0.020223981510869977,0.0,0.01229937156184157,0.33491060542331946,0.0,0.0,0.0,0.0
mix_0104_depth100,0.0,0.08249137344771348,0.1181729869297802,0.0008093879306962367,0.27570973518956726,0.0,0.0,0.0,0.0,0.05811506676561137,0.3756511930353096,0.0,0.0,0.0,0.0
mix_0104_depth25,0.0,0.08941956738590148,0.10069520323222268,0.0637499268546023,0.18650308446575348,0.0,0.0,0.0,0.0,0.06994714386614528,0.38458213040567996,0.0,0.0,0.0,0.0
mix_0105_depth100,0.0,0.1738266493110304,0.2100470409389804,0.0,0.06937313397494523,0.1385185609902341,0.0,0.0874295179806032,0.0,0.020478645638205728,0.15454740790867866,0.0,0.0,0.05679363368612201,0.0
mix_0105_depth25,0.0,0.16864107690581503,0.22688014179164706,0.0,0.06997135290767302,0.1778838112942973,0.0,0.08340393107923183,0.0,0.014631664413597534,0.15944838536573336,0.0,0.0,0.032314183471753764,0.0
mix_0106_depth100,0.0,0.005517235599445302,0.3224248848273619,0.0,0.1027266916243343,0.09406319235201051,0.0,0.013543942073977973,0.0,0.07809784243273853,0.26920204056560654,0.0,0.0,0.0,0.0
mix_0106_depth25,0.0,0.0,0.34261279296870906,0.0,0.06885597525120721,0.13260045192832182,0.0,0.005377588302164033,0.0,0.06972977882666181,0.26458066701159433,0.0,0.0,0.0,0.0
mix_0107_depth100,0.0,0.16226353934393606,0.1893624775363416,0.1682961833720754,0.0,0.0,0.0,0.0,0.0,0.1467983883371754,0.2097452680301968,0.0,0.0,0.0,0.0
mix_0107_depth25,0.0,0.16481132188816833,0.21044798458387992,0.171386141806936,0.0,0.0,0.0,0.0,0.0,0.16684179020609494,0.16028142659937586,0.0,0.0,0.0,0.0
mix_0108_depth100,0.0,0.15236946666864096,0.006990640405485157,0.013847210393961692,0.23008235298583854,0.0,0.0,0.1110685152430207,0.0,0.08060876151257491,0.31502857412617635,0.011314293421956882,0.0,0.0,0.0
mix_0108_depth25,0.0,0.13915616861588362,0.0,0.0,0.2573952914984277,0.0,0.0,0.1093698668223074,0.0,0.06228521801843312,0.34021952377037495,0.01255163415365476,0.0,0.0,0.0
mix_0109_depth100,0.0,0.11457832021542125,0.1805958065244202,0.0009926597924316775,0.15024722638216229,0.0,0.0,0.1239003768376848,0.0,0.17392632438540145,0.11978609905580469,0.0,0.0,0.0,0.0
mix_0109_depth25,0.0,0.11393614801378395,0.1922705201782737,0.0,0.14268823607096479,0.0,0.0,0.13444164695243002,0.0,0.15162066075531408,0.15030036671836192,0.0,0.0,0.0,0.0
mix_0110_depth100,0.0,0.15921638956924644,0.07925678166250198,0.0,0.11363339272945627,0.0,0.0,0.2241229175234483,0.0,0.07278094691151162,0.19151281241321502,0.0,0.0,0.0,0.0
mix_0110_depth25,0.0,0.13650263464161883,0.10811121330262664,0.0,0.13764200104968774,0.0,0.0,0.24396205539418683,0.0,0.06194304918490682,0.16720554081106787,0.0,0.0,0.0,0.0
mix_0111_depth100,0.0,0.04904805198152407,0.42179985722783425,0.06592044432334317,0.0,0.0,0.0,0.06541259872348049,0.0,0.01444131820765715,0.11861147392436913,0.06421603504371756,0.0,0.0,0.0
mix_0111_depth25,0.0,0.03801057335432853,0.45431512312200056,0.06026372356046355,0.0,0.0,0.0,0.0625777482787833,0.0,0.01163804197165419,0.09362495168372366,0.07394356903660913,0.0,0.0,0.0
mix_0112_depth100,0.0,0.10429510808810898,0.20533900968499488,0.11326424517569142,0.0,0.016585385307868437,0.0,0.022599944214404123,0.0,0.09998495085456563,0.219601633383544,0.0,0.0,0.0,0.008171771652469807
mix_0112_depth25,0.0,0.10066644648463943,0.13155556579373595,0.14717172649760935,0.0,0.05572882330097745,0.0,0.016742849191768414,0.0,0.06953432556897345,0.21605583917754062,0.0,0.0,0.0,0.021752715011729207
mix_0113_depth100,0.0,0.085806740698436,0.08883464243948637,0.0,0.2530369551319142,0.0,0.0,0.0,0.0,0.01582079812723654,0.4687547048865492,0.0,0.0,0.0,0.0
mix_0113_depth25,0.0,0.07825323278556257,0.08059411102629083,0.0,0.2739477842441706,0.0,0.0,0.0,0.0,0.0020542486562441353,0.4696925783686104,0.0,0.0,0.0,0.0
mix_0114_depth100,0.0,0.09575015354156133,0.18292170388645376,0.13989391346484148,0.0014345605966832504,0.0,0.0,0.0,0.0,0.09423952994265748,0.23500052628443777,0.0,0.0,0.0,0.0
mix_0114_depth25,0.0,0.07846087752491326,0.17294692490910135,0.13881689242043443,0.0,0.0,0.0,0.0,0.0,0.07702883218061497,0.2574808728009341,0.0,0.0,0.0,0.0
mix_0115_depth100,0.12166009218024487,0.28793236168454267,0.12997746867724155,0.05902321605008555,0.054500202026308835,0.09281714606893977,0.0,0.0,0.0,0.11004750130104143,0.07203113018499946,0.0,0.0,0.0,0.026880297852303885
mix_0115_depth25,0.14231946083384953,0.28121229958882754,0.11386646042117672,0.0,0.1672187357136522,0.04356847141286411,0.0,0.0,0.0,0.13107145678187673,0.07038406339142879,0.0,0.0,0.0,0.012753895921341869
mix_0116_depth100,0.0,0.10636734843413045,0.21970376185777876,0.056477107955970954,0.017246364817293667,0.0,0.0,0.01884019787473884,0.0,0.04109940183861541,0.2622503333008452,0.08821402406096734,0.0,0.0,0.058694488118606565
mix_0116_depth25,0.0,0.08090323686873371,0.18217851536816118,0.059768236021150625,0.0,0.006480135774014823,0.0,0.01963894814351451,0.0,0.05558559154536243,0.28099411165290533,0.12202350830096298,0.00014066428855804742,0.0,0.06419565643666493
mix_0117_depth100,0.0,0.37075837756157465,0.0009465428783682077,0.02803589144226273,0.23024783225304365,0.0,0.0,0.0,0.0,0.05959968398732857,0.16575281413328133,0.0,0.0,0.0,0.0
mix_0117_depth25,0.0,0.35074779890136304,0.028992500205406533,0.0891966380164558,0.1269567101225147,0.01795855248893147,0.0,0.0,0.0,0.04436139691059552,0.18217760370524946,0.0,0.0,0.0,0.0
mix_0118_depth100,0.0,0.40488580808561286,0.33478473809953,0.017220930623302523,0.027418504639993367,0.0,0.0,0.0,0.0,0.05657187642205856,0.0,0.0,0.0,0.0,0.0
mix_0118_depth25,0.0,0.3823588964225156,0.3786367093572969,0.04363691372146834,0.0,0.0,0.0,0.0,0.0,0.0318185745974454,0.0,0.0,0.0,0.0,0.0
mix_0119_depth100,0.0,0.07207605766889046,0.0,0.04351066017248019,0.13738485460987312,0.007539916828996859,0.0,0.010255164904409936,0.0,0.0904622773144698,0.33235705624573336,0.09216890005250107,0.0,0.0,0.0
mix_0119_depth25,0.0,0.07389257333329911,0.0,0.01729620217892018,0.1739519466406537,0.014042905462897617,0.0,0.005766450903263877,0.0,0.106971589336797,0.32142813415185595,0.08996353456289258,0.0,0.0,0.0
mix_0120_depth100,0.0,0.10070436304732026,0.09923228265818379,0.05933966171676235,0.18651505620656766,0.0,0.0,0.027970127046317933,0.0,0.09991384137155969,0.241375886208963,0.05942318151947061,0.0,0.0,0.0
mix_0120_depth25,0.0,0.10933771375043934,0.10570049728788528,0.04049182645824639,0.24456116255395954,0.0,0.0,0.03173448265689361,0.0,0.0823567824244205,0.24118924109364506,0.02921139148126325,0.0,0.0,0.0
mix_0121_depth100,0.0,0.053200583755336366,0.35099845711326133,0.13987896171428663,0.0,0.0,0.0,0.0,0.0,0.10038736426303,0.05587938342823875,0.09813206464516816,0.0,0.0,0.0
mix_0121_depth25,0.0,0.03532069129272229,0.31789652448237365,0.17130652827999807,0.0,0.0,0.0,0.0,0.0,0.12242004859674235,0.031772657566211934,0.1407603610978702,0.0,0.0,0.0
mix_0122_depth100,0.0,0.08485573457722627,0.18661597136202032,0.0,0.1894282819967336,0.0,0.0,0.02616967629569151,0.0,0.10317681986658159,0.25564193142199654,0.0,0.0,0.0,0.0
mix_0122_depth25,0.0,0.09122301681409163,0.16066977757550815,0.0,0.20850799779625886,0.0,0.0,0.020802830395801934,0.0,0.09457877617522523,0.26611919685632496,0.0,0.0,0.003009179534077719,0.0020894565942861498
mix_0123_depth100,0.0,0.24709295843164567,0.017997598128143347,0.060487947410906386,0.20320433943022276,0.0,0.0,0.002218098533253912,0.0,0.1182278726187941,0.19354587853496658,0.016130060960087497,0.0,0.0,0.0
mix_0123_depth25,0.0,0.2282826460735009,0.054898481002587686,0.1029024825175991,0.13358022588797208,0.0,0.0,0.0030666084871496494,0.0,0.13645455703453863,0.1601911382132816,0.032595290967401415,0.0,0.0,0.0
mix_0124_depth100,0.0,0.16923908297437265,0.25522955151688903,0.08657701937716696,0.0,0.037175124614544794,0.0,0.03799674489935031,0.0,0.10969155506971845,0.15461657673484994,0.0,0.0,0.0,0.012867165953498965
mix_0124_depth25,0.0,0.1662475667843965,0.25095127055237887,0.06559865136956736,0.0,0.03755629136646611,0.0,0.03040977241737312,0.0,0.09148663811932191,0.16101407531078965,0.0,0.0,0.0,0.05117143961305724
mix_0125_depth100,0.0,0.0,0.5064233770358973,0.01651670841910338,0.07999056911559622,0.0,0.0,0.0,0.0,0.14595508590715198,0.10535002013508989,0.0,0.0,0.0,0.0
mix_0125_depth25,0.0,0.0,0.5406094366773154,0.03588835346554744,0.06621998150374583,0.0,0.0,0.0,0.0,0.14833220397570016,0.09053691032886604,0.0,0.0,0.0,0.0
mix_0126_depth100,0.0,0.18746407695881168,0.07786299407022282,0.004736960163472389,0.24894852547379143,0.0,0.0,0.0,0.0,0.0373350591837939,0.3363934718609162,0.0,0.0,0.0,0.0
mix_0126_depth25,0.0,0.1948969074063569,0.08369113670518191,0.0,0.2240957891833049,0.0,0.0,0.0,0.0,0.017779577836597556,0.37850752428051654,0.0,0.0,0.0,0.0
mix_0127_depth100,0.0,0.3524055966268878,0.20486778453127003,0.0832425059871998,0.0,0.0,0.0,0.0,0.0,0.04415303940952164,0.1739459538237105,0.0,0.0,0.0,0.0
mix_0127_depth25,0.0,0.3395537690926471,0.18495919324921958,0.0983194497601644,0.0,0.0,0.0,0.0,0.0,0.05078106973688512,0.1849000096011588,0.0,0.0,0.0,0.0
mix_0128_depth100,0.0,0.22360194421180743,0.26488118065364236,0.14827272129986116,0.0,0.0,0.0,0.007067679738239083,0.0,0.00502303553834851,0.15320730071707836,0.0,0.0,0.0,0.0
mix_0128_depth25,0.0,0.221627151884512,0.2753646026486885,0.17711533962664067,0.0,0.0,0.0,0.013504854014527067,0.0,0.0,0.12623410669174853,0.0,0.0,0.0,0.0
mix_0129_depth100,0.0,0.3248800264122212,0.3785578366099292,0.029007005019859346,0.0,0.0,0.0,0.0977401081545503,0.0,0.01806991775552762,0.0,0.0,0.0,0.0,0.0
mix_0129_depth25,0.0,0.3182683753525835,0.36707975900257156,0.03916936123525933,0.0,0.0,0.0,0.11061511197676267,0.0,0.022906911962771857,0.0,0.0,0.0,0.0,0.0
mix_0130_depth100,0.0,0.4386736483588903,0.06648693225427141,0.04231688922694288,0.14327390817459412,0.0,0.0,0.05826573896433144,0.0,0.07364449705041026,0.03610922606314178,0.0,0.0,0.0,0.0
mix_0130_depth25,0.0,0.4449846086837274,0.05581486431922959,0.0,0.2070705890974604,0.001829256056108698,0.0,0.057625279362874586,0.0,0.0746515289030655,0.025945278052806674,0.0004911775920052955,0.0,0.0,0.0
mix_0131_depth100,0.0,0.44594424226243223,0.036393342703203324,0.0,0.14971090614116575,0.0,0.0,0.1635616814275155,0.0,0.0,0.08320022255528972,0.0,0.0,0.0,0.0
mix_0131_depth25,0.0,0.40603068507774304,0.0,0.0,0.1532520426990782,0.0,0.0,0.17056267488176177,0.0,0.0,0.14326074536623767,0.0,0.0,0.0,0.0
mix_0132_depth100,0.0,0.23378811030995164,0.1625585803449915,0.0,0.09787570247924389,0.06629159516138265,0.0,0.03792362207145518,0.0,0.03129882784425887,0.26499140379764935,0.0,0.0,0.0,0.0
mix_0132_depth25,0.0,0.24125036668140074,0.1890931513504892,0.0,0.08436263308834144,0.052607287939990525,0.0,0.04852061799943332,0.0,0.007244887017580193,0.26264505173649355,0.0,0.0,0.0,0.0
mix_0133_depth100,0.0,0.3774245610444786,0.18337458825271485,0.18445566385077294,0.0,0.0,0.0,0.0,0.0,0.010053800383990097,0.15014521383287413,0.0,0.0,0.0,0.0
mix_0133_depth25,0.0,0.34520145332402635,0.18064228490017858,0.17102143092889693,0.0,0.0,0.0,0.0,0.0,0.010248491327325478,0.19317750941829048,0.0,0.0,0.0,0.0
mix_0134_depth100,0.0,0.2644949123267107,0.2192885626671074,0.2333460912990841,0.0,0.0,0.0,0.0,0.0,0.049608813473212464,0.10990835549488018,0.0,0.0,0.0,0.0
mix_0134_depth25,0.0,0.2817940209427842,0.21628105475784815,0.24430690990408171,0.0,0.0,0.0,0.0,0.0,0.04784570384151679,0.0828748611214461,0.0,0.0,0.0,0.0
mix_0135_depth100,0.0,0.356761711993769,0.015764874750430292,0.08050778619868916,0.11791088515456635,0.0,0.0,0.045653732965067265,0.0,0.01724928468058986,0.043539751457387865,0.0896460909933382,0.0,0.0,0.04158599232488605
mix_0135_depth25,0.0,0.3430934862861074,0.0,0.07602643861465441,0.10378105962068858,0.0,0.0,0.03885272547700586,0.0,0.028301474990639,0.060615065634584096,0.09978157164634935,0.0,0.0,0.05656095128012741
mix_0136_depth100,0.0,0.18476588210324468,0.379028061186735,0.0,0.12473698016449632,0.0,0.0,0.03071833176371924,0.0,0.0085943757521418,0.07423331246715274,0.0,0.0,0.0,0.0
mix_0136_depth25,0.0,0.18015062063476095,0.36664643787205,0.03626085829203277,0.10841557093417792,0.0,0.0,0.026513214348791933,0.0,0.01575997976279028,0.06648095466249647,0.0,0.0,0.0,0.0
mix_0137_depth100,0.0,0.19303483397628343,0.07774836960145189,0.08635297065410659,0.1869533628736991,0.0,0.0,0.012928909161067627,0.0,0.010206962583081404,0.32258536938922705,0.0,0.0,0.0,0.0
mix_0137_depth25,0.0,0.20687610522043273,0.08043688439439331,0.0795448012656475,0.21067943483712956,0.0,0.0,0.014784970890893178,0.0,0.002659575068301915,0.3173820006356626,0.0,0.0,0.0,0.0
mix_0138_depth100,0.0,0.26186406682083935,0.32588258484808585,0.0,0.11099453943321784,0.0,0.0,0.0,0.0,0.012239297495190388,0.13469662862310994,0.0,0.0,0.0,0.0
mix_0138_depth25,0.0,0.23646012011591225,0.3077586497273294,0.0,0.09798382889650531,0.0,0.0,0.0,0.0,0.0065309344458214375,0.1835985941476433,0.0,0.0,0.0,0.0
mix_0139_depth100,0.0,0.28618944476406755,0.08147881042081524,0.1910890125098018,0.0,0.0,0.0,0.0,0.0,0.013389237901299901,0.28557972401189824,0.0,0.0,0.0,0.0
mix_0139_depth25,0.0,0.2822516230221151,0.08040465887925545,0.2088402743556353,0.0007464334559838911,0.0,0.0,0.010190428265213934,0.0,0.0,0.27469329274647736,0.0,0.0,0.0,0.0
mix_0140_depth100,0.0,0.3910976064752558,0.07843744435664267,0.0,0.12090368960514736,0.09479869407680251,0.0,0.012588945912059488,0.0,0.022447075801884007,0.13166875434835695,0.0,0.0,0.0,0.0
mix_0140_depth25,0.0,0.3969863090135032,0.07605581388796576,0.0,0.1414461756809359,0.05720129155006757,0.0,0.007205894394418909,0.0,0.0,0.11433258505912057,0.0,0.0,0.03484911972304618,0.0
mix_0141_depth100,0.0,0.5130197479622355,0.2150998746431055,0.13880404117554251,0.0,0.0,0.0,0.0,0.0,0.06444830303182154,0.0,0.0,0.0,0.0,0.0
mix_0141_depth25,0.0,0.5172073440986835,0.2054526130988443,0.12500973560436524,0.0,0.0,0.0,0.0,0.0,0.07306703830024622,0.0,0.0,0.0,0.0,0.0
mix_0142_depth100,0.0,0.3456529999124767,0.12649520610512255,0.0,0.07069661350920542,0.07554100894425528,0.0,0.017528960988023118,0.0,0.0,0.2139195421397504,0.0,0.0,0.0,0.0
mix_0142_depth25,0.0,0.34699786204645855,0.11180351751199913,0.0,0.10479243870914269,0.09453278464420023,0.0,0.008661076824798818,0.0,0.0,0.19226585495977971,0.0,0.0,0.0,0.0
mix_0143_depth100,0.0,0.3214049573905325,0.4260483452120142,0.0,0.06403727682436068,0.0,0.0,0.0,0.0,0.004468520660912909,0.1146844899613923,0.0,0.0,0.0,0.0
mix_0143_depth25,0.0,0.31496744079421685,0.4585140223803949,0.0,0.05457011325295947,0.0,0.0,0.0,0.0,0.0014859675801151397,0.10427322554236754,0.0,0.0,0.0,0.0
mix_0144_depth100,0.0,0.16971812116038099,0.2993831063403688,0.1283092147872549,0.0,0.0,0.0,0.019037687486161418,0.0,0.1334527006649061,0.14461368825846627,0.0,0.0,0.0,0.0
mix_0144_depth25,0.0,0.1878671334265545,0.2721432992200609,0.12995241161686572,0.0,0.0,0.008476443192551886,0.01898573775511065,0.0,0.11824772359196532,0.14660358034853407,0.0,0.0,0.0,0.0
mix_0145_depth100,0.0,0.17110036188258748,0.11522850521993683,0.07199161716158801,0.08424334958432947,0.1134799541615441,0.0,0.0,0.0,0.13268800040894263,0.13948115207535128,0.07472164044164292,0.0,0.0,0.0
mix_0145_depth25,0.0,0.17010201566383534,0.10888798554835954,0.12420004272558494,0.0482924773586341,0.09696000036829693,0.0,0.0,0.0,0.08970066785135354,0.16133068387594357,0.08473838407917365,0.0,0.0,0.0
mix_0146_depth100,0.0,0.2684417585986453,0.2411207281442133,0.04550051223949482,0.12946933638538988,0.0,0.0,0.0,0.0,0.0,0.2854679078483726,0.0,0.0,0.0,0.0
mix_0146_depth25,0.0,0.2845728366511306,0.25311742061557235,0.012242694555342574,0.17777197863602892,0.0,0.0,0.0,0.0,0.0,0.2492656512954457,0.0,0.0,0.0,0.0
mix_0147_depth100,0.0,0.5389649536702358,0.0,0.08503064546612212,0.0,0.013989501031393925,0.0,0.0,0.0,0.16588409357116618,0.0,0.0,0.0,0.0,0.0
mix_0147_depth25,0.0,0.5181198645953522,0.0,0.0981377687587315,0.0,0.0,0.0,0.0,0.0,0.1971292446943727,0.0,0.0,0.0,0.0,0.0
mix_0148_depth100,0.0,0.45948940879004685,0.0,0.0,0.01786422328333563,0.06599294662666036,0.0,0.028167622117143864,0.0,0.0,0.0,0.0,0.0,0.2702839736638163,0.0
mix_0148_depth25,0.0,0.5034118513011574,0.0,0.0,0.01523394589955988,0.030435775677315643,0.0,0.028027510443547253,0.0,0.0,0.0,0.0,0.0,0.2737214953013058,0.0
mix_0149_depth100,0.0,0.4181549013299924,0.25337380451112207,0.08911715664410311,0.0,0.055871421434404774,0.0,0.0,0.0,0.06644452416731374,0.0,0.03294266344589885,0.0,0.0,0.0
mix_0149_depth25,0.0,0.3724160427722683,0.22866811351388858,0.133128524945693,0.0,0.056595884026968954,0.0,0.0,0.0,0.05996249215511581,0.0,0.04934005998905549,0.0,0.0,0.0053353708282859
mix_0150_depth100,0.0,0.15430445245657148,0.5128329986622614,0.04348725691783718,0.0,0.0,0.0,0.07580560298756497,0.0,0.04151492867050199,0.027572151040485736,0.0,0.0,0.0,0.0
mix_0150_depth25,0.0,0.1604609093343205,0.5048888110405172,0.0658574353082584,0.0,0.0,0.0,0.06718809344279005,0.0,0.05205711580689505,0.0,0.0,0.0,0.0,0.0
mix_0151_depth100,0.0,0.34885931904949674,0.0909840305350777,0.0,0.02950714459713566,0.025447596814828315,0.0,0.14436094673467895,0.0,0.056743722272517574,0.037712381730323784,0.13016914574346583,0.0,0.0,0.0
mix_0151_depth25,0.0,0.3685624607904141,0.07467161618428,0.0,0.056268969547514786,0.022458520670878414,0.0,0.13245103050460044,0.0,0.08716957066233674,0.0,0.14360543960318395,0.0,0.0,0.0
mix_0152_depth100,0.0,0.6583499068448243,0.10227231471925308,0.027990367720262473,0.040860503470261024,0.0,0.0,0.060336923156625755,0.0,0.03583414254966611,0.0,0.0,0.0,0.0,0.0
mix_0152_depth25,0.0,0.6795545474459432,0.0979422906213908,0.06946813738934456,0.0039500815245916586,0.0,0.0,0.06582080626142198,0.0,0.007880161641982268,0.0,0.0,0.0,0.0,0.0
mix_0153_depth100,0.0,0.23354957028568124,0.3660568120302139,0.02928883641687363,0.09912799471149036,0.0,0.0,0.046825585510932334,0.0,0.01887845697431504,0.10178721968994169,0.0,0.0,0.0,0.0
mix_0153_depth25,0.0,0.22248749673643745,0.33720909975108687,0.014429642273768395,0.12543664873080732,0.0,0.0,0.06002416127299671,0.0,0.030951787481456963,0.09735212675432639,0.005099373113515583,0.0,0.0,0.0
mix_0154_depth100,0.0,0.2806251524669392,0.023057214020237998,0.0,0.15527942899735966,0.0,0.0,0.0,0.0,0.05749033823743216,0.3349419817615821,0.0,0.0,0.0,0.0
mix_0154_depth25,0.0,0.26878466061963946,0.029302744994452568,0.0,0.13287747135304437,0.0,0.0,0.0,0.0,0.08804230786376714,0.3287823919565361,0.0,0.0,0.0,0.0
mix_0155_depth100,0.0,0.40606606692203573,0.12511311953737725,0.24110513232643546,0.0,0.0,0.0,0.0,0.0,0.10299440392672055,0.04005491905425062,0.0,0.0,0.0,0.0
mix_0155_depth25,0.0,0.38814224711706363,0.1739163219154352,0.23745620805169917,0.0,0.0,0.0,0.0,0.0,0.10377285033306066,0.021365927579583673,0.0,0.0,0.0,0.0
mix_0156_depth100,0.0,0.26579839363781843,0.17886225934519076,0.23351968823158384,0.0,0.0,0.0,0.003544625546882097,0.0,0.05383261670584069,0.1452948243930732,0.0,0.0,0.0,0.0
mix_0156_depth25,0.0,0.2727579803279293,0.18222874010555376,0.21293900901981858,0.011670206031790684,0.0,0.0,0.015952908809357798,0.0,0.047157821827646294,0.12489654766260483,0.0,0.0,0.0,0.0
mix_0157_depth100,0.0,0.21727474038425765,0.09475411320206903,0.08992655937012348,0.11271579114086433,0.0,0.0,0.0,0.0,0.0,0.34452047029084315,0.0,0.0,0.0,0.0
mix_0157_depth25,0.0,0.24619807219360187,0.130614083323643,0.17165544244949105,0.0,0.0,0.0,0.0,0.0,0.0,0.2929160530023071,0.0,0.0,0.0,0.0
mix_0158_depth100,0.0,0.4042510586695397,0.30914919195349616,0.12503586810938389,0.0,0.0,0.0,0.0,0.0,0.08442535249538807,0.0,0.0,0.0,0.0,0.0
mix_0158_depth25,0.0,0.3995839445687034,0.2616080976899119,0.12612732979426297,0.0,0.0,0.0,0.0,0.0,0.1087369889603212,0.0,0.0,0.0,0.0,0.0
mix_0159_depth100,0.0,0.3534591403084507,0.05064117979672495,0.18935623999397258,0.0,0.0,0.0,0.01058476114894552,0.0,0.0,0.19472451344231484,0.0,0.0,0.0,0.08942730964117782
mix_0159_depth25,0.0,0.3507310364518365,0.020940637231573647,0.20634847719722174,0.0,0.0,0.0,0.0,0.0,0.0,0.22831956389915775,0.0,0.0,0.0,0.08691579724451773
mix_0160_depth100,0.0,0.20784313473471214,0.0,0.11819908311990071,0.08514363360820834,0.0,0.0,0.0,0.0,0.0029232909775268566,0.3991944592091648,0.0,0.0,0.0,0.0
mix_0160_depth25,0.0,0.21926619447911336,0.0,0.03835756221410267,0.191118605261476,0.0,0.0,0.0,0.0,0.02425592091920619,0.37055010560083373,0.0,0.0,0.0,0.0
mix_0161_depth100,0.0,0.40471371238568893,0.2704091952642629,0.0,0.10045779775658262,0.0,0.0,0.0,0.0,0.07269899015703572,0.08921636445169268,0.0,0.0,0.0,0.0
mix_0161_depth25,0.0,0.4306462685792732,0.25426910591075824,0.0,0.051397981231956276,0.0,0.0,0.0,0.0,0.05014447309727906,0.1507690733831367,0.0,0.0,0.0,0.0
mix_0162_depth100,0.0,0.03833463121919776,0.41779475337635136,0.0,0.1349209342484513,0.05474025966191612,0.0,0.0,0.0,0.055357044240648884,0.17048968062203881,0.0,0.0,0.0,0.0
mix_0162_depth25,0.0,0.04390645007077213,0.35991410795485257,0.0,0.20112715896052583,0.03335388797448232,0.0,0.0,0.0,0.06567096217578916,0.17445712761939974,0.0,0.0,0.0,0.0
mix_0163_depth100,0.0,0.3705872536526047,0.13091638754173696,0.0,0.18550398506308982,0.0,0.0,0.0,0.0,0.011490473842701042,0.2638904119151608,0.0,0.0,0.0,0.0
mix_0163_depth25,0.0,0.36026486692631443,0.12383440288391218,0.0,0.1965367222562526,0.0,0.0,0.0,0.0,0.011699816364079157,0.28032716539177066,0.0,0.0,0.0,0.0
mix_0164_depth100,0.0,0.44590044003904517,0.05628722291032902,0.0,0.10653036702300872,0.07523686569349836,0.0,0.0,0.0,0.050219953134812576,0.10819117125677105,0.0,0.0,0.0,0.0
mix_0164_depth25,0.0,0.45262394733984557,0.08558056239975784,0.0,0.0849804713924049,0.1170952268941341,0.0,0.0,0.0,0.018780644119815754,0.08165051511893236,0.0,0.0,0.0,0.0
mix_0165_depth100,0.0,0.2281003245172053,0.26353932139986985,0.25173784855438325,0.0,0.0,0.0,0.0,0.0,0.06036284053002596,0.19658965559738578,0.0,0.0,0.0,0.0
mix_0165_depth25,0.0,0.23812663118082777,0.28674294861239463,0.2198764706572827,0.0,0.0,0.0,0.0,0.0,0.0601569451674224,0.20050417760581704,0.0,0.0,0.0,0.0
mix_0166_depth100,0.0,0.532081071776237,0.049407038788233715,0.011498612697544064,0.11335097340898156,0.068364998163423,0.0,0.0,0.0,0.06199904500732956,0.0,0.0,0.0,0.04623463119832349,0.0
mix_0166_depth25,0.0,0.5447037339111308,0.08247842204555834,0.0,0.08516695838302292,0.050667977630845185,0.0,0.003346726565064234,0.0,0.03513978597061173,0.0,0.0,0.0,0.08977752199976416,0.0
mix_0167_depth100,0.0,0.47971922080528956,0.04953374877618361,0.03465464739662662,0.07830621209466093,0.08815852714975755,0.0,0.01373821823969553,0.0,0.13741135047199154,0.024293180205884606,0.0,0.0,0.0,0.0
mix_0167_depth25,0.0,0.4243001655608316,0.016586504428170317,0.0,0.10805904293795289,0.11892936463202392,0.0,0.026321612853757205,0.0,0.13707791263063826,0.052518180752496646,0.016366293339337704,0.0,0.0,0.0
mix_0168_depth100,0.0,0.4435957742543518,0.0,0.0,0.014462048186006745,0.05395599581354811,0.0,0.07781140716118995,0.0,0.0,0.0262073630601165,0.0,0.0,0.268277162086053,0.0
mix_0168_depth25,0.0,0.44692295271657584,0.0,0.0,0.051380882272087765,0.0,0.0,0.07266045229824523,0.0,0.0,0.0,0.004827805022438796,0.0,0.3221687619474908,0.0
mix_0169_depth100,0.0,0.3800228306867642,0.0,0.0,0.09488082034866538,0.0,0.0,0.04785759492831501,0.0,0.0,0.0,0.0,0.0,0.3484530834054426,0.0
mix_0169_depth25,0.0,0.34613934267238283,0.0,0.0,0.05995282215518092,0.07621017091261913,0.0,0.03813210520990036,0.0,0.0,0.0,0.0,0.0,0.35284333890230724,0.0
mix_0170_depth100,0.0,0.42238769317786384,0.0,0.0,0.023341883279142155,0.07844794729215838,0.0,0.012313858345113771,0.0,0.06251310975199732,0.07677205378129502,0.0,0.0,0.2145448995955124,0.0
mix_0170_depth25,0.0,0.410972055244883,0.0,0.0,0.048771473093410414,0.039880711147012825,0.0,0.0036443703603869938,0.0,0.049084021409761265,0.1289737816892276,0.0,0.0,0.19241616053430138,0.0
mix_0171_depth100,0.0,0.7437590312033755,0.0,0.06697223278820866,0.0,0.0,0.0,0.06401889972359025,0.0,0.05453872010012445,0.0,0.0,0.0,0.0,0.0
mix_0171_depth25,0.0,0.7281122016421429,0.0,0.0611782749462074,0.0,0.0,0.0,0.06539362049581095,0.0,0.0658621719014217,0.0,0.0,0.0,0.0,0.0
mix_0172_depth100,0.0,0.5842772853580721,0.0,0.07286749681365841,0.0,0.005882063344583127,0.0,0.026479358819667464,0.0,0.08549979878173329,0.0,0.0,0.0,0.03132572807226233,0.06260812425462245
mix_0172_depth25,0.0,0.5937161435277496,0.0,0.061067151047640884,0.0,0.0,0.0,0.017577329994520347,0.0,0.10441628374559238,0.0,0.0,0.0,0.049667186420996004,0.06914789771016532
mix_0173_depth100,0.0,0.596922149081515,0.02626793938115058,0.09494619370997329,0.0,0.0,0.0,0.09920164550568947,0.0,0.09657868607080757,0.0,0.0,0.0,0.0,0.0
mix_0173_depth25,0.0,0.6007341666215538,0.002580637222414619,0.08650198990468956,0.0,0.0,0.0,0.09847858592673114,0.0,0.1304087545903365,0.0,0.0,0.0,0.0,0.0
mix_0174_depth100,0.0,0.6144779044859368,0.01812499731511064,0.0,0.12128079530090403,0.0,0.0,0.0,0.0,0.09550357425293746,0.0,0.0,0.0,0.0,0.0
mix_0174_depth25,0.0,0.6106355258720518,0.005440951626235058,0.0,0.1411762519653387,0.0,0.0,0.0,0.0,0.09106696697025397,0.0,0.0,0.0,0.0,0.0
mix_0175_depth100,0.0,0.4007979673740653,0.0,0.12513804040932702,0.0,0.1718467970620225,0.0,0.03456994642445275,0.0,0.10489264393758713,0.0,0.0,0.0,0.0,0.0036673202288386676
mix_0175_depth25,0.0,0.41464492813781845,0.0,0.12454360148469196,0.0,0.18311555605009042,0.0,0.06344849546251183,0.0,0.050677853590894544,0.0,0.0,0.0,2.6781137033071003e-06,0.00801355724217286
mix_0176_depth100,0.0,0.4529043415003177,0.07307638135828624,0.0,0.04832404954445888,0.0717834940175873,0.0,0.020141508068506033,0.0,0.10860128627742939,0.14866369240438615,0.0,0.0,0.0,0.0
mix_0176_depth25,0.0,0.47563910483577443,0.0759684640051408,0.012719645683437189,0.05370373132986599,0.03179053164638099,0.0,0.03535105202965676,0.0,0.12414134910736746,0.12178311219195086,0.0,0.0,0.0,0.0
mix_0177_depth100,0.0,0.438651671958104,0.05848716271422259,0.02704976011853782,0.13975997497374415,0.0,0.0,0.0,0.0,0.07613044050987498,0.1990003431796836,0.0,0.0,0.0,0.0
mix_0177_depth25,0.0,0.43413138864985634,0.05373803540018885,0.04435201151907637,0.1111447093196286,0.0,0.0,0.0,0.0,0.09127685673830739,0.21924330881846155,0.0,0.0,0.0,0.0
mix_0178_depth100,0.0,0.40400771836512045,0.0,0.0,0.16174793553527037,0.004610884602487273,0.0,0.07619091188985386,0.0,0.003695429879027639,0.08929037546627532,0.0,0.0,0.09759918383955377,0.06474334676331486
mix_0178_depth25,0.0,0.43486413308083544,0.0,0.0,0.15423317698510883,0.0,0.0,0.07021167415392267,0.0,0.034466463104512374,0.08532466917967757,0.0,0.0,0.10739554775768373,0.027514620930310204
mix_0179_depth100,0.0,0.5177291106237196,0.0,0.0,0.08143339597531327,0.05314944746238534,0.0,0.06230260741420703,0.0,0.03606392356914626,0.05805105169964111,0.0,0.0,0.0937217116002374,0.0
mix_0179_depth25,0.0,0.5321271334608971,0.013008363846953131,0.0,0.022654942012717248,0.10379763430494116,0.0,0.058318029304784975,0.0,0.011864928264119425,0.07091917650835712,0.0,0.0,0.09417821478776475,0.0
mix_0180_depth100,0.0,0.43154868732863905,0.1477404323778167,0.0,0.06400513159646565,0.13946615214321817,0.0,0.031188726014000464,0.0,0.030710071697466427,0.06028800583406431,0.0,0.0,0.01672163627914517,0.0
mix_0180_depth25,0.0,0.4344112261760588,0.13282114635793646,0.0,0.07267400514293598,0.1369532019487005,0.0,0.03414786667512372,0.0,0.05007272006166119,0.07295211530432368,0.0,0.0,0.00031496339201116997,0.0
mix_0181_depth100,0.0,0.5524230222829133,0.0,0.0,0.08701851286766223,0.11641328654214218,0.0,0.0,0.0,0.06414481110109362,0.0,0.035785492517706734,0.0,0.0,0.0
mix_0181_depth25,0.0,0.5435108621231246,0.0,0.0,0.05591694252822893,0.12210224461807001,0.0,0.0038415343750462187,0.0,0.08987627717758506,0.0,0.038672138286960145,0.0,0.0,0.015345148678731069
mix_0182_depth100,0.0,0.3473230983875705,0.07108143856707183,0.0,0.10598524090516336,0.02703304122575504,0.0,0.0035679586917320614,0.0,0.0839706293923907,0.2407814667096961,0.0,0.0,0.0,0.0
mix_0182_depth25,0.0,0.32266021478273293,0.09379652744974308,0.0,0.08579805636659742,0.042210780160642836,0.0,0.008071115145310188,0.0,0.07839217237474495,0.2357724139143075,0.0,0.0,0.0,0.0
mix_0183_depth100,0.0,0.38615904978618915,0.0,0.12486547477082399,0.0,0.034239763750122845,0.0,0.0,0.0,0.16827340254165948,0.07156215760374815,0.051631156015524995,0.0,0.0,0.04021591717329844
mix_0183_depth25,0.0,0.37859654892731903,0.0,0.10783634063478853,0.0,0.03488125393219833,0.0,0.0,0.0,0.1726783210938781,0.09311597745210749,0.047944097008461556,0.0,0.0,0.03634231204312021
mix_0184_depth100,0.0,0.1636001377436266,0.10338547483768484,0.09475067738983516,0.0,0.0,0.0,0.0,0.0,0.11357682765147604,0.0,0.281892313163818,0.0,0.0,0.08552830447705818
mix_0184_depth25,0.0,0.14883494968718294,0.11436463448953013,0.10791757451323294,0.0,0.0,0.0,0.0,0.0,0.09175332748776777,0.0,0.28422720253244577,0.0,0.0,0.10049000650095402
mix_0185_depth100,0.0,0.6501450478550634,0.0,0.058926693069004984,0.012443739562167726,0.07436737143733076,0.0,0.03664274087463665,0.0,0.09033088190195455,0.0,0.0,0.0,0.0,0.0
mix_0185_depth25,0.0,0.654570795901127,0.010198029406656766,0.0,0.0698872926858171,0.03537114394077298,0.0,0.052831583704527306,0.0,0.1174325226755699,0.0,0.0,0.0,0.0,0.0
mix_0186_depth100,0.0,0.21101820863039386,0.03414287731202691,0.0,0.24973919329531336,0.0,0.0,0.04427149705708927,0.0,0.05855285473454714,0.2712818992120764,0.0,0.0,0.0,0.0
mix_0186_depth25,0.0,0.2026186998105963,0.02690899563500442,0.0,0.26626454624015566,0.0011581973673454342,0.0,0.041449068727542435,0.0,0.0752345828553947,0.2612297588926901,0.0,0.0,0.0,0.0
mix_0187_depth100,0.0,0.27531186648953077,0.08038489153719167,0.022955198911225373,0.037728447167451586,0.16905633419900937,0.0,0.030074194517885313,0.0,0.03718149031785079,0.07488242128990033,0.0,0.0,0.16435160951814473,0.0
mix_0187_depth25,0.0,0.2755128115714676,0.0757537003806775,0.05544016414222472,0.0,0.20463191644269751,0.0,0.02874940795674964,0.0,0.044296440168635945,0.08016876150802793,0.0,0.0,0.12081280311672668,0.0
mix_0188_depth100,0.0,0.3993180863096554,0.0,0.0,0.0,0.15294161264147385,0.0,0.029063582034918174,0.0,0.05458268827786394,0.0,0.0,0.0,0.23529747837600296,0.0
mix_0188_depth25,0.0,0.3789518779376581,0.0,0.0,0.0,0.18050925630587447,0.0,0.027754665372011555,0.0,0.04310094375907156,0.0,0.0,0.0,0.2388085453371296,0.0
mix_0189_depth100,0.33223570883677395,0.0,0.0,0.0,0.0,0.0,0.021073192170068478,0.0936630662518081,0.0,0.0,0.09261106963765589,0.0,0.0,0.47667138911792983,0.0
mix_0189_depth25,0.40732501737006166,0.0,0.0,0.0,0.0,0.0,0.0,0.037518185021956425,0.0,0.0,0.07389146007920289,0.0,0.0,0.4677099040501776,0.0
mix_0190_depth100,0.5431689773995498,0.0,0.0,0.0,0.0,0.0,0.12922448114244509,0.007938642240573293,0.0,0.0,0.08751852861752023,0.0,0.0,0.1556106764839116,0.0
mix_0190_depth25,0.6576849402064117,0.0,0.0,0.0,0.0,0.0,0.09554788852279872,0.009728614824017013,0.0,0.0,0.048845084236161414,0.0,0.0,0.09447418297957376,0.0
mix_0191_depth100,0.8672053479023616,0.0,0.00018210754415984182,0.008252458815587492,0.0,0.0,0.0,0.004789535029023847,0.019372186208944993,0.0,0.0,0.0,0.0,0.0,0.0
mix_0191_depth25,0.7545690893180058,0.0,0.0,0.0,0.0,0.0,0.033150764334442806,0.08074115467611033,0.0,0.0,0.011192055762764117,0.0,0.0,0.0,0.0
mix_0192_depth100,0.5543997632725515,0.0,0.0,0.0,0.0,0.0,0.0,0.0794682250744093,0.16814609349232204,0.0,0.0,0.0,0.0,0.04481653425003187,0.0
mix_0192_depth25,0.5037506248648734,0.0,0.0,0.0,0.0,0.0,0.0,0.0853693175404744,0.1455199523129282,0.0,0.0136803800823892,0.0,0.0,0.12314324029645589,0.0
mix_0193_depth100,0.6829992172752182,0.0,0.0,0.0,0.0,0.0,0.0,0.018583970772619453,0.08781067986940085,0.0,0.0,0.0,0.0,0.17590624749834807,0.0
mix_0193_depth25,0.44296221279074227,0.0,0.0,0.0,0.0,0.0,0.0,0.057792392026954506,0.060592260161338264,0.0,0.0,0.0,0.0,0.3388596703937647,0.06501894366158106
mix_0194_depth100,0.0,0.7554384478705795,0.0,0.0,0.0,0.0,0.0,0.004839131766086785,0.0,0.0,0.0,0.0,0.0,0.08458534812444994,0.0
mix_0194_depth25,0.0,0.7825007992472389,0.0,0.0,0.0,0.0,0.0,0.01559095774476571,0.0,0.0,0.0,0.0,0.0,0.027344164910848907,0.0
mix_0195_depth100,0.0,0.8789298918078694,0.0,0.0,0.0,0.007457203038816059,0.0,0.02725989354136246,0.0,0.0019278806782805202,0.0,0.0,0.0,0.0,0.0
mix_0195_depth25,0.0,0.8699115697402628,0.0,0.0,0.0,0.016895666876901475,0.0,0.02541469966732666,0.0,0.0,0.0,0.0,0.0,0.0,0.0
mix_0196_depth100,0.0,0.8518751345367523,0.0,0.02064142352266998,0.0,0.0,0.0,0.0,0.0,0.0,0.0,0.0,0.0,0.0,0.0
mix_0196_depth25,0.0,0.848439458086705,0.0,0.026150813535301763,0.0,0.0,0.0,0.0,0.0,0.0,0.0,0.0,0.0,0.0,0.0
mix_0197_depth100,0.0,0.8691752161739984,0.0,0.0,0.0,0.0,0.0,0.0,0.0,0.0,0.0,0.0,0.0,0.0,0.0
mix_0197_depth25,0.0,0.8700631848703991,0.0,0.0,0.0,0.0,0.0,0.0,0.0,0.0,0.0,0.0,0.0,0.0,0.0
mix_0198_depth100,0.0,0.7430058026736636,0.0,0.05728309449141752,0.0,0.0,0.0,0.043144850476490165,0.0,0.0,0.0,0.0,0.0,0.046408698920518396,0.028632643366847347
mix_0198_depth25,0.0,0.7163000005128153,0.0,0.06993297444886706,0.0,0.0,0.0,0.041460569669383066,0.0,0.0,0.0,0.0,0.0,0.05040490645456494,0.028136639557211754
mix_0199_depth100,0.0,0.0,0.38611184531455156,0.11908324813120576,0.0,0.0,0.0,0.0,0.0,0.0,0.29367047824037723,0.0,0.0,0.0,0.0
mix_0199_depth25,0.0,0.0,0.4128649449868254,0.11404425867147944,0.0,0.0,0.0,0.0,0.0,0.0,0.2576237627711389,0.0,0.0,0.0,0.0
mix_0200_depth100,0.0,0.0,0.9010427157194345,0.011360522300876067,0.0,0.0,0.0,0.0,0.0,0.0,0.0,0.0,0.0,0.0,0.0
mix_0200_depth25,0.0,0.0,0.9318990767843676,0.0,0.0,0.0,0.0,0.0,0.0,0.0,0.0,0.0,0.0,0.0,0.0
mix_0201_depth100,0.0,0.0,0.3744072506471725,0.058332923820715483,0.08220408018550035,0.0,0.0,0.0,0.0,0.0,0.3211119731505784,0.0,0.0,0.0,0.0
mix_0201_depth25,0.0,0.0,0.38621870693786586,0.08674133094252053,0.06387700020308931,0.0,0.0,0.0,0.0,0.0,0.3033783581748927,0.0,0.0,0.0,0.0
mix_0202_depth100,0.0,0.0,0.30633761578232904,0.0,0.2646355254755485,0.0,0.0,0.0,0.0,0.004545718900318993,0.2976700110893475,0.0,0.0,0.0,0.0
mix_0202_depth25,0.0,0.0,0.3642782229004026,0.0,0.18915752127214402,0.0,0.0,0.0,0.0,0.020163959224830615,0.3020174771029634,0.0,0.0,0.0,0.0
mix_0203_depth100,0.0,0.0,0.22933893448258974,0.0,0.24418904308448114,0.004402681194253704,0.0,0.0,0.0,0.004967284964956891,0.3464400133747235,0.0,0.0,0.0,0.0
mix_0203_depth25,0.0,0.0,0.22970695730102272,0.0,0.26472115780504596,0.0,0.0,0.0,0.0,0.03914457235523018,0.31202398734722114,0.0,0.0,0.0,0.0
mix_0204_depth100,0.0,0.0,0.0,0.0,0.0,0.6881993448307968,0.17140243684216228,0.0,0.0,0.0,0.0,0.0,0.0,0.025311099221210956,0.0
mix_0204_depth25,0.0,0.0,0.0,0.0,0.0,0.5698488948160407,0.17116974869799945,0.0,0.0,0.0,0.0,0.0,0.0,0.12157293232699867,0.0
mix_0205_depth100,0.0,0.0,0.0,0.0,0.0,0.6406497616561789,0.13292248898081527,0.0,0.0,0.022865109997145305,0.0,0.0,0.0,0.09873496542962662,0.0
mix_0205_depth25,0.0,0.0,0.0,0.0,0.0,0.6540095119021172,0.12837324559749733,0.0,0.0,0.0,0.0,0.0,0.0,0.10518624456020287,0.0
mix_0206_depth100,0.0,0.0,0.0,0.0,0.0,0.6253549786926103,0.11184929599832073,0.0,0.0,0.0,0.0,0.0,0.0,0.13514785994245165,0.0
mix_0206_depth25,0.0,0.0,0.0,0.0,0.0,0.7063911768855635,0.0444957404349683,0.0,0.0,0.050337084341027606,0.0,0.0,0.0,0.11667487453053027,0.0
mix_0207_depth100,0.0,0.0,0.0,0.0,0.0,0.5881692852713316,0.031167466616003656,0.0,0.009458594560959294,0.0,0.0,0.0,0.0,0.1406820866565183,0.10598275047528914
mix_0207_depth25,0.0,0.0,0.0,0.0,0.0,0.6345109934364656,0.0,0.0,0.0,0.0,0.0,0.0,0.0,0.041159615659789386,0.21492112460246196
mix_0208_depth100,0.0,0.0,0.0,0.0,0.0,0.663200489718465,0.12701589966763305,0.0,0.0,0.02467907993320682,0.0,0.0,0.0,0.07254404182335876,0.0
mix_0208_depth25,0.0,0.0,0.0,0.0,0.0,0.6081641845863985,0.15542240474259808,0.0,0.0,0.0,0.0,0.0,0.0,0.06835501669893605,0.0
mix_0209_depth100,0.0,0.0,0.0,0.005777579161034502,0.0,0.027170252934510402,0.3311651412313618,0.0,0.0,0.029436938248278623,0.0,0.1851429453619725,0.0,0.0,0.14100070822985525
mix_0209_depth25,0.0,0.0,0.0,0.0,0.0,0.09444888313742024,0.3185208453237191,0.0,0.0,0.04554252571784931,0.0,0.19457150866164483,0.0,0.0,0.07391916910502136
mix_0210_depth100,0.1248684918603137,0.0,0.0,0.1793017690619502,0.0,0.0,0.4459831979854922,0.0,0.0,0.0,0.0,0.0,0.0,0.0,0.25538917439247794
mix_0210_depth25,0.07386451226371586,0.031505538411314926,0.0,0.18474601470272603,0.0,0.0,0.493742931040967,0.0,0.0,0.0,0.0,0.013640904557423247,0.0,0.0,0.23730959328979886
mix_0211_depth100,0.0,0.0,0.04242231900042355,0.035739617643568936,0.0,0.08266448397690922,0.6379169433835852,0.0,0.0,0.057207067094487654,0.0,0.0,0.0,0.0,0.0827835467620068
mix_0211_depth25,0.0,0.0,0.05749599191165694,0.0032544382585012652,0.0,0.08851272637783954,0.674263052789525,0.0,0.0,0.07742263755251383,0.0,0.0,0.0,0.0,0.11372432408490848
mix_0212_depth100,0.0,0.0,0.0,0.1475047345595346,0.0,0.0,0.47317056346489156,0.005442804673787318,0.0,0.03919743058388414,0.0,0.0,0.0,0.0,0.20231016157086504
mix_0212_depth25,0.0,0.0,0.0,0.19827372122946782,0.0,0.0,0.4391781082653768,0.017118835584687412,0.0,0.0,0.0,0.0,0.0,0.0,0.17747250186204194
mix_0213_depth100,0.024203895897092112,0.0,0.0,0.012357552554952649,0.0,0.0,0.5368030865622637,0.003795514567369532,0.0,0.0,0.0,0.010059713151854085,0.0,0.287017667958371,0.0
mix_0213_depth25,0.0,0.022676720495640592,0.0,0.0,0.0,0.0,0.5728091050490587,0.018824572521922166,0.0,0.0,0.0,0.0,0.0,0.2704228311451835,0.0
mix_0214_depth100,0.0,0.00869309852326572,0.0,0.0,0.0,0.0,0.0,0.8358790957768365,0.0,0.0,0.0,0.0,0.0,0.0,0.0
mix_0214_depth25,0.0,0.004912378092554045,0.0,0.0,0.0,0.0,0.0,0.826074478597725,0.0,0.0,0.0,0.0,0.0,0.0,0.0
mix_0215_depth100,0.0,0.0,0.0,0.0,0.0,0.0,0.0,1.013648060589478,0.0,0.0,0.0,0.0,0.0,0.0,0.0
mix_0215_depth25,0.0,0.0,0.0,0.0,0.0,0.0,0.0,1.011024579913199,0.0,0.0,0.0,0.0,0.0,0.0,0.0
mix_0216_depth100,0.0,0.0,0.0,0.0,0.0,0.0,0.0,1.0921179883469343,0.0,0.0,0.0,0.0,0.0,0.0,0.0
mix_0216_depth25,0.0,0.0,0.0,0.0,0.0,0.0,0.0,1.1179269186371705,0.0,0.0,0.0,0.0,0.0,0.0,0.0
mix_0217_depth100,0.0,0.0,0.0,0.0,0.0,0.0,0.0,0.7532899546067289,0.0,0.0,0.08813313160720694,0.0,0.0,0.0,0.0
mix_0217_depth25,0.0,0.0,0.0,0.0,0.0,0.0,0.0,0.6996239497752855,0.0,0.0,0.10196682641653126,0.0,0.0,0.0,0.0
mix_0218_depth100,0.0,0.0,0.0,0.0,0.0,0.0,0.0,0.8454152517472627,0.0,0.0,0.0,0.0,0.0,0.0,0.0
mix_0218_depth25,0.0,0.0,0.0,0.0,0.0,0.0,0.0,0.8440668231053525,0.0,0.014578448344624208,0.0,0.0,0.0,0.0,0.0
mix_0219_depth100,0.0,0.0028530544733612628,0.0,0.0,0.0,0.050410485728135085,0.10251305400525997,0.0,0.5313860904248785,0.0,0.060855189534672234,0.0,0.0,0.0,0.0
mix_0219_depth25,0.0,0.0,0.0,0.0,0.0,0.040025815254497554,0.05897733329552593,0.0,0.40118495778176033,0.0,0.0901435771327958,0.0,0.0,0.13105379668637746,0.0
mix_0220_depth100,0.0,0.014974849716923389,0.0,0.0,0.012038203213454139,0.0458890099202509,0.0,0.025224608772883107,0.4256948599640567,0.08320564966006179,0.0,0.05077008182895134,0.0,0.0,0.175724028179206
mix_0220_depth25,0.0,0.02443910421071049,0.0,0.0,0.0,0.03054796892762953,0.0,0.04092189646176789,0.4381113454784371,0.0,0.0,0.0049859427874547335,0.0,0.09237634211172248,0.19044059904973976
mix_0221_depth100,0.0,0.0,0.0,0.0,0.0,0.022842134250972555,0.0,0.012330454885430926,0.28863037967215943,0.0,0.0,0.0,0.0,0.4056788568677125,0.1425863888845713
mix_0221_depth25,0.0,0.0,0.0,0.0,0.0,0.04479310674307566,0.0,0.017749432411787978,0.2948608011014052,0.0,0.0,0.0,0.0,0.2511424928286769,0.28839041926697934
mix_0222_depth100,0.0,0.002256927330484858,0.0,0.0,0.0,0.0,0.03243127613732838,0.0022347886682793617,0.0,0.3623982355270669,0.13128315813161098,0.0,0.0,0.0,0.3103700370654415
mix_0222_depth25,0.0,0.0,0.0,0.0,0.0,0.0,0.061853113785080974,0.0,0.07577391495623571,0.3812620685761806,0.1443403766035584,0.0,0.0,0.0,0.22988714024299736
mix_0223_depth100,0.0,0.0,0.0,0.0,0.0,0.0,0.14200715903660566,0.011986395993185376,0.5051037342777275,0.0,0.05717320037894637,0.0,0.0,0.14619138769229464,0.0
mix_0223_depth25,0.0,0.014455080334978616,0.0,0.0,0.0,0.0,0.05727642984988742,0.033859970756565265,0.6278615305306929,0.0,0.0,0.0,0.0,0.12815854942092467,0.0
mix_0224_depth100,0.0,0.0,0.0,0.0,0.0,0.04071080134932069,0.0,0.030421381298080502,0.0,0.6738991939065702,0.0,0.0,0.0,0.15496087758944302,0.0
mix_0224_depth25,0.0,0.010281917300227868,0.0,0.0,0.0,0.08212090473290574,0.0,0.030919737969557607,0.2551173467497592,0.4153789586272524,0.1044003443224045,0.0,0.0,0.0,0.0
mix_0225_depth100,0.0,0.0,0.0,0.0,0.0,0.01842229322516252,0.0,0.07850495349055223,0.006054050628215411,0.7763261168946535,0.0,0.037329503008542764,0.0,0.029758290070575698,0.0
mix_0225_depth25,0.0,0.016630566743293194,0.0,0.04877970783724367,0.0,0.005924465297039197,0.0,0.05822675867212425,0.07240461423912292,0.579216678609285,0.0,0.06470910418545088,0.0,0.0,0.04924723990633203
mix_0226_depth100,0.0,0.0,0.0,0.0,0.0,0.0,0.0,0.009579119428056327,0.0,0.9274853768874912,0.0,0.0,0.0,0.0,0.0
mix_0226_depth25,0.0,0.0,0.0,0.0,0.0,0.0,0.0,0.0,0.0,0.9933536156088529,0.0,0.0,0.0,0.0,0.0
mix_0227_depth100,0.0,0.0,0.0,0.030326670235339834,0.0,0.0,0.0,0.0,0.24199971887273417,0.6385617957885409,0.0,0.0,0.0,0.0,0.037554896285585546
mix_0227_depth25,0.0,0.0,0.0,0.0,0.0,0.0,0.0,0.0,0.175410717429973,0.6993117531480191,0.0,0.0,0.0,0.0,0.0
mix_0228_depth100,0.0,0.0,0.0,0.007369283597693319,0.0,0.0,0.0,0.0,0.0,0.8534405131860797,0.0,0.0,0.0,0.0,0.21232047004239443
mix_0228_depth25,0.0,0.0,0.0,0.01474203660953116,0.0,0.0,0.0,0.0,0.0,0.9325138698060104,0.0,0.0,0.0,0.0,0.09455892425917829
mix_0229_depth100,0.0,0.172626550314665,0.0,0.0,0.0,0.3357162292153799,0.04533394264277615,0.0,0.0,0.0,0.19110023774882617,0.12002243909757254,0.0,0.0,0.0
mix_0229_depth25,0.0,0.16612230735718797,0.0012383302076866103,0.0,0.0,0.3658968774784105,0.030836650647371216,0.0,0.0,0.0,0.16244334708209074,0.15355306032017005,0.0,0.0,0.0
mix_0230_depth100,0.0,0.07808644511700936,0.04802888769579131,0.0,0.0,0.0,0.0,0.005924085963020959,0.0,0.019247947620270676,0.011503457311447531,0.8256654212810053,0.0,0.0,0.0
mix_0230_depth25,0.0,0.054825727436550516,0.07332435837602161,0.0,0.0,0.0,0.0,0.003139366853227178,0.0,0.03891807730892384,0.0,0.8565275083614385,0.0,0.0,0.0
mix_0231_depth100,0.02426067081466361,0.13808127887541066,0.04273071886236021,0.2404710195830464,0.0,0.0,0.015245390542311365,0.0,0.0,0.08285591532677086,0.04011253448860749,0.2943440636088904,0.0,0.0,0.0
mix_0231_depth25,0.0,0.1292208626488689,0.03641444247537446,0.3036666905038883,0.0,0.0,0.04828179284337707,0.0,0.0,0.10996090836214177,0.0,0.265109949650123,0.0,0.0,0.0
mix_0232_depth100,0.0,0.0,0.0,0.0,0.0,0.0,0.0,0.0,0.0,0.0,0.0,0.7890201769012387,0.0,0.19357588647782975,0.0
mix_0232_depth25,0.0,0.0,0.0,0.0,0.0,0.0,0.0,0.0,0.0,0.0,0.0,0.7470356009210565,0.0,0.21830493915190238,0.0
mix_0233_depth100,0.0,0.04674089873629311,0.17339268700938887,0.0030343548634850395,0.0,0.0,0.0,0.0,0.0,0.0,0.0,0.3810176766286032,0.0,0.27385062979520797,0.0
mix_0233_depth25,0.0,0.04730131925921121,0.20094561622096993,0.0,0.0,0.0,0.0,0.0,0.0,0.0,0.0,0.40764236447034496,0.0,0.2178181025838276,0.0
mix_0234_depth100,0.0,0.0,0.0,0.024490638896868703,0.0,0.0,0.0,0.014649702456315215,0.0,0.0,0.0,0.0,0.0,0.8994592815979602,0.14603073292883167
mix_0234_depth25,0.0,0.0,0.0,0.005723291027994174,0.0,0.0,0.0,0.016127072560840304,0.0,0.0,0.0,0.0,0.0,0.7878246397044075,0.29476909402591495
mix_0235_depth100,0.0,0.0,0.0,0.0,0.0,0.0,0.0,0.0,0.0,0.0,0.0,0.0,0.0,0.962715277103092,0.0
mix_0235_depth25,0.0,0.0,0.0,0.0,0.0,0.0,0.0,0.0,0.0,0.0,0.0,0.0,0.0,0.8806037670656878,0.0
mix_0236_depth100,0.0,0.0,0.0,0.0,0.0,0.0,0.0,0.007830390494417602,0.0,0.0,0.006248755124885279,0.0,0.0,0.9472921219691217,0.0
mix_0236_depth25,0.0,0.013342934963992277,0.0,0.0,0.0,0.0,0.0,0.0,0.0,0.0,0.010318520657135443,0.013597756200441112,0.0,0.9757021284175943,0.0
mix_0237_depth100,0.0,0.0,0.0,0.0,0.0,0.0,0.0,0.0,0.0,0.0,0.08043078839807716,0.0,0.0,0.8661763342545387,0.0
mix_0237_depth25,0.0,0.0,0.0,0.0,0.0,0.0,0.0,0.0025383357237324573,0.0,0.0,0.06380208111976582,0.0,0.0,0.9067658987993824,0.0
mix_0238_depth100,0.0,0.0,0.0,0.0,0.05066015725140683,0.0,0.0,0.08008946641883859,0.0,0.0,0.0,0.0,0.0,0.939255636225086,0.0
mix_0238_depth25,0.0,0.0,0.0,0.0,0.044275263881690924,0.027360824441979258,0.0,0.10795584130119576,0.0,0.0,0.026261985852783016,0.0,0.0,0.8510494365508371,0.0
mix_0239_depth100,0.0,0.0,0.0,0.0,0.0,0.1166105977449903,0.0,0.05841153619085911,0.0,0.13916897681330465,0.0,0.0,0.0,0.40804393971573216,0.14092359046809724
mix_0239_depth25,0.0,0.0,0.0,0.0,0.0,0.1721234098510973,0.0,0.05772983184639337,0.0,0.05089273705316864,0.0,0.0,0.0,0.1919754399761916,0.3624606157352395
mix_0240_depth100,0.0,0.0,0.0,0.0038540537850482257,0.0,0.033878056613286495,0.0,0.017645661754247817,0.0,0.005063353143275238,0.0,0.04258500292062125,0.0,0.0,0.8053264918868368
mix_0240_depth25,0.0,0.0,0.0,0.0774792385979419,0.0,0.0,0.0,0.0,0.0,0.0,0.0,0.02350475147541931,0.0,0.0,0.8222187201916559
mix_0241_depth100,0.0,0.0,0.0,0.0,0.0,0.04034034037588758,0.0,0.024110918143009676,0.0,0.0,0.0,0.0,0.0,0.4973446933847882,0.4228582327069706
mix_0241_depth25,0.0,0.0,0.0,0.0,0.0,0.26069084692764777,0.0,0.046890026172449445,0.0,0.0,0.0,0.0,0.0,0.12139502891206015,0.6043297240056174
mix_0242_depth100,0.0,0.0,0.0,0.0,0.0,0.18259169079927226,0.0,0.01076290331928689,0.0,0.0025365842165492466,0.0,0.0,0.0,0.378789496147927,0.42152452138645613
mix_0242_depth25,0.0,0.0,0.0,0.0,0.0,0.3016875519697786,0.0,0.04378169253597935,0.0,0.0,0.0,0.0,0.0,0.24712989844246663,0.41190139518369745
mix_0243_depth100,0.0,0.0,0.0,0.0,0.0,0.20196120613718388,0.0,0.0,0.0,0.0,0.0,0.0,0.0,0.0,0.7054764835761903
mix_0243_depth25,0.0,0.0,0.0,0.014221399472322321,0.0,0.08586410155720375,0.0,0.0041300222004996,0.0,0.0,0.0,0.0,0.0,0.0,0.7704211322064427
