,nCount_RNA,nFeature_RNA,subtype,patientid,Classification,in_tissue,array_row,array_col,pxl_row_in_fullres,pxl_col_in_fullres,total_counts,detected_genes,mito_pct,outside_tissue,author_artefact,excluded,pathology_eligible,pathology_display,CAFs,T cells,NK cells,T_score,T_genes_detected,T_panel_umi,CAF_score,CAF_genes_detected,CAF_panel_umi,NK_score,NK_genes_detected,NK_panel_umi,T cells CD4+_component_pct,T cells CD8+_component_pct,NKT cells_component_pct,Cycling T-cells_component_pct,high_T,high_CAF,high_T_low_T_expression,high_CAF_low_CAF_expression
GTCAATTGTACTGAAG-1,2695,1405,ER,CID4290,Stroma,1,5,45,1758,4076,2695,1405,5.565862708719852,False,False,False,True,Stroma,0.2457184453868202,0.05638463108001161,6.344014284250169e-05,0.0,0,0,2.107836593467418,3,15,0.0,0,0,4.938050457018788,0.006344014284250127,0.0063440142842499615,0.6877246224138733,True,True,True,False
CTCTCGATGTGCGCCT-1,3113,1570,ER,CID4290,Stroma,1,4,62,1663,5005,3113,1570,3.148088660456152,False,False,False,True,Stroma,0.561953791136787,0.04829451100748289,4.470661389613133e-05,0.0,0,0,4.188978872921695,4,99,0.0,0,0,0.004470661389611594,0.3156992568387649,0.00447066138961254,4.5048105211303,True,True,True,False
TATCACAGCACGGGCA-1,1827,1121,ER,CID4290,Stroma,1,4,64,1663,5114,1827,1121,4.433497536945813,False,False,False,True,Stroma,0.19471026919770876,0.09570259034320773,8.760486393392078e-05,0.0,0,0,3.417338203905034,4,22,0.0,0,0,9.08646245151068,0.008760486393392638,0.008760486393392608,0.4662756100233082,True,False,True,False
CACTACTCAGTTCTGT-1,10145,3832,ER,CID4290,Invasive cancer + stroma + lymphocytes,1,5,75,1758,5715,10145,3832,3.5978314440611134,False,False,False,True,Invasive cancer + stroma + lymphocytes,0.33712195781080817,0.06125583069428833,6.0454086359903665e-05,0.0,0,0,3.620498605679442,4,203,0.22865838178851083,1,1,0.006045408635990752,1.8476524510392223,0.08175532012878559,4.190129889624835,True,True,True,False
GTCCTTCTAGTGGGTT-1,8890,3381,ER,CID4290,Invasive cancer + stroma,1,10,82,2232,6097,8890,3381,3.622047244094488,False,False,False,True,Invasive cancer + stroma,0.2308223358069644,0.033703034980749794,6.064148494011577e-05,0.0,0,0,3.2605490721707295,4,98,0.0,0,0,3.3521110525929445,0.006064148494011537,0.006064148494011566,0.006064148494011547,True,True,True,False
TTCAAGCCGAGCTGAG-1,5492,2504,ER,CID4290,Invasive cancer + stroma,1,13,75,2518,5715,5492,2504,4.09686817188638,False,False,False,True,Invasive cancer + stroma,0.24145606939047276,0.06449404882075087,6.204859701831062e-05,0.0,0,0,3.439993929590859,4,75,0.5116907298487744,1,2,0.09474370074087023,0.006204859701830485,2.2282067566929316,4.120249564939455,True,True,True,False
CCTCGAAGTGGACGGG-1,6098,2714,ER,CID4290,Invasive cancer + stroma,1,15,71,2708,5497,6098,2714,6.411938340439488,False,False,False,True,Invasive cancer + stroma,0.132739457534559,0.05103174235228601,5.6426764035921754e-05,0.0,0,0,2.376288241759717,4,45,0.0,0,0,3.2421369330958383,0.005642676403592358,0.005642676403592276,1.849751949325578,True,False,True,False
CATCAAACTGGCGCCC-1,2035,1110,ER,CID4290,Stroma,1,15,117,2707,8009,2035,1110,4.914004914004914,False,False,False,True,Stroma,0.07426331305008765,0.032037036410309014,6.120689986589217e-05,0.0,0,0,1.943769309683042,3,9,0.0,0,0,3.1853415710821196,0.006120689982928578,0.006120689982926315,0.006120689982926494,True,False,True,False
GAACATTAGTATGTTA-1,792,545,ER,CID4290,Stroma,1,14,122,2611,8282,792,545,7.196969696969697,False,False,False,True,Stroma,0.14251184899417238,0.05694591928236736,5.898784501770625e-05,0.0,0,0,1.830224401574578,2,6,0.0,0,0,5.676895574731427,0.005898784501771097,0.005898784501767607,0.0058987845017707125,True,False,True,False
AACATCGATACGTCTA-1,7983,2847,ER,CID4290,Invasive cancer + stroma,1,17,113,2897,7791,7983,2847,7.403231867718903,False,False,False,True,Invasive cancer + stroma,0.06536395972946565,0.03204571692953363,6.468666146507905e-05,0.0,0,0,1.881539008830996,3,33,0.0,0,0,3.185165694516065,0.006468666146507378,0.006468666144283356,0.00646866614650779,True,False,True,False
TGGCTTGTACAAGCTT-1,1887,921,ER,CID4290,Stroma,1,16,116,2802,7955,1887,921,8.850026497085322,False,False,False,True,Stroma,0.07517212764755991,0.06854066698932347,6.366052149362877e-05,0.0,0,0,1.5329546965249208,3,4,0.0,0,0,6.828649105747962,0.006366052149363033,0.00636605214936073,0.012685488885660921,True,False,True,False
AGATACCAGCACTTCA-1,1151,680,ER,CID4290,Stroma,1,16,118,2802,8064,1151,680,9.904430929626413,False,False,False,True,Stroma,0.1199757202195582,0.0502163578367646,9.334673995413602e-05,0.0,0,0,1.6219182885958314,2,6,0.0,0,0,4.9936317616967285,0.009334673993241584,0.0093346739932453,0.00933467399324449,True,False,True,False
TCTGCGAATCGTTCGC-1,1540,867,ER,CID4290,Stroma,1,17,123,2896,8337,1540,867,10.0,False,False,False,True,Stroma,0.08545457289463072,0.06478269884900754,6.168910551457377e-05,0.0,0,0,1.7618869636045464,3,5,0.0,0,0,0.006168910582887515,0.006168910582890659,0.014317161715125155,6.45161490201985,True,False,True,False
TGCATGGATCGGATCT-1,1315,844,ER,CID4290,Invasive cancer + stroma,1,19,67,3088,5279,1315,844,4.714828897338403,False,False,False,True,Invasive cancer + stroma,0.12975083102024032,0.051417904418720274,5.6604715033114175e-05,0.0,0,0,2.281523871320686,3,8,0.0,0,0,0.0056604715007065945,0.005660471500715319,0.005660471500714443,5.124809027369891,True,False,True,False
CGTTTCACTTCGGGCG-1,3457,1799,ER,CID4290,Invasive cancer + stroma,1,18,92,2992,6644,3457,1799,5.235753543534857,False,False,False,True,Invasive cancer + stroma,0.09247013927509111,0.032636656752025345,6.113103036252355e-05,0.0,0,0,2.1345298030223643,4,14,0.0,0,0,0.00611310303625156,0.006113103036252026,0.8422416353312489,2.409197833798782,True,False,True,False
GAATAGCCCTGCGGTC-1,14873,4175,ER,CID4290,Invasive cancer + stroma,1,18,110,2992,7627,14873,4175,3.8391716533315403,False,False,False,True,Invasive cancer + stroma,0.1372806268959731,0.03872424762917812,6.183740954272456e-05,0.0,0,0,2.9655538665985572,4,131,0.0,0,0,0.9309777325552944,0.006183740953767541,0.006183740952985297,2.929079548455765,True,False,True,False
ACAGTATACCGTGGGA-1,931,597,ER,CID4290,Stroma,1,19,119,3087,8119,931,597,6.337271750805586,False,False,False,True,Stroma,0.06372807810950609,0.056712463757729606,4.024483033239205e-05,0.0,0,0,2.1073631252457763,3,5,0.0,0,0,0.20436316982307318,0.0040244830334668575,3.937077724367825,1.5257809985485957,True,False,True,False
TATGTCAAGACCGACT-1,10946,3610,ER,CID4290,Invasive cancer + stroma,1,20,92,3183,6644,10946,3610,5.901699250867897,False,False,False,True,Invasive cancer + stroma,0.14037276023695158,0.04213917184624952,6.405014447880099e-05,0.0,0,0,2.9976594274542956,4,103,0.0,0,0,0.00640501444788012,0.006405014447880077,0.00640501444675351,4.194702141282438,True,False,True,False
CGGTCCATGAGACTCC-1,5212,1927,ER,CID4290,Stroma,1,20,118,3182,8064,5212,1927,10.11128165771297,False,False,False,True,Stroma,0.06328742099712369,0.05751785209061083,0.00010400306992559215,0.0,0,0,1.6448362444394247,4,11,0.0,0,0,4.080831094163196,0.010400306992559262,0.010400306992559179,1.650153500912769,True,False,True,False
GTTCGTCTGGGTCCCT-1,4382,1809,ER,CID4290,Stroma,1,21,119,3277,8119,4382,1809,11.387494294842536,False,False,False,True,Stroma,0.0565929114403937,0.0695465790451575,0.015241372948238113,0.0,0,0,1.6242500569765272,4,8,0.0,0,0,0.010246414695675984,0.010246414695675388,0.01024641469567554,6.923918660428723,True,False,True,False
TGTACTACTCTCACGG-1,1973,972,ER,CID4290,Stroma,1,20,120,3182,8173,1973,972,11.606690319310694,False,False,False,True,Stroma,0.09277314419885412,0.03545143801455585,9.897948948846773e-05,0.0,0,0,1.6659172756918093,3,6,0.0,0,0,0.009897948948846446,0.009897948948843003,0.009897948948845702,3.51544995460905,True,False,True,False
GAGGGCCATAATATTA-1,720,505,ER,CID4290,Stroma,1,20,122,3182,8282,720,505,6.805555555555555,False,False,False,True,Stroma,0.11737519669771214,0.04075615008871155,6.856527842745475e-05,0.0,0,0,2.190208482398176,3,4,0.0,0,0,0.006856527842744727,4.055045425342925,0.006856527842740928,0.006856527842744648,True,False,True,False
GAATGTTGGGTAATCT-1,3880,2029,ER,CID4290,Invasive cancer + stroma,1,23,69,3468,5388,3880,2029,3.7371134020618557,False,False,False,True,Invasive cancer + stroma,0.17224166325976722,0.04102903879778938,5.787812835664246e-05,0.0,0,0,3.2183591291871476,4,51,0.42487126714782547,1,1,0.005787812835663803,0.18568363482395137,2.5422102687203654,1.3692221633989576,True,False,True,False
CCTGAATATTTACATA-1,1804,1087,ER,CID4290,Invasive cancer + stroma,1,23,71,3468,5497,1804,1087,6.541019955654102,False,False,False,True,Invasive cancer + stroma,0.107782619507169,0.047135774264201756,6.0968086773669396e-05,0.0,0,0,2.274081866064098,3,14,0.0,0,0,4.69470684640654,0.006096808677367377,0.006096808677367605,0.006676962658901041,True,False,True,False
CAGCCTCCTGCAGAGG-1,12384,3920,ER,CID4290,Invasive cancer + stroma,1,23,77,3468,5825,12384,3920,5.628229974160207,False,False,False,True,Invasive cancer + stroma,0.07924708804231578,0.046013976668484946,6.238310925621921e-05,0.0,0,0,2.3596276289189873,4,62,0.0,0,0,0.0062383109258934855,0.006238310925893515,0.006238310924841648,4.5826827340718665,True,False,True,False
GTTATATCAGGAGCCA-1,10608,2909,ER,CID4290,Invasive cancer + stroma,1,23,115,3467,7900,10608,2909,7.720588235294118,False,False,False,True,Invasive cancer + stroma,0.0792756968405976,0.044572321390129364,7.144276247771248e-05,0.0,0,0,2.3645394822838495,4,46,0.0,0,0,3.8240634225468515,0.007144276247878718,0.007144276248528595,0.618880163969678,True,False,True,False
GTCAATGCTATAATTT-1,1798,877,ER,CID4290,Stroma,1,22,120,3372,8173,1798,877,9.788654060066742,False,False,False,True,Stroma,0.0559068035366784,0.031758709448723894,7.111962762219344e-05,0.0,0,0,0.9406275447657275,2,2,0.0,0,0,0.007111962776525347,0.007111962776521687,0.007111962776525672,3.1545350565428167,True,False,True,False
ACGATCATACATAGAG-1,4935,2388,ER,CID4290,Invasive cancer + stroma,1,25,63,3659,5060,4935,2388,6.605876393110435,False,False,False,True,Invasive cancer + stroma,0.18030188233966876,0.03484896528173905,8.57728505438827e-05,0.0,0,0,3.1210456886617735,4,53,0.0,0,0,0.008577285054388172,0.0085772850543874,0.13316029463500587,3.3345816634301237,True,False,True,False
CACGCACAGCGCAGCT-1,3066,1614,ER,CID4290,Invasive cancer + stroma,1,24,72,3563,5552,3066,1614,4.174820613176777,False,False,False,True,Invasive cancer + stroma,0.09539968669140395,0.05550668534135622,5.9605001582497353e-05,0.0,0,0,2.335649051335569,4,14,0.0,0,0,0.005960500158249416,0.005960500158249493,0.005960500158249571,5.532787033660873,True,False,True,False
GACAACGACCATTGAA-1,2081,1227,ER,CID4290,Invasive cancer + stroma,1,25,77,3658,5825,2081,1227,4.613166746756367,False,False,False,True,Invasive cancer + stroma,0.11109104873938726,0.03299954995900399,6.195983153921541e-05,0.0,0,0,2.465704394529449,4,10,0.0,0,0,0.006195983153922369,0.34627545647850444,0.006195983153921471,2.941287573114051,True,False,True,False
TACACCGTCGTTAGTC-1,9180,2518,ER,CID4290,Invasive cancer + stroma,1,25,117,3657,8010,9180,2518,10.22875816993464,False,False,False,True,Invasive cancer + stroma,0.06275933044745126,0.03849147488884085,0.00011042786268697953,0.0,0,0,1.9073046238303613,4,28,0.0,0,0,0.6479660567546138,0.011042786268721579,0.011042786263199808,3.17909585959755,True,False,True,False
TAAATCTTTACACCTC-1,1669,855,ER,CID4290,Stroma,1,24,120,3562,8173,1669,855,7.13001797483523,False,False,False,True,Stroma,0.11231773283666484,0.036183282953222394,9.817529019154453e-05,0.0,0,0,1.6625415365571432,2,9,0.0,0,0,3.5888757082647773,0.009817529019153658,0.00981752901915434,0.00981752901915432,True,False,True,False
CTACTGCCACCTGACC-1,3486,1878,ER,CID4290,Invasive cancer + stroma,1,27,63,3849,5060,3486,1878,5.249569707401033,False,False,False,True,Invasive cancer + stroma,0.08940495614543173,0.03742342256699568,3.9250381883029036e-05,0.0,0,0,2.7251927390582242,4,24,0.0,0,0,3.726769296865421,0.003925038188302721,0.003925038188302839,0.007722883457540691,True,False,True,False
TCTACCGTCCACAAGC-1,3975,2094,ER,CID4290,Invasive cancer + stroma,1,27,67,3848,5279,3975,2094,5.509433962264151,False,False,False,True,Invasive cancer + stroma,0.08102294853283314,0.03817150910069889,6.283900200519528e-05,0.0,0,0,2.487547759887115,4,19,0.0,0,0,0.0062839002005414075,0.006283900200540066,0.006283900200541214,3.7982992094682664,True,False,True,False
CCAGTAGTCTGATCCA-1,2214,1209,ER,CID4290,Invasive cancer + stroma,1,27,91,3848,6590,2214,1209,3.7037037037037033,False,False,False,True,Invasive cancer + stroma,0.08663647368090456,0.061167895583918275,8.750406149922248e-05,0.0,0,0,1.4595375325647304,2,8,0.0,0,0,6.090538339942065,0.008750406149920013,0.008750406149921489,0.008750406149921489,True,False,True,False
GTACTCCTGGGTATGC-1,13725,4223,ER,CID4290,Invasive cancer + stroma,1,26,102,3752,7190,13725,4223,3.0309653916211294,False,False,False,True,Invasive cancer + stroma,0.16055233112174488,0.03498273068950819,6.088682061843881e-05,0.0,0,0,3.0172460307627595,4,129,0.0,0,0,0.0060886820616818105,0.006088682061681978,0.006088682060410569,3.4800070227670448,True,False,True,False
GAACGATAAGTTAAAG-1,1227,762,ER,CID4290,Stroma,1,27,123,3847,8337,1227,762,4.400977995110025,False,False,False,True,Stroma,0.1515276159975137,0.08550539522798609,6.408706386763016e-05,0.0,0,0,1.8561343296903852,2,10,0.0,0,0,2.0156407993757526,0.006408706385140548,0.006408706385141019,6.522081310652575,True,False,True,False
TATGGCTAGGCTAATT-1,1226,805,ER,CID4290,Stroma,1,27,125,3847,8447,1226,805,3.99673735725938,False,False,False,True,Stroma,0.10337651737846285,0.03360361874065171,8.227430212680268e-05,0.0,0,0,1.9793539236643025,3,5,0.0,0,0,2.0308281356969955,1.3130788779428157,0.00822743021267949,0.008227430212679734,True,False,True,False
TGCTCTGCCGGTTCAC-1,1913,1148,ER,CID4290,Stroma,1,27,127,3847,8556,1913,1148,6.1160480920020905,False,False,False,True,Stroma,0.1458415175666264,0.03323112432308963,3.836924223458972e-05,0.0,0,0,2.549527535598277,3,18,0.0,0,0,3.3116016596385895,0.003836924223457535,0.003836924223457668,0.0038369242234582218,True,False,True,False
CTGGAAATGGATGCTT-1,6266,2722,ER,CID4290,Invasive cancer + stroma,1,29,53,4039,4514,6266,2722,15.624002553463134,False,False,False,True,Invasive cancer + stroma,0.09415935136265612,0.033311284902328375,9.579110325053607e-05,0.0,0,0,2.7002623790261038,4,39,0.0,0,0,3.302391159257677,0.009579110325053158,0.009579110325053725,0.009579110325053639,True,False,True,False
TAGCTAAGTCCGGGAG-1,6358,2866,ER,CID4290,Invasive cancer + stroma,1,29,57,4039,4733,6358,2866,9.421201635734509,False,False,False,True,Invasive cancer + stroma,0.10939606929361106,0.03605094650129486,6.231896123445284e-05,0.0,0,0,2.384681587436824,4,42,0.0,0,0,2.9926316467862755,0.006231896123445467,0.17627981476029195,0.42995129245947306,True,False,True,False
GGGCGATATGTGTGAA-1,4613,2169,ER,CID4290,Invasive cancer + stroma,1,28,58,3944,4787,4613,2169,7.695642748753523,False,False,False,True,Invasive cancer + stroma,0.10509969227564399,0.03414522855651967,6.299855682597393e-05,0.0,0,0,2.7408612275111017,4,36,0.0,0,0,0.006299855682597506,0.006299855682597476,0.006299855682597662,3.3956232886041744,True,False,True,False
ACTTTCCTATAGCTTC-1,5254,2377,ER,CID4290,Invasive cancer + stroma,1,28,62,3944,5006,5254,2377,6.623524933384088,False,False,False,True,Invasive cancer + stroma,0.06858697144395232,0.03783086517016748,6.322197281970463e-05,0.0,0,0,1.9186105629292172,4,15,0.0,0,0,0.006322197281970226,0.006322197281969878,0.006322197281970143,3.764119925170838,True,False,True,False
CCTGTCACCCGGGCTC-1,2459,1482,ER,CID4290,Invasive cancer + stroma,1,29,67,4039,5279,2459,1482,4.188694591297275,False,False,False,True,Invasive cancer + stroma,0.17484792660920895,0.04065329179686031,5.944309921196071e-05,0.0,0,0,3.127641322498251,4,26,0.0,0,0,0.005944309921194948,2.1419693776616486,0.0059443099211953735,1.9114711821819914,True,False,True,False
CCTATGGGTTACCGTC-1,1162,743,ER,CID4290,Invasive cancer + stroma,1,29,69,4038,5388,1162,743,4.905335628227195,False,False,False,True,Invasive cancer + stroma,0.12330742901905899,0.043008122870905545,6.214078002633531e-05,0.0,0,0,1.9370594584416394,2,11,0.0,0,0,0.006214078006689697,0.006214078006692643,0.006214078006690011,4.282170053070482,True,False,True,False
TTGGGACACTGCCCGC-1,1867,1132,ER,CID4290,Invasive cancer + stroma,1,28,70,3943,5443,1867,1132,3.642206748794858,False,False,False,True,Invasive cancer + stroma,0.07225003058862256,0.04579194830857054,6.0068843462274005e-05,0.0,0,0,2.1550371803160084,4,6,0.0,0,0,0.006006884346520136,0.006006884346513062,0.006006884346519579,4.5611741778175015,True,False,True,False
CGAGGCTAAATATGGC-1,1476,940,ER,CID4290,Invasive cancer + stroma,1,29,71,4038,5498,1476,940,5.9620596205962055,False,False,False,True,Invasive cancer + stroma,0.09930268003153042,0.0760076895255503,0.016977400377449763,0.0,0,0,1.6948611625659293,3,4,0.0,0,0,0.005665128106087859,0.005665128106087389,0.005665128106088099,7.583773568236767,True,False,True,False
CTACTATCTTTCAGAG-1,3419,1641,ER,CID4290,Invasive cancer + stroma,1,29,93,4038,6699,3419,1641,5.761918689675344,False,False,False,True,Invasive cancer + stroma,0.10290147655831826,0.03317752399675367,9.022917920690346e-05,0.0,0,0,2.28520467829854,4,16,0.0,0,0,1.6665982232215555,0.009022917920691334,0.009022917920691436,1.633108340612429,True,False,True,False
GCGCATCCAGTCAGCA-1,2375,1269,ER,CID4290,Invasive cancer + stroma,1,29,95,4038,6808,2375,1269,5.3052631578947365,False,False,False,True,Invasive cancer + stroma,0.12273172961633105,0.0495048902242557,5.685230724413606e-05,0.0,0,0,2.6876761857711977,4,18,0.0,0,0,0.005685230747361911,0.005685230747359568,0.005685230747360132,4.9334333301834885,True,False,True,False
CTGGTAACGAGCTCTT-1,2092,1207,ER,CID4290,Invasive cancer + stroma,1,29,97,4038,6918,2092,1207,4.636711281070745,False,False,False,True,Invasive cancer + stroma,0.1226839198906259,0.04461426053613886,5.838442131544025e-05,0.0,0,0,1.6000515637632295,2,11,0.0,0,0,1.3904331889159927,0.005838442131541703,0.005838442131541504,3.05931598043481,True,False,True,False
TCTAGGTGGCGACGCT-1,4815,2090,ER,CID4290,Invasive cancer + stroma,1,29,99,4038,7027,4815,2090,5.649013499480789,False,False,False,True,Invasive cancer + stroma,0.11128711017144467,0.03734481565690377,6.208705067221411e-05,0.0,0,0,2.5100784590785414,4,30,0.0,0,0,3.7158554504886574,0.006208705067221987,0.006208705067276509,0.006208705067221411,True,False,True,False
GAAATGGCGGTGTTAG-1,3716,1862,ER,CID4290,Invasive cancer + stroma,1,30,52,4134,4460,3716,1862,8.934337997847146,False,False,False,True,Invasive cancer + stroma,0.09556471245053207,0.046200027342426106,8.905655569263908e-05,0.0,0,0,2.4979408326130943,4,27,0.0,0,0,0.008905655569264039,0.008905655569263836,0.008905655569263989,4.593285767534819,True,False,True,False
TACGAACACGACTTCA-1,3086,1669,ER,CID4290,Invasive cancer + stroma,1,31,53,4229,4515,3086,1669,7.939079714841219,False,False,False,True,Invasive cancer + stroma,0.11500305116929367,0.0658659653421867,6.291559058084351e-05,0.0,0,0,2.7312578907378375,4,24,0.0,0,0,0.006291559058086833,0.1312230803495059,0.006291559058085961,6.44279033575299,True,False,True,False
TCCTTTCTTACGCTTA-1,5735,2460,ER,CID4290,Invasive cancer + stroma,1,30,62,4134,5006,5735,2460,6.678291194420227,False,False,False,True,Invasive cancer + stroma,0.131514994348802,0.06019969183937192,6.411790388239457e-05,0.0,0,0,2.7442332357600114,4,47,0.0,0,0,0.006411790388239573,1.7616016070285827,0.006411790388239374,4.24554399613213,True,False,True,False
TCAAACTTAGATTGTT-1,16359,4627,ER,CID4290,Invasive cancer + stroma,1,31,65,4229,5170,16359,4627,7.011431016565804,False,False,False,True,Invasive cancer + stroma,0.13954592610731975,0.05284080596510925,6.159300235412363e-05,0.0,0,0,3.3173991019815787,4,229,0.0,0,0,0.00615930023556691,0.0061593002357057235,0.0061593002342066674,5.265602695805446,True,False,True,False
CTGACTGCGCAGCTCG-1,1371,894,ER,CID4290,Invasive cancer + stroma,1,31,101,4228,7136,1371,894,5.178701677607585,False,False,False,True,Invasive cancer + stroma,0.12216768483200727,0.04487956051672814,9.24569061907175e-05,0.0,0,0,2.286524754023271,3,10,0.0,0,0,0.009245690619070178,0.009245690619072213,1.2373263149816038,3.2321383554530674,True,False,True,False
CAGCTCACTGAGACAT-1,4299,2108,ER,CID4290,Invasive cancer + stroma,1,33,59,4419,4842,4299,2108,7.466852756454989,False,False,False,True,Invasive cancer + stroma,0.11290760163621147,0.039512300688033776,6.067617441707531e-05,0.0,0,0,2.7307141752747692,4,31,0.0,0,0,0.006067617441707829,0.006067617441707522,0.0060676174417077485,3.933027216478255,True,False,True,False
CTCTGGACGCCTGGTG-1,5426,2511,ER,CID4290,Invasive cancer + stroma,1,32,62,4324,5006,5426,2511,5.23405823811279,False,False,False,True,Invasive cancer + stroma,0.1406732328131172,0.037221780567419364,5.88788437216198e-05,0.0,0,0,2.7840465036204214,4,41,0.0,0,0,2.552441362259879,0.6196683767397254,0.00588788437216268,0.5441804333701701,True,False,True,False
TAACCTACCGTCCGAG-1,1399,854,ER,CID4290,Invasive cancer + stroma,1,33,101,4418,7136,1399,854,6.433166547533952,False,False,False,True,Invasive cancer + stroma,0.07696822339850108,0.0775832881068716,9.426535040084302e-05,0.0,0,0,0.6818966240701667,1,2,0.0,0,0,1.9881043290374039,0.009426535040084658,0.009426535040084527,5.751371411569586,True,False,True,False
ACTCCCGAATTCGTTT-1,1063,716,ER,CID4290,Invasive cancer + stroma,1,32,104,4323,7300,1063,716,4.327375352775165,False,False,False,True,Invasive cancer + stroma,0.06688596481664794,0.07736537238862591,3.7153568150413667e-05,0.0,0,0,1.6874611504734824,2,6,0.0,0,0,0.0037153568150421275,0.36546555648227663,2.5520239397970634,4.815332385768209,True,False,True,False
GCGAGAGTTGCGTCCA-1,2659,1351,ER,CID4290,Invasive cancer + stroma,1,33,107,4417,7464,2659,1351,6.430989093644227,False,False,False,True,Invasive cancer + stroma,0.10547075718313854,0.07416686678139893,8.835905707417529e-05,0.0,0,0,1.9590474997507847,3,13,0.0,0,0,2.945980635203748,0.008835905707417598,0.008835905707416802,4.45303423152131,True,False,True,False
TTGGTATGGCTTGTGT-1,5091,2106,ER,CID4290,Invasive cancer + stroma,1,33,117,4417,8010,5091,2106,7.582007464152425,False,False,False,True,Invasive cancer + stroma,0.06249584106559358,0.03276749496634062,6.485388725194905e-05,0.0,0,0,2.0226309152440796,4,18,0.0,0,0,3.2572933304584772,0.0064853887251947896,0.006485388725194917,0.006485388725194927,True,False,True,False
GCAGGACTATAGAATA-1,1765,1064,ER,CID4290,Invasive cancer + stroma,1,35,37,4610,3641,1765,1064,7.365439093484419,False,False,False,True,Invasive cancer + stroma,0.1095858417680009,0.0521097059978626,9.277941180473853e-05,0.0,0,0,2.452874416341326,4,8,0.0,0,0,0.009277941180473927,0.009277941180472838,0.009277941180473809,5.183136776244839,True,False,True,False
TACGAGAACTTCACGT-1,2802,1355,ER,CID4290,Invasive cancer + stroma,1,35,39,4610,3750,2802,1355,20.235546038543898,False,False,False,True,Invasive cancer + stroma,0.11045622762482048,0.0414878392004195,0.00010301568576790956,0.0,0,0,2.1890254855685076,4,12,0.0,0,0,0.010301568576791237,4.117879214311577,0.010301568576790827,0.010301568576791249,True,False,True,False
ATTGCTGCTCCTCCAT-1,3016,1570,ER,CID4290,Invasive cancer + stroma,1,35,43,4609,3969,3016,1570,14.787798408488065,False,False,False,True,Invasive cancer + stroma,0.059142921847419615,0.04528779921882735,6.610166990852604e-05,0.0,0,0,1.590292100128695,3,8,0.0,0,0,0.7753533702017423,3.7402062176992876,0.006610166990852486,0.006610166990852272,True,False,True,False
GAATTATAGTGAAAGG-1,5327,2454,ER,CID4290,Invasive cancer + stroma,1,34,68,4514,5334,5327,2454,6.53275764970903,False,False,False,True,Invasive cancer + stroma,0.19367705055031617,0.035236648867034835,9.372770404767944e-05,0.0,0,0,3.025878182758853,4,52,0.0,0,0,1.9955100237928836,0.009372770404767774,0.009372770404767859,1.5094093221010645,True,False,True,False
CGTCGGATAGTGTTGA-1,9552,3213,ER,CID4290,Invasive cancer + stroma,1,34,96,4513,6863,9552,3213,6.972361809045226,False,False,False,True,Invasive cancer + stroma,0.08348647640786648,0.04538974425149293,8.852597007002824e-05,0.0,0,0,2.596304260695863,4,51,0.0,0,0,2.8831512341989747,0.008852597006996574,0.17915746731405663,1.4678131266292653,True,False,True,False
ATATGTCTCCCTAGCC-1,6569,2529,ER,CID4290,Invasive cancer + stroma,1,35,97,4608,6918,6569,2529,6.896026792510275,False,False,False,True,Invasive cancer + stroma,0.14087276680893726,0.034429414975636397,9.455024319848181e-05,0.0,0,0,3.15234921421614,4,70,0.0,0,0,0.009455024319847847,0.45088769285028885,0.009455024320112249,2.973143756073391,True,False,True,False
GATATTGAGATTGGCG-1,1721,1008,ER,CID4290,Invasive cancer + stroma,1,34,100,4513,7082,1721,1008,6.042998256827426,False,False,False,True,Invasive cancer + stroma,0.08280706038869616,0.06943559473236033,5.982834638626845e-05,0.0,0,0,2.774450521054434,4,13,0.0,0,0,5.881786034765469,0.005982834638625129,0.005982834638626377,1.0498077691933128,True,False,True,False
TACGTGCAAGGTTCCT-1,3239,1626,ER,CID4290,Invasive cancer + stroma,1,34,126,4512,8502,3239,1626,9.694350108058043,False,False,False,True,Invasive cancer + stroma,0.09629330932926239,0.03274813941239781,6.196676559964538e-05,0.0,0,0,2.3338536911146432,4,14,0.0,0,0,0.0061966765599645686,2.963102027435198,0.2370420835053863,0.06847315373923264,True,False,True,False
CCTGTAAGACATGATA-1,4178,1955,ER,CID4290,Invasive cancer + stroma,1,37,41,4800,3859,4178,1955,11.823839157491623,False,False,False,True,Invasive cancer + stroma,0.08519357166357758,0.05095842542988681,5.9312605473337284e-05,0.0,0,0,1.851604930615691,3,19,0.0,0,0,5.078048761346681,0.005931260547332976,0.005931260547333323,0.0059312605473334674,True,False,True,False
GTCATTAGAGCGAACG-1,2346,1343,ER,CID4290,Invasive cancer + stroma,1,37,67,4799,5279,2346,1343,3.8363171355498724,False,False,False,True,Invasive cancer + stroma,0.16341967413358738,0.03577881316434313,6.0239767946707416e-05,0.0,0,0,2.969839543252348,4,30,0.0,0,0,0.8248968273979871,1.453456725816242,0.006023976794670968,1.2935037864254129,True,False,True,False
CTAGTCACGTCTTAAG-1,2958,1647,ER,CID4290,Invasive cancer + stroma,1,37,69,4799,5389,2958,1647,4.699121027721433,False,False,False,True,Invasive cancer + stroma,0.19264963725508233,0.0320371477543875,8.706742060451435e-05,0.0,0,0,2.4027305955896057,3,35,0.0,0,0,0.008706742060451198,0.008706742060451226,0.023507688656769006,3.1627936026610786,True,False,True,False
ACTCTTGTATAGTAAC-1,3149,1691,ER,CID4290,Invasive cancer + stroma,1,36,70,4704,5443,3149,1691,5.1127342013337564,False,False,False,True,Invasive cancer + stroma,0.16761545177325113,0.03268159290001366,6.273563014118565e-05,0.0,0,0,3.0116979527084835,4,35,0.0,0,0,0.0062735630141188305,0.006273563014118576,0.006273563014118555,3.2493386009590104,True,False,True,False
CCTATGAAGTGGTGCC-1,8391,3150,ER,CID4290,Invasive cancer + stroma,1,37,111,4797,7683,8391,3150,7.615302109402931,False,False,False,True,Invasive cancer + stroma,0.07225574243050466,0.04095287930226751,6.197135195956342e-05,0.0,0,0,2.011954983028355,4,36,0.0,0,0,3.765171618426303,0.0061971351960152556,0.006197135196015518,0.3177220414084173,True,False,True,False
CATACTTAGGCAATAC-1,13590,4137,ER,CID4290,Invasive cancer + stroma,1,37,113,4797,7792,13590,4137,5.952906548933039,False,False,False,True,Invasive cancer + stroma,0.07705698960016188,0.03253394345846116,5.8788092796356225e-05,0.0,0,0,2.2705824347755126,4,85,0.0,0,0,2.5961241555028627,0.00587880927971259,0.005878809279209233,0.6455125717843316,True,False,True,False
GCAGCACACAGCCCAG-1,8235,3201,ER,CID4290,Invasive cancer + stroma,1,38,42,4895,3914,8235,3201,11.548269581056466,False,False,False,True,Invasive cancer + stroma,0.04795388479304233,0.06339741427240611,6.311559639626842e-05,0.0,0,0,1.88432977094858,4,26,0.0,0,0,0.9064288037455379,0.006311559639620116,0.00631155963948107,5.4206895042159715,True,False,True,False
CGCTACGGGACATTTA-1,5282,2378,ER,CID4290,Invasive cancer + stroma,1,38,48,4894,4242,5282,2378,9.030670200681561,False,False,False,True,Invasive cancer + stroma,0.0863043764248873,0.03791214860970905,6.186129008621085e-05,0.0,0,0,2.3409166384667652,4,23,0.0,0,0,2.3559125775144962,0.006186129008621166,0.006186129008621125,1.4229300254391666,True,False,True,False
GTAGCGGCTATACACT-1,3185,1674,ER,CID4290,Invasive cancer + stroma,1,39,69,4989,5389,3185,1674,6.562009419152276,False,False,False,True,Invasive cancer + stroma,0.11443053993515631,0.03342418501359401,0.0001434386376801974,0.0,0,0,2.527697577910792,4,21,0.0,0,0,1.4120670071973378,0.01434386376801974,0.11792931176951504,1.7980783186245284,True,False,True,False
GATCGTGACTGATATC-1,3812,1973,ER,CID4290,Invasive cancer + stroma,1,38,72,4894,5553,3812,1973,6.08604407135362,False,False,False,True,Invasive cancer + stroma,0.17217542209646233,0.032896876964948626,5.798968304265377e-05,0.0,0,0,2.7117813975390384,4,36,0.0,0,0,0.00579896830426498,0.0057989683042651485,0.00579896830426498,3.272290791582068,True,False,True,False
ACCCGGATGACGCATC-1,7141,2536,ER,CID4290,Invasive cancer + stroma,1,38,100,4893,7082,7141,2536,7.6599915978154325,False,False,False,True,Invasive cancer + stroma,0.1459864414378556,0.037373608758585156,0.0001379318567726325,0.0,0,0,2.215095391216388,4,32,0.0,0,0,2.197392859024514,0.6808722609752251,0.013793185677263248,0.8453025701815139,True,False,True,False
CGCTAGAGACCGCTGC-1,6311,2277,ER,CID4290,Invasive cancer + stroma,1,39,101,4988,7137,6311,2277,7.114561876089367,False,False,False,True,Invasive cancer + stroma,0.12177734290007651,0.04887675804134372,9.585453608271496e-05,0.0,0,0,1.6594633477769403,3,22,0.0,0,0,0.00958545360827048,0.08566874051453016,0.04425039939739192,4.74817121061418,True,False,True,False
GTCTATCTGAGTTTCT-1,2929,1597,ER,CID4290,Invasive cancer + stroma,1,40,42,5085,3914,2929,1597,8.330488221235917,False,False,False,True,Invasive cancer + stroma,0.08874267676227382,0.03594692982661045,5.89253039802241e-05,0.0,0,0,2.312948725256643,4,15,0.0,0,0,0.005892530398022438,1.4022128458983933,0.3660827535538459,1.820504852810783,True,False,True,False
TCCAGAGCACCGGTTC-1,3088,1546,ER,CID4290,Invasive cancer + stroma,1,40,70,5084,5443,3088,1546,6.0880829015544045,False,False,False,True,Invasive cancer + stroma,0.0687781614321805,0.05097245488834186,8.995139165074027e-05,0.0,0,0,2.2111538773157555,4,12,0.0,0,0,1.272499688473597,0.008995139165075997,0.008995139165073699,3.8067555220304388,True,False,True,False
GTGTTACTATGCGTCC-1,1762,1059,ER,CID4290,Invasive cancer + stroma,1,41,75,5179,5717,1762,1059,7.207718501702611,False,False,False,True,Invasive cancer + stroma,0.11760433313645145,0.061995556163838374,6.272062780555583e-05,0.0,0,0,1.9798131708010331,3,7,0.0,0,0,1.6203641379088929,0.0062720627805487456,0.006272062780553814,4.566647352913842,True,False,True,False
TTACATGCCACAACTA-1,5309,2133,ER,CID4290,Invasive cancer + stroma,1,41,103,5178,7246,5309,2133,5.029195705405915,False,False,False,True,Invasive cancer + stroma,0.09711521954953717,0.09354576655635939,0.00014975960542436243,0.0,0,0,2.1813278704901333,4,18,0.0,0,0,1.9868867174044962,0.014975960542436243,0.014975960542436243,7.337738017146571,True,False,True,False
TATGGTTAGTGGGAGA-1,3636,1805,ER,CID4290,Invasive cancer + stroma,1,41,105,5178,7355,3636,1805,6.050605060506051,False,False,False,True,Invasive cancer + stroma,0.1953754442023554,0.03829789707621454,0.00340339199474778,0.0,0,0,3.0862672418385606,4,53,0.0,0,0,0.008846051460667212,0.008846051460667272,0.008846051460667352,3.803251553239452,True,True,True,False
TCTTAGAGCTCCAATT-1,14717,4717,ER,CID4290,Invasive cancer + stroma,1,40,108,5083,7519,14717,4717,2.826663042739689,False,False,False,True,Invasive cancer + stroma,0.24737199633051196,0.03821283593596684,6.053778996093028e-05,0.0,0,0,3.220870381951042,4,182,0.2860753974490156,1,2,0.00605377899610581,0.006053778996191282,0.00605377899482428,3.8031222566095626,True,True,True,False
ACTTGACTCCCTCTTT-1,1117,786,ER,CID4290,Invasive cancer + stroma,1,42,72,5274,5553,1117,786,4.565801253357207,False,False,False,True,Invasive cancer + stroma,0.07506481728717618,0.09823629979636746,3.976673229328785e-05,0.0,0,0,1.4759010223410778,2,5,0.0,0,0,5.884029987900087,0.003976673229324897,0.003976673229328988,3.9316466452780046,True,False,True,False
CGGCCCAGGTATATCC-1,1152,752,ER,CID4290,Invasive cancer + stroma,1,43,105,5368,7355,1152,752,3.90625,False,False,False,True,Invasive cancer + stroma,0.1428474488089103,0.061713204913592515,5.707892279690712e-05,0.0,0,0,2.9077298749722167,4,10,0.0,0,0,0.005707892279691158,0.005707892279691679,0.005707892279688712,6.15419681452018,True,False,True,False
GCTCCGCTCGCTTCAG-1,3130,1635,ER,CID4290,Invasive cancer + stroma,1,42,112,5273,7737,3130,1635,4.440894568690096,False,False,False,True,Invasive cancer + stroma,0.1258735172106727,0.0355850986308183,5.993637204937917e-05,0.0,0,0,2.014311858313226,4,9,0.0,0,0,1.0809092717597182,0.005993637204937789,0.005993637204937067,2.465613316912237,True,False,True,False
AATCGCGCAGAGGACT-1,5174,2142,ER,CID4290,Invasive cancer + stroma,1,42,114,5273,7847,5174,2142,10.320834943950521,False,False,False,True,Invasive cancer + stroma,0.08975224815597545,0.03201729820528548,6.35081590522733e-05,0.0,0,0,1.9677555655726908,3,25,0.0,0,0,2.3808833969262326,0.8081447917918616,0.006350815905227215,0.006350815905227152,True,False,True,False
GCCACAATTTAAGGAC-1,1713,1125,ER,CID4290,Invasive cancer + stroma,1,45,39,5560,3751,1713,1125,4.086398131932283,False,False,False,True,Invasive cancer + stroma,0.1262173976791536,0.05895208785384124,6.4126976584284e-05,0.0,0,0,2.8661157758239124,4,12,0.0,0,0,0.006412697658429653,0.006412697658429099,2.953517046661462,2.928866343405803,True,False,True,False
TGGCAGATTACGATCA-1,4411,2219,ER,CID4290,Invasive cancer + stroma,1,44,58,5464,4788,4411,2219,5.10088415325323,False,False,False,True,Invasive cancer + stroma,0.12791416184219698,0.0330554300116094,6.0673069011443424e-05,0.0,0,0,2.793718222365618,4,33,0.0,0,0,3.285078681204101,0.006067306901144531,0.006067306901144887,0.008329706154549308,True,False,True,False
TCACCCTCTTAAGATT-1,3283,1934,ER,CID4290,Invasive cancer + stroma,1,45,59,5559,4843,3283,1934,2.8023149558330793,False,False,False,True,Invasive cancer + stroma,0.15318970955918249,0.03659216490240534,5.9716438200175536e-05,0.0,0,0,2.9882129410421294,4,33,0.0,0,0,0.005971643820017523,0.8682420591293946,0.005971643820017105,2.779031143471105,True,False,True,False
CTAAAGGGAAATAGGA-1,3766,1940,ER,CID4290,Invasive cancer + stroma,1,44,62,5464,5007,3766,1940,4.753053637812002,False,False,False,True,Invasive cancer + stroma,0.1942744188101801,0.05261309042876376,5.771585503955673e-05,0.0,0,0,3.2436581650044083,4,50,0.0,0,0,5.241884138676761,0.005771585503955213,0.005771585503955485,0.007881733191704404,True,False,True,False
CTAAGGGAATGATTGG-1,865,628,ER,CID4290,Invasive cancer + stroma,1,44,72,5464,5553,865,628,3.121387283236994,False,False,False,True,Invasive cancer + stroma,0.15448099290521924,0.04199543147479715,0.00010000966886005581,0.0,0,0,2.4199674103877213,3,7,0.0,0,0,0.010000966886002,4.169540246821709,0.010000966886003836,0.010000966885999479,True,False,True,False
CATGGTAAGTAGCGTT-1,4199,1969,ER,CID4290,Invasive cancer + stroma,1,45,73,5559,5608,4199,1969,3.643724696356275,False,False,False,True,Invasive cancer + stroma,0.25032900094272653,0.03319775083143048,9.428123647886392e-05,0.0,0,0,3.3324142651987017,4,70,0.0,0,0,0.009428123647886436,0.009428123647886413,0.00942812364788795,3.2914907121993875,True,True,True,False
AATGACGTAGGATGTC-1,9928,3818,ER,CID4290,Invasive cancer + stroma,1,44,78,5464,5881,9928,3818,2.5181305398871876,False,False,False,True,Invasive cancer + stroma,0.39155753609660604,0.04144876495717626,5.718083349818363e-05,0.0,0,0,3.6638389592510077,4,222,0.0,0,0,0.0057180833498189695,0.005718083349819565,0.005718083349819061,4.127722245668169,True,True,True,False
CATGATGGAAGTTAGC-1,12046,3661,ER,CID4290,Invasive cancer + stroma,1,45,103,5558,7246,12046,3661,4.416403785488959,False,False,False,True,Invasive cancer + stroma,0.09609437165458805,0.03567936123820001,6.215461050407961e-05,0.0,0,0,2.382134635698555,4,66,0.0,0,0,0.006215461050505378,0.006215461050505337,0.00621546105112398,3.5492897406678656,True,False,True,False
GTCTTGTAGCTATTCA-1,1607,939,ER,CID4290,Invasive cancer + stroma,1,44,112,5463,7738,1607,939,7.591785936527691,False,False,False,True,Invasive cancer + stroma,0.05488018983456671,0.05663596294926932,5.9775595203389e-05,0.0,0,0,1.2390622014810586,2,4,0.0,0,0,5.6456636163659155,0.0059775595203388505,0.005977559520338812,0.005977559520338803,True,False,True,False
TAAGTAACATCTTGAC-1,3260,1744,ER,CID4290,Invasive cancer + stroma,1,46,40,5655,3805,3260,1744,4.171779141104294,False,False,False,True,Invasive cancer + stroma,0.15847466683004077,0.055462793608864934,5.5753591390136426e-05,0.0,0,0,3.1998723246249137,4,41,0.0,0,0,5.528889094932355,0.005575359139013743,0.005575359139013733,0.006239547676110774,True,False,True,False
CAAACGAGTATCGCAG-1,24604,5787,ER,CID4290,Invasive cancer + stroma,1,47,47,5750,4188,24604,5787,4.279791903755487,False,False,False,True,Invasive cancer + stroma,0.03925695881877276,0.04036051652996204,6.0366439340526197e-05,0.0,0,0,1.868452271599731,4,62,0.0,0,0,0.6260774916132634,0.006036643934122863,0.23299281108986195,3.1709447063589558,True,False,True,False
GTCGTTATTCGCTTAT-1,3094,1552,ER,CID4290,Invasive cancer + stroma,1,46,76,5654,5771,3094,1552,4.848093083387202,False,False,False,True,Invasive cancer + stroma,0.1270721283894437,0.041593021178969534,6.132606748846226e-05,0.0,0,0,1.8487890655023893,3,11,0.0,0,0,0.006132606748846137,0.0061326067488442085,0.006132606748846018,4.140904297650417,True,False,True,False
CTGCTGAGGCCACGAA-1,2490,1402,ER,CID4290,Invasive cancer + stroma,1,49,35,5940,3532,2490,1402,5.1807228915662655,False,False,False,True,Invasive cancer + stroma,0.10604836387465245,0.04555147433026792,6.173614061402882e-05,0.0,0,0,1.9273313858090135,3,11,0.0,0,0,0.006173614061402098,2.9916682504709255,0.046300603998675034,1.511004964495789,True,False,True,False
GCGGACCGCGTTGTGG-1,4119,2063,ER,CID4290,Invasive cancer + stroma,1,51,43,6130,3969,4119,2063,5.3168244719592135,False,False,False,True,Invasive cancer + stroma,0.1537589207746972,0.04309858278421429,0.00013453480252091952,0.0,0,0,2.9807543212716343,4,46,0.41063699752448146,1,1,0.013453480252091952,0.013453480252091952,0.5598503686766454,3.7231009492405995,True,False,True,False
TTCCACACAGATTTGA-1,6571,2881,ER,CID4290,Invasive cancer + stroma,1,50,46,6035,4133,6571,2881,4.626388677522447,False,False,False,True,Invasive cancer + stroma,0.1369659700753932,0.04032437351926688,6.154105104434909e-05,0.0,0,0,3.0893053822739804,4,71,0.0,0,0,0.006154105104434909,0.006154105104434518,0.006154105104609971,4.013975036613209,True,False,True,False
TTGTGTTTCCCGAAAG-1,4068,2138,ER,CID4290,Invasive cancer + stroma,1,51,59,6130,4843,4068,2138,2.949852507374631,False,False,False,True,Invasive cancer + stroma,0.1774864042437513,0.045081011212721386,0.0008265812175669238,0.0,0,0,3.1897425209519517,4,47,0.0,0,0,0.008778137011938305,2.351662193916828,2.1388826533314336,0.008778137011938286,True,False,True,False
CTTTAATATTGGTCGA-1,1886,1118,ER,CID4290,Invasive cancer + stroma,1,51,73,6129,5608,1886,1118,6.468716861081654,False,False,False,True,Invasive cancer + stroma,0.10307228928583653,0.04509574399656299,5.606358102296359e-05,0.0,0,0,2.6768440773941427,4,12,0.0,0,0,2.3794203636135767,0.005606358102295665,0.0056063581022965416,2.1189413198381306,True,False,True,False
AGGATAAAGTCGGGAT-1,3816,1979,ER,CID4290,Invasive cancer + stroma,1,53,65,6319,5171,3816,1979,3.2232704402515724,False,False,False,True,Invasive cancer + stroma,0.1166745455734684,0.05305452652532365,0.011937085467205106,0.0,0,0,2.576110002460808,4,22,0.0,0,0,1.2672157401983046,0.005752957708617323,0.7885298515241631,3.24395410310128,True,False,True,False
AAGCATACTCTCCTGA-1,4013,1835,ER,CID4290,Invasive cancer + stroma,1,53,69,6319,5390,4013,1835,5.806130077248941,False,False,False,True,Invasive cancer + stroma,0.10105694128375317,0.034498807602108,9.373185915288023e-05,0.0,0,0,2.5304771383467752,4,27,0.0,0,0,0.009373185915287862,0.009373185915288141,0.009373185915288086,3.421761202464936,True,False,True,False
GAGATGGGAGTCGACA-1,3901,1907,ER,CID4290,Invasive cancer + stroma,1,52,72,6224,5553,3901,1907,4.9474493719559085,False,False,False,True,Invasive cancer + stroma,0.17146163935832298,0.032873952466942816,6.318156115536408e-05,0.0,0,0,2.0163464793542802,3,26,0.0,0,0,3.0999310193220864,0.1688917339256934,0.006318156115536614,0.012254337330965141,True,False,True,False
CATCATTACCCTGAGG-1,3059,1575,ER,CID4290,Invasive cancer + stroma,1,52,94,6223,6755,3059,1575,5.165086629617522,False,False,False,True,Invasive cancer + stroma,0.08597723490191535,0.056717805416118906,5.9393976557879354e-05,0.0,0,0,2.3359768346207233,4,17,0.0,0,0,4.432570575661673,0.005939397655788972,0.005939397655787153,1.227331170638642,True,False,True,False
GCGTCGCCAGGGTGAT-1,1840,1068,ER,CID4290,Invasive cancer + stroma,1,54,62,6415,5007,1840,1068,3.641304347826087,False,False,False,True,Invasive cancer + stroma,0.1302480059953539,0.034769663444504224,9.139714407616073e-05,0.0,0,0,2.8425163115442276,4,16,0.0,0,0,3.4495472012275283,0.009139714407630655,0.009139714407632376,0.009139714407631032,True,False,True,False
AGACAGGCATCTCAGC-1,5399,2195,ER,CID4290,Invasive cancer + stroma + lymphocytes,1,55,125,6508,8448,5399,2195,6.24189664752732,False,False,False,True,Invasive cancer + stroma + lymphocytes,0.17581654773801758,0.04398919712865046,9.345314937166101e-05,0.0,0,0,2.8121300651846153,4,53,0.0,0,0,2.9829650985885756,0.009345314937166475,0.009345314937166432,1.3972639844021373,True,False,True,False
AAGCGTCCCTCATCGA-1,1297,888,ER,CID4290,Invasive cancer + stroma,1,57,35,6700,3533,1297,888,3.2382420971472627,False,False,False,True,Invasive cancer + stroma,0.1386995468883532,0.04314178660282298,6.17643981090981e-05,0.0,0,0,2.001636240605307,3,7,0.0,0,0,2.6029955571214534,0.006176439810907978,1.698830223539028,0.00617643981090841,True,False,True,False
TACTATGGTTCCTCAG-1,18745,4868,ER,CID4290,Invasive cancer + stroma,1,57,47,6700,4188,18745,4868,2.9874633235529475,False,False,False,True,Invasive cancer + stroma,0.07586720995539598,0.0516408658785963,0.00010097088772098237,0.0,0,0,1.8903928728371275,4,54,0.0,0,0,0.010097088772368501,0.010097088772436154,0.010097088774819714,5.133795321540005,True,False,True,False
CTTCCGCTCCGTGAAG-1,10195,3241,ER,CID4290,Invasive cancer + stroma,1,56,50,6605,4352,10195,3241,4.423737126042178,False,False,False,True,Invasive cancer + stroma,0.06976618613736496,0.03834012105434112,0.00010015352772216182,0.0,0,0,1.9296160081087392,4,28,0.0,0,0,2.599934766944904,0.3666384500996044,0.010015352769931792,0.8574235356196716,True,False,True,False
CCGCATGTGGTACGAT-1,5541,2450,ER,CID4290,Invasive cancer + stroma,1,56,66,6604,5226,5541,2450,4.078686157733261,False,False,False,True,Invasive cancer + stroma,0.03386671460355748,0.03417561087395127,6.363170823291666e-05,0.0,0,0,1.5068908512697365,4,9,0.0,0,0,0.006363170823291771,0.006363170823291718,0.006363170823291791,3.398471574925251,True,False,True,False
GCAAACCTTGGCCATA-1,950,665,ER,CID4290,Invasive cancer + stroma,1,57,67,6699,5281,950,665,5.157894736842105,False,False,False,True,Invasive cancer + stroma,0.11176043026503438,0.04982583794664525,6.391695849194136e-05,0.0,0,0,1.6442745585684633,2,5,0.0,0,0,0.0063916958491939185,0.006391695849194408,0.006391695849193628,4.963408707116943,True,False,True,False
TCCTAAATTGGGAAGC-1,2360,1288,ER,CID4290,Invasive cancer + stroma,1,56,70,6604,5444,2360,1288,5.127118644067796,False,False,False,True,Invasive cancer + stroma,0.08464405856675969,0.042194437541081785,5.9340534584042666e-05,0.0,0,0,2.449234940136559,4,12,0.0,0,0,1.1257708162414983,0.0059340534584020055,0.005934053458403861,3.0818048309498742,True,False,True,False
GAAGAAACGATATTGT-1,3607,1822,ER,CID4290,Invasive cancer + stroma,1,59,29,6891,3205,3607,1822,8.317161075686167,False,False,False,True,Invasive cancer + stroma,0.11265102936379347,0.03279401261302196,0.0001411985663527584,0.0,0,0,2.404024422200557,4,19,0.0,0,0,0.01411985663527584,0.01411985663527584,0.01411985663527584,3.237041691396368,True,False,True,False
TTAGGTCATAACCGAC-1,2054,1272,ER,CID4290,Invasive cancer + stroma,1,58,38,6795,3697,2054,1272,4.381694255111976,False,False,False,True,Invasive cancer + stroma,0.1098964087865335,0.08545607957285367,6.147524406526861e-05,0.0,0,0,1.8878820463982384,3,9,0.0,0,0,8.523695245660203,0.00614752440652656,0.006147524406526019,0.009617662812111698,True,False,True,False
CTACAAGAAATAACCC-1,2790,1524,ER,CID4290,Invasive cancer + stroma,1,58,40,6795,3806,2790,1524,4.659498207885305,False,False,False,True,Invasive cancer + stroma,0.13447468491660033,0.03922208507546127,5.830191967628015e-05,0.0,0,0,2.688134570402366,4,20,0.0,0,0,3.904717931643246,0.005830191967627635,0.005830191967626724,0.005830191967626809,True,False,True,False
TGAGGAGTGCCAGCTT-1,5459,2491,ER,CID4290,Invasive cancer + stroma,1,58,58,6795,4789,5459,2491,3.169078585821579,False,False,False,True,Invasive cancer + stroma,0.09534835010604646,0.034759616748878286,5.868609571631879e-05,0.0,0,0,2.612209323737893,4,38,0.0,0,0,1.8562076072092468,0.005868609571631601,0.1611791830710688,1.4527062750358815,True,False,True,False
ATACTGCCTTACACCG-1,1799,1130,ER,CID4290,Invasive cancer + stroma,1,58,84,6794,6209,1799,1130,2.3902167871039466,False,False,False,True,Invasive cancer + stroma,0.11989172532292199,0.05067640634662985,8.702542524674715e-05,0.0,0,0,2.566837251055333,4,11,0.0,0,0,0.008702542524674756,0.008702542524674051,0.6572940808141238,4.3929414687995125,True,False,True,False
TATATATCGAGAAATG-1,2245,1244,ER,CID4290,Invasive cancer + stroma,1,60,28,6986,3151,2245,1244,12.42761692650334,False,False,False,True,Invasive cancer + stroma,0.17885525890881454,0.042656393430311516,9.6552357309874e-05,0.0,0,0,2.8764075045746846,4,21,0.0,0,0,0.009655235730987267,0.009655235730986507,0.00965523573098729,4.236673635838191,True,False,True,False
TTGTTTCATTAGTCTA-1,1405,910,ER,CID4290,Invasive cancer + stroma,1,60,30,6986,3260,1405,910,9.323843416370106,False,False,False,True,Invasive cancer + stroma,0.15584330500573373,0.03269533224569062,0.00013957820862450963,0.0,0,0,2.891295302346724,4,13,0.0,0,0,0.013957820862450964,0.013957820862450964,3.227659761981709,0.013957820862450964,True,False,True,False
TAGCTAGTGATGATGG-1,15481,4043,ER,CID4290,Invasive cancer + stroma,1,60,48,6985,4243,15481,4043,5.16762483043731,False,False,False,True,Invasive cancer + stroma,0.09200692965384287,0.062271390734890464,0.00010262945103894805,0.0,0,0,2.3985816433973124,4,70,0.0,0,0,0.8001707911865277,0.01026294510410276,0.01026294510375476,5.406442392094661,True,False,True,False
TGCCGGATGTACGAGC-1,2506,1473,ER,CID4290,Invasive cancer + stroma,1,62,34,7176,3478,2506,1473,7.861133280127694,False,False,False,True,Invasive cancer + stroma,0.11570677142132926,0.05387123829938001,6.436758620684099e-05,0.0,0,0,2.1452719460150247,3,17,0.0,0,0,5.367813554075948,0.006436758620684216,0.0064367586206841845,0.006436758620684519,True,False,True,False
GGTTTAATTACCATCG-1,2417,1466,ER,CID4290,Invasive cancer + stroma,1,63,39,7270,3752,2417,1466,4.840711625982623,False,False,False,True,Invasive cancer + stroma,0.22795151010436276,0.041074248279536874,5.761934677986648e-05,0.0,0,0,3.7091934320484627,4,51,0.0,0,0,0.6838435248672157,0.005761934677990872,0.005761934677986535,3.412057433730494,True,True,True,False
ATCTGACATGGAAGGA-1,2477,1424,ER,CID4290,Invasive cancer + stroma,1,63,41,7270,3861,2477,1424,5.248284214775938,False,False,False,True,Invasive cancer + stroma,0.19439243110712406,0.07755225488262031,5.849133707206073e-05,0.0,0,0,2.3938901472033107,3,27,0.0,0,0,4.6555095609371095,0.005849133707205996,0.0058491337072059495,3.0880176599105096,True,False,True,False
CTTTGGGATTGTTGCA-1,2280,1288,ER,CID4290,Invasive cancer + stroma,1,62,44,7175,4025,2280,1288,5.0,False,False,False,True,Invasive cancer + stroma,0.12559196854664556,0.03430814547577225,9.385740360344112e-05,0.0,0,0,2.059312819131895,3,11,0.0,0,0,0.009385740359142998,0.009385740359145458,0.009385740359145522,3.402657326499791,True,False,True,False
ATACGTTATGCACGGA-1,1745,1068,ER,CID4290,Invasive cancer + stroma,1,63,63,7270,5062,1745,1068,3.6676217765042978,False,False,False,True,Invasive cancer + stroma,0.14298376788633174,0.04468424519624357,5.7624363877525756e-05,0.0,0,0,2.6680488271317797,3,18,0.0,0,0,0.005762436387752453,4.405522108195791,0.04871285145272543,0.008427123588087853,True,False,True,False
GCGTCCCTAAGACATA-1,2966,1695,ER,CID4290,Invasive cancer + stroma,1,64,42,7365,3915,2966,1695,6.540795684423466,False,False,False,True,Invasive cancer + stroma,0.1715074213102817,0.07024290884452764,9.039951950910647e-05,0.0,0,0,2.502985151726366,4,24,0.0,0,0,0.00903995195091142,0.009039951950911245,1.428470473372147,5.5777405071787935,True,False,True,False
CACTGACGATTGTGGA-1,2200,1321,ER,CID4290,Invasive cancer + stroma,1,65,51,7460,4407,2200,1321,4.7272727272727275,False,False,False,True,Invasive cancer + stroma,0.1416236327274936,0.031813385604126915,5.8021675722737014e-05,0.0,0,0,2.7143734612010695,4,16,0.0,0,0,0.005802167572281046,0.005802167572280621,0.04866178636639102,3.121072438901739,True,False,True,False
CGTTCAGACCCGCGAA-1,1211,795,ER,CID4290,Invasive cancer + stroma,1,65,61,7460,4953,1211,795,4.376548307184145,False,False,False,True,Invasive cancer + stroma,0.12424078652255058,0.06863902520620423,9.29381408635604e-05,0.0,0,0,1.5975830492265866,2,6,0.0,0,0,0.009293814095587698,0.009293814095583533,0.00929381409558384,6.836021078333668,True,False,True,False
ATAATTAGCTAAGTAG-1,2058,1197,ER,CID4290,Invasive cancer + stroma,1,64,64,7365,5117,2058,1197,3.9358600583090384,False,False,False,True,Invasive cancer + stroma,0.10000876661189577,0.050845931741474636,5.892715184139758e-05,0.0,0,0,2.4795524794528534,4,11,0.0,0,0,3.4511847867817864,0.005892715184131723,0.005892715184131156,1.6216229569974145,True,False,True,False
CGCGAAGTGGCATACT-1,2288,1297,ER,CID4290,Invasive cancer + stroma,1,64,96,7364,6865,2288,1297,5.90034965034965,False,False,False,True,Invasive cancer + stroma,0.08376278985106488,0.06701589955576884,8.880297272029635e-05,0.0,0,0,2.4939878847061974,4,15,0.0,0,0,5.491307613884999,0.6703027872228392,0.5310992571970166,0.008880297272029646,True,False,True,False
TAGGCTAAAGTGGCAC-1,1921,1123,ER,CID4290,Invasive cancer + stroma,1,65,99,7459,7029,1921,1123,6.871421134825612,False,False,False,True,Invasive cancer + stroma,0.10829690436507762,0.06719022018146903,5.9173512442420736e-05,0.0,0,0,2.21881065005888,3,14,0.0,0,0,5.8931912983929156,0.005917351244242074,0.8139960172655024,0.005917351244242054,True,False,True,False
GTAACTGCCCAAGGAG-1,9356,3523,ER,CID4290,Invasive cancer + stroma,1,66,46,7555,4134,9356,3523,9.747755451047455,False,False,False,True,Invasive cancer + stroma,0.10986655022490517,0.03285080802248965,9.11480175921367e-05,0.0,0,0,2.743867400264317,4,57,0.0,0,0,0.009114801759213732,0.009114801759236643,0.009114801759421167,3.2577363969710933,True,False,True,False
TGAATGAGTGTTTCCC-1,4289,2156,ER,CID4290,Invasive cancer + stroma,1,66,50,7555,4352,4289,2156,4.80298437864304,False,False,False,True,Invasive cancer + stroma,0.1408362108601292,0.04266204962001375,6.22122435834249e-05,0.0,0,0,2.6751555354598744,4,31,0.0,0,0,0.006221224358342569,0.013055811509622841,0.5274071744386251,3.719520751694785,True,False,True,False
TGGCAAGCACAAGTCG-1,2695,1526,ER,CID4290,Invasive cancer + stroma,1,66,56,7555,4680,2695,1526,3.1910946196660483,False,False,False,True,Invasive cancer + stroma,0.13707105313819545,0.03907613419605014,5.783196691977561e-05,0.0,0,0,2.5967414156240904,4,19,0.0,0,0,0.6632453285011352,0.0057831966919773825,0.005783196691978607,3.2328016977199225,True,False,True,False
ATGTACGATGACGTCG-1,1735,1079,ER,CID4290,Invasive cancer + stroma,1,66,64,7555,5117,1735,1079,4.034582132564841,False,False,False,True,Invasive cancer + stroma,0.09253546800818757,0.06918718299806004,6.104695589189774e-05,0.0,0,0,1.9995784667919132,3,8,0.0,0,0,3.887295690099061,0.006104695589188014,0.006104695589191315,3.0192132185285643,True,False,True,False
AGCGGGTCTGACACTC-1,2519,1418,ER,CID4290,Invasive cancer + stroma,1,66,66,7555,5226,2519,1418,3.9301310043668125,False,False,False,True,Invasive cancer + stroma,0.10403249282467526,0.054812669613645344,8.98782902028939e-05,0.0,0,0,1.9195028789854016,3,11,0.0,0,0,0.008987829020288558,0.008987829020288303,0.008987829020289377,5.454303474303669,True,False,True,False
GGAGCGAGGCCTACTT-1,2584,1419,ER,CID4290,Invasive cancer + stroma,1,67,69,7650,5390,2584,1419,3.9473684210526314,False,False,False,True,Invasive cancer + stroma,0.12609037553564756,0.058277455890808294,5.926443783660034e-05,0.0,0,0,2.6923047009916843,4,18,0.0,0,0,0.005926443793024395,0.005926443793024221,0.005926443793024192,5.809966257701757,True,False,True,False
GTCTAGTGAGCCGCTT-1,1422,906,ER,CID4290,Invasive cancer + stroma,1,66,92,7554,6646,1422,906,3.727144866385373,False,False,False,True,Invasive cancer + stroma,0.13105527464075822,0.033167737852115284,6.828560068178483e-05,0.0,0,0,2.3970050919217325,3,13,0.0,0,0,3.2962881050069948,0.006828560068177815,0.006828560068177782,0.006828560068178361,True,False,True,False
TTATTTAGGTTCCTTA-1,4240,2003,ER,CID4290,Invasive cancer + stroma + lymphocytes,1,66,126,7553,8503,4240,2003,3.490566037735849,False,False,False,True,Invasive cancer + stroma + lymphocytes,0.30241365358758093,0.05007127777546725,6.0046582440051884e-05,0.0,0,0,3.9297775234017243,4,110,0.0,0,0,0.006004658244004748,0.0060046582440055705,1.0415605377690216,3.953557923289693,True,True,True,False
CGAATTCCCGGTTCAA-1,9141,3286,ER,CID4290,Invasive cancer + stroma + lymphocytes,1,67,127,7648,8558,9141,3286,4.583743572913248,False,False,False,True,Invasive cancer + stroma + lymphocytes,0.13549420252064248,0.034890920446322575,9.539745718004595e-05,0.0,0,0,2.734891719517227,4,57,0.0,0,0,0.009539745718004639,0.06187811546226019,0.00953974571810174,3.408134437733891,True,False,True,False
GCGCGGTCTAGTAACT-1,6439,2755,ER,CID4290,Invasive cancer + stroma,1,68,60,7745,4899,6439,2755,3.5409225034943317,False,False,False,True,Invasive cancer + stroma,0.11145058923213043,0.04289792995950887,6.412965632789306e-05,0.0,0,0,2.5917829474242655,4,36,0.0,0,0,0.006412965632789075,0.006412965632789462,0.006412965632789118,4.270554099052519,True,False,True,False
TTGGGAAGACGAGCCG-1,1669,1058,ER,CID4290,Invasive cancer + stroma,1,68,64,7745,5117,1669,1058,3.9544637507489515,False,False,False,True,Invasive cancer + stroma,0.10405510876854697,0.04355821309005659,5.840197398021362e-05,0.0,0,0,2.7358586839936243,4,11,0.0,0,0,1.5095466174674377,0.00584019739944642,0.0058401973994474,2.834594296739328,True,False,True,False
GAACTGTGGAGAGACA-1,1128,757,ER,CID4290,Invasive cancer + stroma,1,68,66,7745,5226,1128,757,5.053191489361701,False,False,False,True,Invasive cancer + stroma,0.13543482383156333,0.03409377345093512,9.061489253568979e-05,0.0,0,0,2.5306597563184092,3,10,0.0,0,0,1.450902284481042,0.009061489253567397,1.9401759352315182,0.009237636127384726,True,False,True,False
TCCACATCGTATATTG-1,870,639,ER,CID4290,Invasive cancer + stroma,1,69,67,7840,5281,870,639,4.597701149425287,False,False,False,True,Invasive cancer + stroma,0.14109072910527432,0.06341591464591059,9.600649479671657e-05,0.0,0,0,2.057028081338967,3,4,0.0,0,0,4.615675437958367,0.009600649476669712,0.009600649479674251,1.7067147276763481,True,False,True,False
GTCCGGGTTCACATTA-1,5322,2283,ER,CID4290,Invasive cancer + stroma,1,69,71,7840,5500,5322,2283,5.035700864336715,False,False,False,True,Invasive cancer + stroma,0.152747798645545,0.04102946757813585,6.134299692908266e-05,0.0,0,0,2.691974057792549,4,45,0.0,0,0,0.006134299692908046,0.006134299692908275,0.313400615293486,3.777277543134283,True,False,True,False
GCCGGTCGTATCTCTC-1,7595,3229,ER,CID4290,Invasive cancer + stroma,1,70,54,7935,4571,7595,3229,5.924950625411455,False,False,False,True,Invasive cancer + stroma,0.15346383846053138,0.042390347776307145,6.0715148276953355e-05,0.0,0,0,2.6304547943018686,4,70,0.0,0,0,0.006071514827695287,0.006071514827695059,0.006071514827695197,4.220820233147629,True,False,True,False
CAAACCCTCCGGCGGG-1,1681,1022,ER,CID4290,Invasive cancer + stroma,1,70,70,7935,5445,1681,1022,5.29446757882213,False,False,False,True,Invasive cancer + stroma,0.11109983623586846,0.08032207351870677,6.0996441827805065e-05,0.0,0,0,2.7144129536683863,4,11,0.0,0,0,4.380347968188223,1.6272164176661008,0.29537396516116177,1.729269000855191,True,False,True,False
CTGCGACCTCGCCGAA-1,1065,723,ER,CID4290,Invasive cancer + stroma,1,71,73,8030,5609,1065,723,4.037558685446009,False,False,False,True,Invasive cancer + stroma,0.09113570078788989,0.07522217368871974,4.110858891718638e-05,0.0,0,0,1.6592048685750895,2,6,0.0,0,0,5.52211325733576,0.0041108588920470085,1.9914092499019111,0.004584002742255663,True,False,True,False
GGATTAATCATGGACC-1,1242,836,ER,CID4290,Invasive cancer + stroma,1,71,75,8030,5718,1242,836,4.428341384863124,False,False,False,True,Invasive cancer + stroma,0.11248542714433694,0.03341924109396746,0.009878526416750306,0.0,0,0,2.2326770780082286,3,8,0.0,0,0,0.0064133311763041,0.0064133311763096175,0.006413331176304184,3.322684115867828,True,False,True,False
ACCGAGTCTCCTTATT-1,1636,1067,ER,CID4290,Invasive cancer + stroma,1,71,79,8030,5937,1636,1067,3.23960880195599,False,False,False,True,Invasive cancer + stroma,0.18262679080338437,0.04066003102574809,5.486707691237643e-05,0.0,0,0,3.417699128233553,4,23,0.0,0,0,3.863154496268543,0.005486707691238913,0.005486707691239297,0.19187519092378835,True,False,True,False
ATCTACCATCTGCTCC-1,16053,4727,ER,CID4290,Invasive cancer + stroma,1,70,88,7934,6428,16053,4727,5.058244564878839,False,False,False,True,Invasive cancer + stroma,0.0876327942747219,0.047808939418066465,0.001237249978847364,0.0,0,0,2.339086204456236,4,69,0.2696981100081321,1,2,0.009039665580103376,0.009039665580103697,0.31545227426104666,4.447362336385393,True,False,True,False
TCAGAACGGCGGTAAT-1,1672,1042,ER,CID4290,Invasive cancer + stroma,1,73,79,8220,5937,1672,1042,3.7679425837320575,False,False,False,True,Invasive cancer + stroma,0.15708695536670064,0.03278594694804051,8.85192951980977e-05,0.0,0,0,1.6616761149620105,2,9,0.0,0,0,0.008851929519810798,0.008851929519811607,0.008851929519810566,3.252038906244618,True,False,True,False
CCACTCAGATCCGCAA-1,2149,1318,ER,CID4290,Invasive cancer + stroma,1,72,80,8125,5991,2149,1318,2.8850628199162403,False,False,False,True,Invasive cancer + stroma,0.15557596073866078,0.050562614765104756,5.959311570327718e-05,0.0,0,0,2.8852717569918243,4,18,0.0,0,0,2.762265911373603,0.005959311570326989,0.005959311570327291,2.282076941996218,True,False,True,False
ATCGCCGTGGTTCATG-1,7436,2972,ER,CID4290,Invasive cancer + stroma + lymphocytes,1,72,124,8123,8394,7436,2972,5.944055944055944,False,False,False,True,Invasive cancer + stroma + lymphocytes,0.08675719198170616,0.05214005225787312,6.329001230317246e-05,0.0,0,0,2.1592724184747842,4,33,0.0,0,0,4.497051628577722,0.7042955947489549,0.0063290012303174525,0.006329001230317236,True,False,True,False
CGAAGATCAGTTTCAT-1,1749,1102,ER,CID4290,Invasive cancer + stroma,1,74,70,8315,5445,1749,1102,8.176100628930817,False,False,False,True,Invasive cancer + stroma,0.10894582203462626,0.061557694295126926,6.612581889775635e-05,0.0,0,0,2.1161790374193794,3,10,0.0,0,0,4.720033482735607,0.006612581889775571,0.006612581889775441,1.4225107829975345,True,False,True,False
GACTTCAACGCATCAA-1,4180,2161,ER,CID4290,Invasive cancer + stroma,1,74,94,8314,6756,4180,2161,2.77511961722488,False,False,False,True,Invasive cancer + stroma,0.22202555941384275,0.03871997941431177,5.804399064215855e-05,0.0,0,0,3.405348378054815,4,66,0.814347516378211,2,2,1.5244302762306439,0.005804399064215855,2.0528818181609845,0.2888814479753329,True,True,True,False
AATAACGTCGCGCCCA-1,6308,2775,ER,CID4290,Invasive cancer + stroma + lymphocytes,1,75,115,8409,7903,6308,2775,7.878883956880152,False,False,False,True,Invasive cancer + stroma + lymphocytes,0.019061085616247756,0.035328835948556944,6.285635960744736e-05,0.0,0,0,0.9124734163190047,3,5,0.0,0,0,0.006285635960744768,0.006285635960745023,0.0062856359607421355,3.514026686973463,True,False,True,False
