"","B-cells","CAFs","Cancer Epithelial","Endothelial","Myeloid","NK cells","Normal Epithelial","Plasmablasts","PVL","T cells"
"CID4461_mix000_depth100",0.180425860031948,5.58545864350201e-05,0.00362605436500611,0.0382179940698004,5.58545864083275e-05,5.58545864083158e-05,0.00919209509205851,0.0198501981960783,5.58545864083282e-05,0.685631926936509
"CID4461_mix000_depth25",0.0503139501573486,0.00164464384336208,0.00646234632388747,0.0938669954000271,5.58545864083271e-05,5.58545864083141e-05,5.58545864083297e-05,0.0220644717531542,5.58545864083354e-05,0.702016831049766
"CID4461_mix001_depth100",0.162476422550754,0.111059516021389,0.0397299164485935,0.0384009038972608,7.97922662976125e-05,7.97922662976588e-05,0.0195191159906184,0.0185977771706789,7.97922662976122e-05,0.568652242598122
"CID4461_mix001_depth25",0.113190152552429,0.134576168231414,0.0687023430688254,0.0531060911522538,0.000113988951853731,0.000113988951853687,0.000113988951853731,0.0193474989834682,0.000113988951853735,0.552796394508442
"CID4461_mix002_depth100",0.0956962389084545,0.265387435416383,0.0658647055348839,0.0694200321264209,0.0167598920044312,0.00011398895185311,0.000113988951853731,0.0166351633885444,0.00882919982157612,0.403913010190836
"CID4461_mix002_depth25",0.0859016772487824,0.250834355677194,0.0997770948776252,0.0881991964895022,0.0100817716579993,0.000113988951853753,0.00011398895185373,0.0178825507746956,0.000113988951853731,0.403279909634995
"CID4461_mix003_depth100",0.0865928484237325,0.00255144532858616,0.042558417917744,0.0107069495932221,0.0485217194072304,0.000113113108536338,7.9792266297612e-05,0.0151699149249039,7.97922662976138e-05,0.655055357521743
"CID4461_mix003_depth25",0.116997459858451,0.000162841359781661,0.0660070506188321,0.0688064292563879,0.0181449435094667,0.000201598075051402,0.0371925897466664,0.0105683364223044,0.000162841359791046,0.422049328775805
"CID4461_mix004_depth100",0.0439836184245594,0.0968703865225302,0.0625105877759752,0.0261575035662792,0.0643995853449071,0.000108065682548009,0.0076536844280156,0.0168304331752965,7.97922662976128e-05,0.5800871289915
"CID4461_mix004_depth25",0.0778125447920111,0.0745542723890509,0.040613533635511,0.114326822470901,0.0191231389808307,0.000178114609398816,0.0853609375127387,0.0148900998213126,0.000162841359791044,0.402839451996072
"CID4461_mix005_depth100",0.040136200653463,0.260494134612101,0.091660086847912,0.0207129041582209,0.0363969990148362,0.000113988951853731,0.000113988951853732,0.0144580393494204,0.0305433440100551,0.443861147229989
"CID4461_mix005_depth25",0.0257162046239749,0.254860882601117,0.0423667268135639,0.127676642329675,0.0154064610073645,0.000162841359791045,0.0547595605677651,0.0150641821234167,0.0132585688920728,0.315718811078517
"CID4461_mix006_depth100",0.064946916888651,7.97922663202343e-05,0.0189245823864909,0.0276752057216585,0.0368178024936205,7.97922662976082e-05,7.97922662976102e-05,0.0182430394401311,7.9792266297612e-05,0.733590748277415
"CID4461_mix006_depth25",0.110428546996794,5.58545864083296e-05,0.000105444140273715,0.00873337034751755,0.0130852551448114,6.98603390915887e-05,5.58545864083306e-05,0.0217785719097845,5.58545864083282e-05,0.811756889323607
"CID4461_mix007_depth100",0.0512685672899266,0.1165829271203,0.0551380423589903,0.0327837790060985,0.0398699887298715,0.000113988951853734,0.000930367639090241,0.0174038894662618,0.000113988951853731,0.61123795488167
"CID4461_mix007_depth25",0.131475467885166,0.110438515406843,0.0442605932251837,7.97922662976127e-05,0.0277619804253062,8.12135851961497e-05,7.9792266297611e-05,0.0174646868295058,7.9792266297613e-05,0.650682571677384
"CID4461_mix008_depth100",0.0121207437935582,0.239123464230972,0.0575242081690918,0.0470226379075808,0.0530815279747275,0.000113988951853723,0.024556637267447,0.0188281981323353,0.00842696941908798,0.48970556431888
"CID4461_mix008_depth25",0.0230543333762535,0.223756191544854,0.0607243815471829,7.97922662976122e-05,0.0651298184146638,7.97922662976108e-05,0.0196593536415991,0.0177840015267971,0.0688791427461915,0.522874415904807
"CID4461_mix009_depth100",0.10480819231761,7.97922663038482e-05,0.0434963715200821,0.0153635927697919,7.97922662976121e-05,8.28673477581488e-05,0.0178720093224269,0.010927896080142,0.00653639844823407,0.68990265693562
"CID4461_mix009_depth25",0.218664023708015,7.97922662951211e-05,0.000120197899164399,0.059377401904367,7.97922662976191e-05,0.00164298988139914,7.97922662975918e-05,0.0174890483882466,7.97922662976147e-05,0.605542390805217
"CID4461_mix010_depth100",0.0260418878089514,0.204836593174377,0.0717388507779407,0.000162841359791045,0.038857180672837,0.000162841359791036,0.0309176387003606,0.0134936593765703,0.113065475953259,0.432701029447498
"CID4461_mix010_depth25",0.113674399070602,0.206959552714887,0.0271782369751613,0.000162841359791052,0.0240986588398894,0.000162841359791045,0.000162841359791047,0.0180088370218558,0.163772812548846,0.402935184262896
"CID4461_mix011_depth100",0.0362801320335082,0.277136677257055,0.0834179378067874,0.000162841359791045,0.0314163806818095,0.000162841359791052,0.0200360838585026,0.0140884592914733,0.122853775961033,0.364868007320092
"CID4461_mix011_depth25",0.0984186258550292,0.279676051966716,0.041803511092032,0.000113988951853737,0.0216735583034519,0.000113988951853732,0.000113988951853724,0.0202708422632608,0.181883202450587,0.332095700891681
"CID4461_mix012_depth100",0.157653187509527,5.58545864089858e-05,0.0422497784291404,0.00904645735241476,0.00172849419137513,6.97984819420948e-05,5.58545864083283e-05,0.0179693968779825,5.58545864083284e-05,0.714510900611395
"CID4461_mix012_depth25",0.096579863712325,5.58545864083276e-05,0.000173550114092157,5.58545864083286e-05,5.58545864083282e-05,9.27510368945236e-05,5.58545864083263e-05,0.0192328541338117,0.0202547022156396,0.831007962423226
"CID4461_mix013_depth100",0.13896735763166,0.119294900433696,0.0618421775463557,0.00531337307402299,0.000113988951853731,0.000133379060497387,0.0153291530466224,0.0209707674964056,0.00426405073704458,0.600525505748447
"CID4461_mix013_depth25",0.0829202516836817,0.130069291839112,0.0375260946307031,7.97922662976115e-05,0.000348953711790443,0.00010429654899544,8.05596298099254e-05,0.0180153708694652,0.0191418629280529,0.703895966645229
"CID4461_mix014_depth100",0.086489399174687,0.215076555166912,0.0532848481942488,0.013031647250324,0.0124488492159295,0.000113988951853731,0.0736617568216323,0.0193205641026391,0.0324574201577811,0.476011964826634
"CID4461_mix014_depth25",0.0505572897593018,0.190042063139006,0.00994610111128535,0.000113988951853731,0.000113988951853732,0.00012179834216413,0.137533870113483,0.0192420047270017,0.0477316233822074,0.565045345886365
"CID4461_mix015_depth100",0.101393536746078,7.97922663257255e-05,0.0620207062314354,0.0076393369935088,0.031546709966368,0.0469749416132844,0.00257911261081063,0.011138562589292,7.97922662976127e-05,0.630373880850446
"CID4461_mix015_depth25",0.245585654961243,7.97922662976138e-05,0.000161376410962354,0.00629821425348706,0.00865025221960104,0.0283187893939049,0.0595836499426581,0.0215703986607379,7.97922662976136e-05,0.571136190854463
"CID4461_mix016_depth100",0.0952213574535217,0.124429946341795,0.0829390621200909,0.000113988951853732,0.0130040123580223,0.0321728842060371,0.000955829351005029,0.00975610056297105,0.0386992974999594,0.519288628908886
"CID4461_mix016_depth25",0.196674021377684,0.156208898305838,0.021605677479004,7.97922662976114e-05,7.97922662976108e-05,0.0124001617866041,0.0394829911738143,0.0176877851689038,0.00208517914013288,0.497453600794998
"CID4461_mix017_depth100",0.0785605109334946,0.227770372429305,0.0712633341479298,0.000113988951853733,0.0102025990462047,0.0329706392215558,0.015422128874643,0.0101015664745078,0.0598263986321358,0.420388009119943
"CID4461_mix017_depth25",0.16589148155441,0.252809930976636,0.00109271065245088,0.00011398895185373,0.000113988951853732,0.0060295176378068,0.0474738932916099,0.0158173159538974,0.0342143280128585,0.420383420660746
"CID4461_mix018_depth100",0.0789527442729567,0.00196243316425113,0.000906189542755546,0.0141892841827171,0.0248065213795057,0.00014844417389398,0.00290663969194525,0.012537875481236,3.90982104858298e-05,0.805082327848924
"CID4461_mix018_depth25",0.113987138352409,7.9792266297612e-05,0.0836186168983372,7.97922662976069e-05,7.97922662976105e-05,0.000103921163436931,0.0591399040712075,0.00701419417196808,0.00473865723879444,0.628288494495756
"CID4461_mix019_depth100",0.0149604096756459,0.107307574936768,0.0365896221182752,0.0316327024882016,0.0534280041894458,0.000477816047869824,0.0361428718488666,0.0135514480127681,0.0015680557096058,0.648814767544604
"CID4461_mix019_depth25",0.0647254530940953,0.131509584109211,0.0886916166026257,0.000162841359791045,0.02986365007085,0.000184632724637453,0.160009798782818,0.00981902471550027,0.000162841359791045,0.49390265252044
"CID4461_mix020_depth100",0.000113988951853731,0.320084129935704,0.0764008198403091,0.0511378268805111,0.0439442856680482,0.000152323381955267,0.0150403106549863,0.0142966540382767,0.000113988951853732,0.431264986009978
"CID4461_mix020_depth25",0.00255661829700083,0.341125865461781,0.143899439294912,0.0266161471926124,0.0369025057909898,0.000113988951853732,0.0838665358350831,0.0146660023837081,0.000113988951853732,0.351380357038709
"CID4461_mix021_depth100",0.151989187915906,7.97922663558408e-05,0.0373115595255321,0.0314183076500831,7.97922662976132e-05,7.9792266297613e-05,0.00786855711247708,0.0124796813559617,7.97922662976131e-05,0.73692916586764
"CID4461_mix021_depth25",0.271025106887657,5.58545864077215e-05,0.000136407888618201,0.0172223889040857,6.30385232446252e-05,0.000180095339420423,0.01224755927796,0.00710419277417591,0.00533335537928095,0.790992447917025
"CID4461_mix022_depth100",0.13119929273833,0.114208408929184,0.0434036421894228,0.0353496356807289,0.000113988951853731,0.000113988951853732,0.00666079463704024,0.0146751203752489,0.000113988951853732,0.659682102407365
"CID4461_mix022_depth25",0.229137793588789,0.0913535836500016,0.000105032606346616,0.0180593302590802,6.92363843869126e-05,0.000140227132280503,0.0115798953636252,0.0121861128682574,0.00243039372283888,0.719795744840533
"CID4461_mix023_depth100",0.0247794989640092,0.203854379543875,0.0494271141710083,0.0796451892026617,0.0482966507062169,0.000113988951853732,0.0500393880367289,0.0193261072835883,0.00662505187964861,0.530389388674055
"CID4461_mix023_depth25",0.0957918143586834,0.156000433940089,0.0193470321827355,0.0710436422783431,0.0499245732238306,0.00013128850654597,0.0238736369458003,0.0139076127298489,7.97922662976116e-05,0.621322622183909
"CID4461_mix024_depth100",0.0498792819886732,5.58545864330667e-05,0.0661744039150988,0.0877653653768395,0.0310259265607497,0.00184559980475403,0.00489208573690589,0.0225046838445597,5.58545864083289e-05,0.649822045368115
"CID4461_mix024_depth25",0.042929044289269,5.58545864083284e-05,0.0323503201615043,0.0740353150452751,0.0430941190761611,0.000134084175739704,0.0225405175579334,0.0224600539611717,5.58545864083293e-05,0.660363278303588
"CID4461_mix025_depth100",0.0166870076952381,0.147017553926104,0.076027280759647,0.0885305577101579,0.0809530069231627,0.000147053688108595,0.0100829303682902,0.0200439427863167,0.0205884662483563,0.513950411042896
"CID4461_mix025_depth25",0.00011506077891496,0.132493001202421,0.0374301198293631,0.104639024240165,0.0640075936406411,0.000110946367991475,0.00574646598824676,0.0165891538310361,0.0400841917587096,0.600893379379524
"CID4461_mix026_depth100",0.0188221213228029,0.302576516444954,0.0737220234577325,0.0759627073998756,0.0562811522988045,0.000161098727749389,0.036359934592032,0.0194998790926117,0.000113988951853732,0.410199426847604
"CID4461_mix026_depth25",0.000106053531789789,0.28742511430618,0.0761272198797875,0.0895222573056415,0.0328702833092988,9.05207430260795e-05,0.0668674059465706,0.0170294807854068,7.97922662976128e-05,0.480817304962136
"CID4461_mix027_depth100",0.0854510283375082,7.97922662829288e-05,0.000126037138589148,0.0191118383712097,0.0129638651865387,0.0050640273797412,7.97922662976117e-05,0.0123406092130762,7.97922662976124e-05,0.773232940537303
"CID4461_mix027_depth25",0.178055490767256,0.000113988951853731,0.000113988951853732,0.0295335078645063,0.000113988951853733,0.033559381394105,0.00011398895185373,0.00915781505616224,0.0163082415728879,0.582602869164384
"CID4461_mix028_depth100",0.0227856972508449,0.211557646768829,0.0339797870074726,0.0347481786449633,0.0383024381942312,0.000144407441972815,0.029776831983509,0.016188006882596,0.00376526472482744,0.563484536025749
"CID4461_mix028_depth25",0.105963637085852,0.209158862818878,0.000162841359791045,0.0874623101002534,0.00433208754656892,0.0107776457311356,0.0258027718342291,0.0121451250510122,0.0175588829504742,0.416003629855984
"CID4461_mix029_depth100",0.0104478211691496,0.337820700919513,0.0603264591777788,0.0260822475361762,0.0417705378068837,0.000113988951853732,0.0375555121111389,0.0177901527879587,0.000113988951853731,0.439384319139344
"CID4461_mix029_depth25",0.0602480412499569,0.333937057063231,0.000113988951853731,0.0767105503009302,0.0187040363456415,0.000122902812534696,0.103705549951295,0.0113413225138665,0.000128981665481604,0.333822612291031
"CID4461_mix030_depth100",0.0680563216643595,0.00118766048039217,0.0317391071157888,0.09647912989083,0.0178763740333415,0.103815946312561,5.58545864083331e-05,0.0182795920536547,5.58545864083281e-05,0.627736562022308
"CID4461_mix030_depth25",0.179800831353529,0.000113988951853732,0.0369626986770621,0.15989820851892,0.0314785671161657,0.191142944664949,0.000113988951853747,0.015760270218356,0.000113988951853732,0.342956354107228
"CID4461_mix031_depth100",0.0379000773310222,0.161716624907851,0.061400599280314,0.120528203341551,0.0197010710812901,0.0828255609285634,0.00011398895185373,0.0184724802698396,0.000113988951853732,0.445734300475283
"CID4461_mix031_depth25",0.137529086872713,0.164813852864363,0.0417246865608121,0.176786028789501,0.0383934035475931,0.144719279926287,0.000232630513987208,0.0165815311073528,0.000232630513987208,0.218941221907722
"CID4461_mix032_depth100",0.015277723883336,0.322366175268697,0.0919301836169473,0.0971183246186545,0.0417222792126434,0.0497744339110703,7.97922662976102e-05,0.0178530011137711,8.28710288891956e-05,0.340772406129285
"CID4461_mix032_depth25",0.0718383129830073,0.333975175774226,0.10738295914278,0.115559130816666,0.0571802997975482,0.0909549693538177,0.000172847113250948,0.0149047777030338,0.000162841359791043,0.182276298062396
"CID4461_mix033_depth100",0.153829270601291,0.003349512524892,0.0291491255135147,5.58545864083281e-05,0.0204930595314142,0.104643844772145,5.5854586408329e-05,0.0131983539125008,5.5854586408329e-05,0.625738267882716
"CID4461_mix033_depth25",0.150591797176381,0.00462761206371097,7.38402083263538e-05,5.58545864083279e-05,0.00648132101146839,0.082942600494271,5.58545864083598e-05,0.00499346069895987,5.58545864083325e-05,0.697411831688347
"CID4461_mix034_depth100",0.0926993927841774,0.129752640462214,0.0547420605212716,0.0065773271070489,0.043259865302113,0.0898928160545191,7.9792266297612e-05,0.0140397863130482,0.00730694523935703,0.508786585058536
"CID4461_mix034_depth25",0.091302612676626,0.107636376770715,0.000153220960615356,0.0462686728325095,0.01439608383271,0.0622386811336616,5.58545864083285e-05,0.00421708251455393,5.58545864083287e-05,0.637295363383519
"CID4461_mix035_depth100",0.0729639270982789,0.26851659494407,0.0658567604050428,0.0172899715728866,0.0552429969765177,0.068531300967698,0.00910812473421757,0.0163542251947607,0.0203954099693473,0.360039049926043
"CID4461_mix035_depth25",0.0030434960697375,0.237411982046216,0.0625083608521451,0.0245348746836404,0.0638509810239161,0.0498919907870022,8.909013010308e-05,0.0063863962703517,0.0173528035987447,0.489851384142154
"CID4461_mix036_depth100",0.0289635867700009,7.97922663165654e-05,0.000131785661009358,0.0164244619761977,0.0534788798631306,0.0252789119442972,0.0030379648371568,0.0147489147179688,7.9792266297613e-05,0.747841144121993
"CID4461_mix036_depth25",0.140799045311235,5.58545864083285e-05,0.000125966327979688,5.58545864083283e-05,5.94680069016015e-05,0.0269731799023644,0.0223677886361199,0.0117610193178842,5.58545864083173e-05,0.711753360829244
"CID4461_mix037_depth100",0.000139706816645583,0.0934230018396766,0.000152964884849026,0.0351510532427201,0.0711490870444264,0.0219710186713317,0.0424973855425828,0.0155078418644273,7.97922662976121e-05,0.631672526533826
"CID4461_mix037_depth25",0.0264622069392997,0.100846956791728,0.000168945324715438,7.97922662976123e-05,0.0819265824076788,0.0180408848718049,0.0263173937508909,0.015881919636565,0.0203608575373663,0.624480924003375
"CID4461_mix038_depth100",9.91045439370705e-05,0.222189624432767,0.0203122196795373,0.0296309683108055,0.0603468780175427,0.0229570292084504,0.0165171659813822,0.0140548740132126,0.0146355039751467,0.525813161053029
"CID4461_mix038_depth25",0.0306800838530544,0.23799235790179,0.000228631997948429,7.97922662976122e-05,0.0588446493260832,0.016766961419203,7.97922662976125e-05,0.0146847108694466,0.0459160048434834,0.537814601094545
"CID4461_mix039_depth100",0.0663215741343439,7.9792266304734e-05,0.0226386463088397,0.0353136833562102,0.0301230594925378,0.116996732973805,0.000922701756084014,0.0174718959811443,7.97922662976113e-05,0.640197934511161
"CID4461_mix039_depth25",0.112972214624968,7.9792266297612e-05,7.97922662976102e-05,0.0534738484416971,0.0175108294803209,0.152513391422781,7.97922662976057e-05,0.0217495061893176,7.9792266297613e-05,0.541083795568629
"CID4461_mix040_depth100",0.0182260709244632,0.229127460880821,0.0670405453749466,0.0437131399559532,0.0340494948509895,0.0767502262510163,0.0283665998695107,0.0195755030551532,0.00266015176056029,0.450453771113351
"CID4461_mix040_depth25",0.0163495979108303,0.244006178501393,0.000173980075026027,0.0481571019466206,0.050787912026352,0.090462943203987,0.000113988951853741,0.0196679551378653,0.000113988951853732,0.479869574789185
"CID4461_mix041_depth100",0.0418562197278254,0.282221228245715,0.078941781300921,0.0127395068306233,0.0279413353263155,0.0643710841762403,0.0215374342797492,0.0187308597418689,0.0810474379442215,0.362328152884782
"CID4461_mix041_depth25",0.0255340227635326,0.253856402674596,0.0108485813934887,0.0335945557491446,0.0392794202380546,0.0702309620996647,0.000113988951853744,0.0213351334135853,0.092203026779436,0.421907088930926
"CID4461_mix042_depth100",0.00601190155100465,0.00372465636952198,0.000205413956673369,0.117768136172506,0.0453349226226416,0.0989563156146799,5.58545864083284e-05,0.0186206650578018,5.58545864083284e-05,0.666469341305232
"CID4461_mix042_depth25",0.000114341050778953,0.00148390529659877,0.000210444620562566,0.105884224998766,0.0683099852220157,0.170116604125621,0.0160643323817464,0.012916496441482,0.000113988951853732,0.583625546038427
"CID4461_mix043_depth100",0.000145367745499343,0.110176094837922,0.00024353609499118,0.107495821273395,0.0527895060808752,0.0798509564959621,5.58545864083266e-05,0.0195958994066138,5.58545864083292e-05,0.604901824692095
"CID4461_mix043_depth25",0.000113988951853733,0.101434215886891,0.000124644839341714,0.0729603824901019,0.086188283135858,0.143846390531403,0.000113988951853732,0.011331686024171,0.0123599749765618,0.526741031156709
"CID4461_mix044_depth100",0.000167506295528124,0.19494386130995,0.0186193569942729,0.0843126624543981,0.0718784684938338,0.0658956145880166,7.9792266297612e-05,0.0193385040190135,0.0357268587270189,0.495884091676645
"CID4461_mix044_depth25",0.00011398895185373,0.156556191613643,0.0166893815047422,0.0583415548227194,0.0955010017476444,0.120376651482477,0.000113988951853729,0.00935615658982298,0.057858875258417,0.440082872089809
"CID4461_mix045_depth100",0.000108801299902712,5.58545864075243e-05,0.0112776482804961,0.127169071764755,0.00593248296869893,0.120168401427637,5.58545864083283e-05,0.0192713814926453,5.58545864083299e-05,0.689782692720479
"CID4461_mix045_depth25",9.25905058317557e-05,5.58545864083285e-05,0.000137073104124087,0.120617949676797,5.58545864083289e-05,0.119515952001019,5.58545864083286e-05,0.0248413011531069,5.58545864083236e-05,0.717884945172556
"CID4461_mix046_depth100",0.000195454319745197,0.0667505833614809,0.0294470809090681,0.116570676327808,0.0150069523966673,0.101714412463408,7.9792266297612e-05,0.0196899839806188,0.0201196653555994,0.621168583601384
"CID4461_mix046_depth25",8.30098120481508e-05,0.0706574771295134,0.000192762968313128,0.093407107384216,5.58545864083276e-05,0.107626218069836,0.0109388568389667,0.0268801902276337,0.0185830009288511,0.661605737203593
"CID4461_mix047_depth100",0.000113988951853733,0.173303942540398,0.0395396455480113,0.135208630959132,0.03281590960785,0.0945863149459361,0.0303707858848217,0.0178282246662223,0.0644167789272065,0.405903567295112
"CID4461_mix047_depth25",0.000113988951853738,0.162858783831039,0.0252935327344008,0.116110208406247,0.0147854738297271,0.0855116992454555,0.0377261106889913,0.0223914884115505,0.0867118629128768,0.475276726183861
"CID4461_mix048_depth100",0.0353754164273568,5.58545863902588e-05,0.000215876809651823,0.0131071002935442,0.0513605006413565,0.122645621739736,5.58545864083289e-05,0.0166240939968923,5.58545864083283e-05,0.725769031206455
"CID4461_mix048_depth25",0.0379255715092843,5.58545864054072e-05,0.00876836033147359,5.58545864083287e-05,0.0756430988005343,0.168274374950555,5.58545864083273e-05,0.0153041592535342,5.58545864083293e-05,0.665768863039447
"CID4461_mix049_depth100",0.00642331849501344,0.0257983094914404,0.0102296016186369,0.0405592226594129,0.0597855077820604,0.11272110672687,7.97922662976125e-05,0.0185236459196978,0.00293649429273692,0.680293645236859
"CID4461_mix049_depth25",0.0163689848997367,0.0266164302540863,0.0177097851297781,0.0285084383353557,0.0701989484777847,0.137798354459065,5.58545864083302e-05,0.0218543414933976,0.00952394517652897,0.639217361832611
"CID4461_mix050_depth100",0.0113353098670661,0.269109858069396,0.0666023773648621,0.0499116180711123,0.054796038792288,0.0854374751713704,0.000113988951853731,0.0191040702220406,0.000113988951853731,0.426539910862152
"CID4461_mix050_depth25",0.000116137789770007,0.250003827303757,0.0791498151060383,0.0209961490975939,0.0873746729551456,0.0995287441216222,0.0534688846684216,0.0225896121788437,0.000113988951853732,0.399789626038768
"CID4461_mix051_depth100",0.0463461664433021,5.58545863983882e-05,0.000306307815325002,0.0211844288933755,0.0228899330730398,0.161631082386349,5.58545864083273e-05,0.0184571429034572,5.58545864083281e-05,0.716198910582381
"CID4461_mix051_depth25",4.67100685495383e-05,2.73687473400809e-05,0.0245106877057754,0.0126135952105881,3.7335541897953e-05,0.13237943132276,2.73687473400812e-05,0.0184237808463803,0.00520893560488513,0.886652291476188
"CID4461_mix052_depth100",0.0313796826038363,0.11830619606037,0.024638145141561,0.0235257439573997,0.0215930182424707,0.142975045605488,5.58545864083285e-05,0.0218351417983389,0.0156502688148819,0.597703860023229
"CID4461_mix052_depth25",6.60304282329577e-05,0.13378387485729,0.0240232111488928,5.92964164504578e-05,0.000585328494605514,0.115776657308424,0.0999463180444868,0.0184491732830888,5.58545864083284e-05,0.6890855623658
"CID4461_mix053_depth100",0.000113988951853731,0.276333048185253,0.0408607338166759,0.0393528335724717,0.0328741373222885,0.123436957321084,0.0276796920524769,0.0196292613539824,0.0568613632254601,0.393844728342415
"CID4461_mix053_depth25",7.97922662976097e-05,0.254946665376439,0.0323282288067204,0.0252197437012678,0.00645103145245082,0.119160161517975,0.117335675321673,0.0158286949695971,0.0455451198118066,0.434411590548502
"CID4461_mix054_depth100",0.059300025679781,5.5854586405802e-05,0.000174068449873869,0.0251669777422444,0.0327503086479508,0.109970446640378,5.58545864083288e-05,0.0167592940081422,5.58545864083281e-05,0.721466767900792
"CID4461_mix054_depth25",0.000236228227755301,0.00145271051594757,9.67283444271158e-05,7.97922662976122e-05,0.0938637644873887,0.119634516732674,0.00794603042068067,0.0147873305347083,0.0172088944939707,0.648886566901121
"CID4461_mix055_depth100",0.000140426603256066,0.016546431617807,0.0131961484363966,0.055080324602541,0.0893402157067382,0.113335947347315,7.97922662976122e-05,0.0187835913153036,0.0142538144945583,0.639464856029704
"CID4461_mix055_depth25",0.00010938729691193,0.0143950378963579,0.000120081928716929,0.0460214396190542,0.128681926147148,0.118209872474062,0.0272821411605869,0.0168541463876585,0.0275812606670924,0.538663687583247
"CID4461_mix056_depth100",0.00316382089994034,0.321198960940423,0.0802149609301343,0.0572252271266938,0.0543086680562006,0.0579779848483976,0.0197200245436989,0.0186478931787425,0.0838197943682992,0.308325860789873
"CID4461_mix056_depth25",0.000113988951853738,0.332517380050221,0.0571502347422229,0.045121609333571,0.0992823200909167,0.0495626015894669,0.0161703707185363,0.014394157516729,0.0815984253716929,0.262541498749407
"CID4461_mix057_depth100",0.0653508423663671,0.00232212223276821,0.0266768071594157,0.0106984575117011,0.0270347956846791,0.137242760333527,5.58545864083285e-05,0.0156065088482613,5.58545864083288e-05,0.670785738904371
"CID4461_mix057_depth25",0.000115579296210386,5.5854586408329e-05,0.00128756197336338,0.0617984063819486,0.0453538913892554,0.15316382231596,5.58545864083437e-05,0.0226122439855705,5.58545864083288e-05,0.693707721748458
"CID4461_mix058_depth100",0.0453080132122932,0.1150640768363,0.0496672084091627,0.0101918014681694,0.0265656033458249,0.10423140702244,7.97922662976132e-05,0.013700149824983,0.033848885184649,0.563848481473958
"CID4461_mix058_depth25",0.000116457525100784,0.139663652968317,0.0123061996707244,0.0165446955560036,0.0481422499198898,0.115143852507155,7.97922662976114e-05,0.0184761313686635,0.0193912302941787,0.600789157605024
"CID4461_mix059_depth100",0.000141373597743873,0.180600362523986,0.0666636791201901,0.0374371581681877,0.0614803750094068,0.105406890405184,0.00011398895185373,0.0172282565916215,0.0591445150068415,0.447994605720209
"CID4461_mix059_depth25",0.000114195582966973,0.187663081953504,0.0445389146492859,0.0127014196258511,0.0896010687696564,0.119690475347559,0.000113988951853731,0.0233133497536865,0.0328544057952235,0.46928139017443
"CID4461_mix060_depth100",0.0324618238922754,7.97922663177963e-05,0.0404279650269291,0.102625347416056,0.0265480806548922,0.211907987134017,7.97922662976119e-05,0.0201330378735705,7.97922662976118e-05,0.551564231708098
"CID4461_mix060_depth25",0.0994052038114377,5.58545864083286e-05,0.025999535058624,0.0810531173940871,8.14716586250017e-05,0.25788387517864,5.5854586408344e-05,0.00584646859587864,5.58545864083269e-05,0.620182186083078
"CID4461_mix061_depth100",0.000162841359791044,0.175553292470707,0.0614731562439424,0.0447155242786941,0.0754647658225858,0.124182634979241,0.000162841359791043,0.0194642799038347,0.112036992995829,0.373173442631696
"CID4461_mix061_depth25",0.000143072578324296,0.198390059217896,0.055602741895808,0.0282121525185,0.0588256498333447,0.147237367849276,0.000113988951853737,0.010586861606894,0.0945939285559841,0.43882867755668
"CID4461_mix062_depth100",0.000162841359791046,0.242732572650285,0.071569680833667,0.0362599073492753,0.0708243560197436,0.112440387408482,0.000162841359791045,0.0194097109436914,0.119135421557631,0.320941356937745
"CID4461_mix062_depth25",0.0412058756073552,0.268130612548492,0.0586236261619952,0.0110657760941149,0.0439322630248598,0.131752519620705,0.00011398895185373,0.0088687915692032,0.0969441769902032,0.371719405843654
"CID4461_mix063_depth100",0.0526857479564454,7.9792266302273e-05,0.0395995329325775,0.11429676951682,0.0312780035516962,0.217662822911836,7.97922662976123e-05,0.0198055651011856,7.97922662976115e-05,0.50338361997527
"CID4461_mix063_depth25",0.15216579919156,7.97922662976122e-05,0.000143715120596145,0.108792504138846,0.0442059164487251,0.246141584622267,0.0234242082982713,0.0168354076356098,7.97922662976135e-05,0.43477786886998
"CID4461_mix064_depth100",0.0238031382070362,0.0405675969242452,0.0485573334596576,0.132659315048622,0.0497360118331331,0.199139628175704,7.97922662976126e-05,0.02140008491721,0.0372837262955376,0.42657215068214
"CID4461_mix064_depth25",0.125258265508813,0.0204363973999618,0.000170959528099069,0.13941271507757,0.0573760589831424,0.228148143694208,0.000113988951853732,0.0218774743005452,0.0634634048848202,0.349700688319401
"CID4461_mix065_depth100",0.000198977399285273,0.117141424261978,0.0421352142785602,0.12588004076521,0.069865832451939,0.17141298592679,0.0345418609606606,0.0207030886274558,0.064459857426196,0.345249780658489
"CID4461_mix065_depth25",0.000307767818017606,0.0855547821764826,0.00707317596998505,0.155830577884955,0.100362190471875,0.184187872769165,0.0564872083434801,0.0225927907710463,0.0675293807802347,0.34350374530608
"CID4461_mix066_depth100",0.0232923313234975,5.58545864393893e-05,0.0132183583187913,0.10770500421371,0.0170963485954705,0.169479474246812,5.58545864083288e-05,0.0182326773022752,5.58545864083281e-05,0.636540090348402
"CID4461_mix066_depth25",0.0918472669576074,0.00455411780595241,0.000261321088717146,0.0801826171570082,0.00549169348629043,0.196340579162878,0.0398937747910723,0.0258661223442829,0.000113988951853734,0.509380489345265
"CID4461_mix067_depth100",0.000109347030802203,0.0690811632293403,0.0248695351935283,0.122665189040391,0.0418769220102744,0.132897969506274,7.97922662976118e-05,0.0177652728250675,0.0204087497815907,0.557301105637111
"CID4461_mix067_depth25",0.00011398895185373,0.0817810794842644,0.0190654849432221,0.0995986423186498,0.0440045834703943,0.162275217899392,0.0987322859066811,0.0226552983947901,0.000113988951853732,0.436810749934906
"CID4461_mix068_depth100",9.04386482528462e-05,0.218932171816431,0.042749727168502,0.0955216415824988,0.05175645734538,0.109062880750654,7.97922662976111e-05,0.0181360102023284,0.00250516239470411,0.457956858914115
"CID4461_mix068_depth25",0.000162841359791053,0.199567602403766,0.0529150109361635,0.118302548376597,0.0337136523993049,0.149175531196583,0.0416157144322811,0.0225249989968668,0.000162841359791042,0.345149568709878
"CID4461_mix069_depth100",0.0526857479564454,7.9792266302273e-05,0.0395995329325775,0.11429676951682,0.0312780035516962,0.217662822911836,7.97922662976123e-05,0.0198055651011856,7.97922662976115e-05,0.50338361997527
"CID4461_mix069_depth25",9.62653591733171e-05,3.90982104858299e-05,0.0640404501279357,0.113868442752799,0.0159366941590978,0.104763940054887,3.90982104858252e-05,0.0184916688112097,3.90982104858294e-05,0.68799352632549
"CID4461_mix070_depth100",0.0331792514664602,0.110442050962222,0.0656901716729827,0.104031371106079,0.0395411535401815,0.189271703197684,0.000113988951853732,0.0188333823176106,0.000113988951853731,0.420471594746041
"CID4461_mix070_depth25",9.03752836134647e-05,0.115915531473308,0.101638073739503,0.0884283357558691,0.0201741671122528,0.0933675057299464,7.97922662976122e-05,0.0167877276489706,7.97922662976112e-05,0.565550644595916
"CID4461_mix071_depth100",0.0489433880564175,0.203008661873751,0.063282714128656,0.0800528866226166,0.0470826410380619,0.154912675965964,0.000113988951853731,0.0183244701864902,0.0105246499051226,0.353487124289747
"CID4461_mix071_depth25",7.97922662976147e-05,0.197847053829207,0.119444841731858,0.054012891087661,0.0491499157398939,0.0776354638418801,7.97922662976118e-05,0.0172061882505933,7.97922662976092e-05,0.464309148855963
"CID4461_mix072_depth100",0.00251992500825538,5.58545863893953e-05,0.0212027144833207,0.115321853044185,0.0322095398513386,0.207162082731678,5.58545864083288e-05,0.0189850137550059,5.585458640833e-05,0.568401525967248
"CID4461_mix072_depth25",0.112440913341456,7.9792266297612e-05,0.000274195555132193,0.133282211037641,0.0535112523121769,0.253782619173162,7.97922662976134e-05,0.0198239140922072,7.97922662976118e-05,0.480670925487405
"CID4461_mix073_depth100",0.000174244870091708,0.20287735595075,0.0538363330672044,0.0847390894437584,0.0367775854255885,0.160812801688871,0.000113988951853732,0.0148964798871399,0.0306128640057493,0.369264388609945
"CID4461_mix073_depth25",0.0778396226121066,0.265066224235779,0.0228672016948358,0.0927214878589336,0.0323510419294564,0.175845105666225,0.000113988951853733,0.0133829486894086,0.0175004981992157,0.30203782862464
"CID4461_mix074_depth100",0.000113988951853731,0.340419639428965,0.0696365617855484,0.0827396400220777,0.031771397461715,0.12330045057132,0.000113988951853732,0.0155977315300344,0.0178880071345102,0.272591915618208
"CID4461_mix074_depth25",0.0686103115160696,0.390591346666959,0.0252468074329947,0.0594265288428977,0.0314561654298451,0.143709126860616,0.000113988951853731,0.0154126797266942,0.0240633741169326,0.216678307893668
"CID4461_mix075_depth100",2.73687473399067e-05,0.866459628556798,0.109921286729422,3.68032540987783e-05,0.0045509473684187,0.00105484633363849,0.0646014929036867,0.0178316921107374,9.57698580917024e-05,0.0111389518935175
"CID4461_mix075_depth25",2.73687473400748e-05,0.838475491648095,0.0600398869565728,2.73687473400815e-05,2.73687473400779e-05,2.73687472905506e-05,0.0642646634646277,0.0180029282545106,0.00013989698001859,0.0177590289377642
"CID4461_mix076_depth100",0.00288528521645169,0.800126032295943,0.111378959140747,0.0177230442000914,0.0134191606275526,0.00540763852671697,0.000113619007755986,0.0145963916946144,0.000218857885812736,0.0297132580850058
"CID4461_mix076_depth25",0.0654882285577713,0.762038659340308,0.0776667653097716,0.0417867807261118,0.015073575274995,0.0268046684531403,7.95132860970475e-05,0.00838507115569022,0.029904939946684,2.73687473400803e-05
"CID4461_mix077_depth100",3.90982104858299e-05,0.781595118481849,0.108024013280855,0.0457451116659472,0.0228768965579243,0.0069885351327374,4.3813195886548e-05,0.0166077950908149,0.0129014513960575,0.024151296354042
"CID4461_mix077_depth25",0.0260189775858284,0.69700828972833,0.0868648249594647,0.0807130594612605,0.0223275207974197,3.90982105697863e-05,6.31323969933761e-05,0.018382721784789,0.0545675039857678,0.0230333964010816
"CID4461_mix078_depth100",5.58545864083283e-05,0.707317723759306,0.11111277529898,0.017163502458737,0.0110978718635974,0.000208677355248774,0.0168384036347092,0.016084248172342,0.118006483612869,0.0451194857687487
"CID4461_mix078_depth25",3.9098210485828e-05,0.703420477433962,0.118306173218148,0.0318798470268941,3.90982104858299e-05,3.90982104858301e-05,0.102045952431673,0.00851736835378372,0.02870154241944,0.0492969591739173
"CID4461_mix079_depth100",0.0204118529753395,0.761100921572077,0.111912294758831,4.59242952479726e-05,2.73687473400822e-05,0.00472229894548446,0.000105580400807105,0.016164105379222,0.108142139833749,0.00990874716209065
"CID4461_mix079_depth25",2.73687473400751e-05,0.701570788113653,0.0716162390770313,2.9423145648822e-05,2.73687473400852e-05,2.73687479127655e-05,0.00395897799454706,0.0158470606018423,0.114772987273035,2.7368747340074e-05
"CID4461_mix080_depth100",0.180686217097308,7.97922663105614e-05,0.0600779357119868,7.97922662976118e-05,0.0652408514933986,0.000146722585761352,7.97922662976111e-05,0.0135188691142669,7.97922662976043e-05,0.606672536018311
"CID4461_mix080_depth25",0.0988376893252005,5.58545860548113e-05,0.000156858947760787,0.03159357656337,0.0138837230529109,0.0366466811363371,0.0730286680996323,0.0227378257263013,5.58545864083016e-05,0.660684250862904
"CID4461_mix081_depth100",0.156147654632224,5.58545864309464e-05,0.0251878532558764,0.0196546225208814,5.5854586408345e-05,5.7082836818685e-05,0.00839554960409307,0.0117598480407379,5.58545864083284e-05,0.72190368416977
"CID4461_mix081_depth25",0.212161626699968,0.00520587274351246,0.000121662096914474,0.0399799201784505,0.000113988951853728,0.000113988951853738,0.000113988951853728,0.00535308958455958,0.000113988951853729,0.583781789565192
"CID4461_mix082_depth100",0.134194676534457,7.97922662920473e-05,0.00886619708490708,0.0187091354508432,0.00258476167501485,7.97922662976161e-05,7.97922662976092e-05,0.0139959373624613,7.97922662976121e-05,0.642489825525749
"CID4461_mix082_depth25",0.0759572513707208,0.00479863989839372,0.0745407686799537,0.000116719421938581,0.000113988951853728,0.000113988951853735,0.151363417595283,0.00366304031204429,0.00011398895185373,0.533885885674049
"CID4461_mix083_depth100",0.1304555886915,0.00431037331342042,0.0101520528761737,5.58545864083285e-05,0.0415485433961005,5.5854586408296e-05,5.58545864083258e-05,0.0152800676543321,5.58545864083402e-05,0.710562236863111
"CID4461_mix083_depth25",0.268754282955785,0.00540551585657259,0.0124955141299493,5.58545864083333e-05,0.0254115365613222,5.58545864083313e-05,5.58545864083265e-05,0.0115653430974157,5.58545864083296e-05,0.59797826083585
"CID4461_mix084_depth100",0.108691434406164,0.00678984900948093,0.0732595859456095,7.97922662976117e-05,7.97922662976126e-05,7.97922662976242e-05,7.97922662976135e-05,0.00890318943560636,7.97922662976118e-05,0.66609902070672
"CID4461_mix084_depth25",0.035347407402021,0.00374475414502652,0.0696702625632642,0.000113988951853732,0.0135610415572638,0.000113988951853732,0.00011398895185373,0.000113988949960259,0.00011398895185373,0.661054575389666
"CID4461_mix085_depth100",0.223656025189114,7.97922662940832e-05,0.0672536289687836,0.0236983000835249,7.97922662976117e-05,0.327762014964131,7.97922662976105e-05,0.021324137867268,7.97922662976114e-05,0.355729425990653
"CID4461_mix085_depth25",0.146047615567474,0.000983260271943809,0.0848865036551728,5.58545864083282e-05,5.58545864083282e-05,0.361088185875017,5.58545864082752e-05,0.0455727823238085,5.58545864083296e-05,0.376579852246107
"CID4461_mix086_depth100",0.0153275928067647,7.97922662976119e-05,0.0225083389324306,0.184654901258627,0.030528988399886,0.174291870090604,7.97922662976118e-05,0.021940878378803,7.97922662976127e-05,0.539500678717293
"CID4461_mix086_depth25",0.0119806074872974,0.00875819041945853,0.000113988951853726,0.144535337487859,0.000113988951853732,0.245050621581444,0.000113988951853731,0.0249842721712879,0.000113988951853732,0.49159494049728
"CID4461_mix087_depth100",0.000127487894193358,5.58545864013154e-05,0.019964538817269,5.58545864083284e-05,0.052596044844762,0.239823606751662,0.00565006372392827,0.0164186415362777,5.5854586408329e-05,0.642170621360795
"CID4461_mix087_depth25",0.000233976248039614,5.58545878227342e-05,6.81185803856858e-05,0.0383041532824877,0.0379161093076215,0.315054666725426,5.58545864082446e-05,0.0118516215512644,5.58545864083283e-05,0.549462510089656
"CID4461_mix088_depth100",0.0405955757430497,7.97922662976118e-05,0.0538279486065747,0.189726509610969,0.0383053457751145,0.108521551810538,0.00572301807717525,0.0234420688231635,7.97922662976099e-05,0.4946580056434
"CID4461_mix088_depth25",0.0432361850526378,7.97922662976503e-05,0.0155922108321003,0.131601382528896,0.0202959869765679,0.115375027604037,0.0880223240689775,0.0282621784146577,7.9792266297614e-05,0.499463743186845
"CID4461_mix089_depth100",0.0151681713146414,7.97922663075314e-05,0.000216228841129414,0.0328832032006034,0.0155336349872209,0.229290519150104,7.97922662976095e-05,0.0180104586226887,7.9792266297613e-05,0.715906048781168
"CID4461_mix089_depth25",0.000117132048523108,0.000583276001643226,0.0937244197809193,0.0735944429064867,0.0392085211168803,0.264805148616548,7.97922662976153e-05,0.025654687384569,7.97922662976115e-05,0.491593261059523
