variant,method,truth,scenario,depth_fraction,cell_type,n_spots,mae_pp,rmse_pp,bias_pp,present_mae_pp,absent_mean_prediction_pct,absent_ge1pct_fraction,report_donor,donor_id,n_present,n_absent
baseline,RCTD,rna,factorial,1.0,CAFs,189,3.6005665483397387,5.499845669869719,-3.2477985867040577,5.382659391546521,0.0363808619261718,0.0,CID4067,,,
baseline,RCTD,rna,factorial,1.0,Cancer Epithelial,189,31.39369497783643,33.29559643747785,-31.39369497783643,31.39369497783643,,,CID4067,,,
baseline,RCTD,rna,factorial,1.0,Normal Epithelial,189,36.323791679757555,37.54185251682,36.323791679757555,,36.32379167975756,0.9947089947089948,CID4067,,,
baseline,RCTD,rna,factorial,1.0,T cells CD8+,189,1.7308994175471055,2.7844809709298124,-1.11706272795378,2.5364758360857182,0.1197465804698789,0.0476190476190476,CID4067,,,
baseline,RCTD,rna,factorial,1.0,Epithelial total,189,5.556158652457983,7.067427721471256,4.930096701921127,5.556158652457983,,,CID4067,,,
donor_balanced,RCTD,rna,factorial,1.0,CAFs,189,2.3536354474463432,3.700653015021573,-0.8130411849629899,3.5110541909516786,0.0387979604356713,0.0,CID4067,,,
donor_balanced,RCTD,rna,factorial,1.0,Cancer Epithelial,189,15.41066653552572,17.052621511262306,-15.29671110395714,15.41066653552572,,,CID4067,,,
donor_balanced,RCTD,rna,factorial,1.0,Normal Epithelial,189,18.24290546154946,19.320536849881325,18.24290546154946,,18.242905461549455,0.9947089947089948,CID4067,,,
donor_balanced,RCTD,rna,factorial,1.0,T cells CD8+,189,1.7993150735835477,2.888827047732195,-1.2924805136010378,2.634879214126478,0.1281867924976856,0.0634920634920634,CID4067,,,
donor_balanced,RCTD,rna,factorial,1.0,Epithelial total,189,3.916162581224739,5.071236290608594,2.9461943575923155,3.916162581224739,,,CID4067,,,
epithelial_split,RCTD,rna,factorial,1.0,CAFs,189,3.489467520942768,5.303545840266475,-3.1148556375319267,5.215021086591457,0.0383603896453869,0.0,CID4067,,,
epithelial_split,RCTD,rna,factorial,1.0,Cancer Epithelial,189,16.71738963445012,18.379690066953145,-16.596043547976215,16.71738963445012,,,CID4067,,,
epithelial_split,RCTD,rna,factorial,1.0,Normal Epithelial,189,21.583794462141956,22.52782092524339,21.583794462141956,,21.583794462141956,0.9894179894179894,CID4067,,,
epithelial_split,RCTD,rna,factorial,1.0,T cells CD8+,189,1.647445801571962,2.6518323664662296,-0.9196895139454936,2.3965797846003185,0.1491778355152469,0.0634920634920634,CID4067,,,
epithelial_split,RCTD,rna,factorial,1.0,Epithelial total,189,5.369483681687677,6.778933433457751,4.987750914165741,5.369483681687677,,,CID4067,,,
balanced_split,RCTD,rna,factorial,1.0,CAFs,189,2.2960115677618083,3.622259387778337,-0.5238649735737385,3.423754678579111,0.0405253461272031,0.0,CID4067,,,
balanced_split,RCTD,rna,factorial,1.0,Cancer Epithelial,189,17.367136402664496,18.90432852636041,-17.336165851162722,17.367136402664496,,,CID4067,,,
balanced_split,RCTD,rna,factorial,1.0,Normal Epithelial,189,19.79055742822262,20.901219161431456,19.79055742822262,,19.79055742822262,0.9947089947089948,CID4067,,,
balanced_split,RCTD,rna,factorial,1.0,T cells CD8+,189,1.7397825654885413,2.7868137967958315,-1.1694440835421889,2.54202978532526,0.1352881258151037,0.0634920634920634,CID4067,,,
balanced_split,RCTD,rna,factorial,1.0,Epithelial total,189,3.5672298797929587,4.656683118590573,2.4543915770598983,3.5672298797929587,,,CID4067,,,
baseline,RCTD,rna,factorial,0.25,CAFs,189,3.4692851422775894,5.327252462359711,-3.2176426556947866,5.178945005289994,0.0499654162527802,0.0,CID4067,,,
baseline,RCTD,rna,factorial,0.25,Cancer Epithelial,189,32.46530147081898,34.655002593990645,-32.46530147081898,32.46530147081898,,,CID4067,,,
baseline,RCTD,rna,factorial,0.25,Normal Epithelial,189,36.75726866901594,38.259992393845245,36.75726866901594,,36.757268669015936,0.9947089947089948,CID4067,,,
baseline,RCTD,rna,factorial,0.25,T cells CD8+,189,1.9616108858474537,3.115839043829679,-1.1965646836819606,2.8855487840965375,0.1137350893492836,0.0634920634920634,CID4067,,,
baseline,RCTD,rna,factorial,0.25,Epithelial total,189,5.228468574396735,6.621971544058414,4.291967198196959,5.228468574396735,,,CID4067,,,
donor_balanced,RCTD,rna,factorial,0.25,CAFs,189,2.254125187791171,3.519235490964233,-0.6134016800195164,3.3531986604272284,0.0559782425190573,0.0,CID4067,,,
donor_balanced,RCTD,rna,factorial,0.25,Cancer Epithelial,189,16.574898354855822,18.43971367976858,-16.499001726969343,16.574898354855822,,,CID4067,,,
donor_balanced,RCTD,rna,factorial,0.25,Normal Epithelial,189,18.82457506730687,20.09530322080468,18.82457506730687,,18.82457506730688,0.9894179894179894,CID4067,,,
donor_balanced,RCTD,rna,factorial,0.25,T cells CD8+,189,2.047357307585409,3.2228957269607843,-1.3072294332988337,3.0136244192055233,0.1148230843451803,0.0317460317460317,CID4067,,,
donor_balanced,RCTD,rna,factorial,0.25,Epithelial total,189,3.9410081535076142,5.1202755859449285,2.3255733403375323,3.9410081535076142,,,CID4067,,,
epithelial_split,RCTD,rna,factorial,0.25,CAFs,189,3.359538611675675,5.149057092777149,-3.083537377029635,5.013371910375502,0.0518720142760167,0.0,CID4067,,,
epithelial_split,RCTD,rna,factorial,0.25,Cancer Epithelial,189,17.871986179146493,19.7121476321501,-17.65331081316084,17.871986179146493,,,CID4067,,,
epithelial_split,RCTD,rna,factorial,0.25,Normal Epithelial,189,22.01968152174348,23.227671825434303,22.01968152174348,,22.01968152174348,0.9947089947089948,CID4067,,,
epithelial_split,RCTD,rna,factorial,0.25,T cells CD8+,189,1.8614690493880843,2.9710651372967294,-0.984902325145214,2.727900689251987,0.1286057696602793,0.0476190476190476,CID4067,,,
epithelial_split,RCTD,rna,factorial,0.25,Epithelial total,189,5.019467419677142,6.335448071108486,4.36637070858264,5.019467419677142,,,CID4067,,,
balanced_split,RCTD,rna,factorial,0.25,CAFs,189,2.1998760564002784,3.4711539600376455,-0.3558362312359591,3.271326134033696,0.0569759011334442,0.0,CID4067,,,
balanced_split,RCTD,rna,factorial,0.25,Cancer Epithelial,189,18.61018056149199,20.323465364270085,-18.61018056149199,18.61018056149199,,,CID4067,,,
balanced_split,RCTD,rna,factorial,0.25,Normal Epithelial,189,20.46950445060464,21.792532654207257,20.46950445060464,,20.469504450604635,0.9947089947089948,CID4067,,,
balanced_split,RCTD,rna,factorial,0.25,T cells CD8+,189,1.9352806139369232,3.1127279306937448,-1.1789914781763204,2.845522071161116,0.1147976994885359,0.0317460317460317,CID4067,,,
balanced_split,RCTD,rna,factorial,0.25,Epithelial total,189,3.666872307526772,4.775935228611683,1.859323889112649,3.666872307526772,,,CID4067,,,
baseline,RCTD,rna,factorial,1.0,B-cells,162,0.2096763020110612,0.5790788962969691,0.2096763020110612,,0.2096763020110612,0.074074074074074,CID4463,CID4463,0.0,162.0
baseline,RCTD,rna,factorial,1.0,CAFs,162,1.2773780118804472,2.143335262852199,-0.7627392076877928,1.9136603624054127,0.0048133108305161,0.0,CID4463,CID4463,108.0,54.0
baseline,RCTD,rna,factorial,1.0,Cancer Epithelial,162,10.262010532956936,11.613485131564095,-10.208019163681673,10.262010532956936,,,CID4463,CID4463,162.0,0.0
baseline,RCTD,rna,factorial,1.0,Cycling T-cells,162,1.376776822106183,3.159496159142533,-0.9237405502865929,6.901552117178328,0.2718217630917541,0.074074074074074,CID4463,CID4463,27.0,135.0
baseline,RCTD,rna,factorial,1.0,Endothelial,162,0.273297498168836,0.874048931835031,-0.2589830642022498,1.6097317474299735,0.0060106483166083,0.0,CID4463,CID4463,27.0,135.0
baseline,RCTD,rna,factorial,1.0,Myeloid,162,0.581263229810815,2.192342067873931,-0.4752439719664755,3.458511073960508,0.0058136609808766,0.0,CID4463,CID4463,27.0,135.0
baseline,RCTD,rna,factorial,1.0,NK cells,162,0.3368516925044105,0.8436274232633293,0.0864677078040894,0.9070524321794904,0.2228115445693945,0.0518518518518518,CID4463,CID4463,27.0,135.0
baseline,RCTD,rna,factorial,1.0,NKT cells,162,0.4175686364954623,0.8716117321047313,0.284053772990762,0.7040636095844525,0.3602696418776643,0.1185185185185185,CID4463,CID4463,27.0,135.0
baseline,RCTD,rna,factorial,1.0,Normal Epithelial,162,12.21462602962043,13.476834094282074,12.21462602962043,,12.21462602962043,0.9629629629629628,CID4463,CID4463,0.0,162.0
baseline,RCTD,rna,factorial,1.0,PVL,162,1.3850587310640874,1.7760754565935188,-0.86938730968819,1.3850587310640874,,,CID4463,CID4463,162.0,0.0
baseline,RCTD,rna,factorial,1.0,Plasmablasts,162,0.0303604954063843,0.0575393318631412,0.0303604954063843,,0.0303604954063843,0.0,CID4463,CID4463,0.0,162.0
baseline,RCTD,rna,factorial,1.0,T cells CD4+,162,1.4275728733524378,2.783685037689858,1.362190086190474,1.7679611690033494,1.3594952142222552,0.3111111111111111,CID4463,CID4463,27.0,135.0
baseline,RCTD,rna,factorial,1.0,T cells CD8+,162,1.126145243568201,1.9062144080495271,-0.6892611265102228,1.651669191763246,0.07509734717811,0.0185185185185185,CID4463,CID4463,108.0,54.0
baseline,RCTD,rna,factorial,1.0,Epithelial total,162,2.4879472194528014,3.2401156443061225,2.0066068659387573,2.4879472194528014,,,CID4463,CID4463,162.0,0.0
donor_balanced,RCTD,rna,factorial,1.0,B-cells,162,0.258565961640592,0.7080090007550587,0.258565961640592,,0.258565961640592,0.074074074074074,CID4463,CID4463,0.0,162.0
donor_balanced,RCTD,rna,factorial,1.0,CAFs,162,1.4004502459076305,2.4464943945967503,0.7681914201995517,2.0982707506388465,0.0048092364451988,0.0,CID4463,CID4463,108.0,54.0
donor_balanced,RCTD,rna,factorial,1.0,Cancer Epithelial,162,2.9478840881852424,3.814461804165683,-1.807464387111705,2.9478840881852424,,,CID4463,CID4463,162.0,0.0
donor_balanced,RCTD,rna,factorial,1.0,Cycling T-cells,162,1.3898911555470392,3.2447702361901496,-1.0158696975079222,7.217282559164885,0.2244128748234702,0.0444444444444444,CID4463,CID4463,27.0,135.0
donor_balanced,RCTD,rna,factorial,1.0,Endothelial,162,0.2557620340267346,0.788603329471341,-0.2460080359369857,1.505310209891161,0.0058523988538493,0.0,CID4463,CID4463,27.0,135.0
donor_balanced,RCTD,rna,factorial,1.0,Myeloid,162,0.5880976467065303,2.2232031981768836,-0.4723434107162464,3.4964122161091686,0.0064347328260026,0.0,CID4463,CID4463,27.0,135.0
donor_balanced,RCTD,rna,factorial,1.0,NK cells,162,0.3863740207848886,0.9181299936605076,0.1074586039539746,1.005329546291964,0.2625829156834736,0.0592592592592592,CID4463,CID4463,27.0,135.0
donor_balanced,RCTD,rna,factorial,1.0,NKT cells,162,0.4111524440773986,0.8190207529389965,0.2575633615598594,0.665008571149928,0.3603812186628927,0.1259259259259259,CID4463,CID4463,27.0,135.0
donor_balanced,RCTD,rna,factorial,1.0,Normal Epithelial,162,2.9687734358049047,4.002994466290351,2.9687734358049047,,2.9687734358049047,0.7160493827160493,CID4463,CID4463,0.0,162.0
donor_balanced,RCTD,rna,factorial,1.0,PVL,162,1.5489216029923825,1.92706199343082,-1.3278138936175372,1.5489216029923825,,,CID4463,CID4463,162.0,0.0
donor_balanced,RCTD,rna,factorial,1.0,Plasmablasts,162,0.0159887989653965,0.0324591198025169,0.0159887989653965,,0.0159887989653965,0.0,CID4463,CID4463,0.0,162.0
donor_balanced,RCTD,rna,factorial,1.0,T cells CD4+,162,1.4788870499779176,2.7974722037827866,1.4058181379512182,1.967084145911296,1.3812476307912422,0.3259259259259259,CID4463,CID4463,27.0,135.0
donor_balanced,RCTD,rna,factorial,1.0,T cells CD8+,162,1.2383087874765406,2.0463956296485923,-0.9128602951851,1.8283930481662811,0.0581402660970594,0.0185185185185185,CID4463,CID4463,108.0,54.0
donor_balanced,RCTD,rna,factorial,1.0,Epithelial total,162,2.000736728505057,2.7436990641750083,1.1613090486931994,2.000736728505057,,,CID4463,CID4463,162.0,0.0
epithelial_split,RCTD,rna,factorial,1.0,B-cells,162,0.2364971589571184,0.6309979169373617,0.2364971589571184,,0.2364971589571184,0.0679012345679012,CID4463,CID4463,0.0,162.0
epithelial_split,RCTD,rna,factorial,1.0,CAFs,162,1.194834324485655,2.0153074127819117,-0.6389036100485846,1.7893476575682137,0.0058076583205379,0.0,CID4463,CID4463,108.0,54.0
epithelial_split,RCTD,rna,factorial,1.0,Cancer Epithelial,162,2.632320288916675,3.357164947728213,-1.101358310744295,2.632320288916675,,,CID4463,CID4463,162.0,0.0
epithelial_split,RCTD,rna,factorial,1.0,Cycling T-cells,162,1.3898104449214252,3.624278819708728,-1.3693784161829228,8.277566583313044,0.0122592172431014,0.0,CID4463,CID4463,27.0,135.0
epithelial_split,RCTD,rna,factorial,1.0,Endothelial,162,0.2774501719814895,0.8488674919398602,-0.2622873074747139,1.632165197985345,0.0065071667807183,0.0,CID4463,CID4463,27.0,135.0
epithelial_split,RCTD,rna,factorial,1.0,Myeloid,162,0.5698896237288414,2.150724257498626,-0.4449895575299335,3.3868750328091943,0.006492541912771,0.0,CID4463,CID4463,27.0,135.0
epithelial_split,RCTD,rna,factorial,1.0,NK cells,162,0.3566880964203337,0.934285083517989,0.0708902372573762,0.9978341893532782,0.2284588778337448,0.0444444444444444,CID4463,CID4463,27.0,135.0
epithelial_split,RCTD,rna,factorial,1.0,NKT cells,162,0.4519223047262767,0.9714496259523246,0.339755447590376,0.6615719845784611,0.4099923687558398,0.1185185185185185,CID4463,CID4463,27.0,135.0
epithelial_split,RCTD,rna,factorial,1.0,Normal Epithelial,162,2.9063952839214338,3.9532376072789472,2.9063952839214338,,2.9063952839214338,0.7222222222222222,CID4463,CID4463,0.0,162.0
epithelial_split,RCTD,rna,factorial,1.0,PVL,162,1.193469000818336,1.6007108087285755,-0.5510417198375452,1.193469000818336,,,CID4463,CID4463,162.0,0.0
epithelial_split,RCTD,rna,factorial,1.0,Plasmablasts,162,0.0286687236545389,0.0537320507757738,0.0286687236545389,,0.0286687236545388,0.0,CID4463,CID4463,0.0,162.0
epithelial_split,RCTD,rna,factorial,1.0,T cells CD4+,162,1.4378435770402482,2.7898101544889604,1.3515613874591963,1.747894037181236,1.3758334850120504,0.3185185185185185,CID4463,CID4463,27.0,135.0
epithelial_split,RCTD,rna,factorial,1.0,T cells CD8+,162,1.0785777964575909,1.8396052041735067,-0.565809317022043,1.5802304191350065,0.0752725511027602,0.0185185185185185,CID4463,CID4463,108.0,54.0
epithelial_split,RCTD,rna,factorial,1.0,Epithelial total,162,2.1713812523080622,2.936081249144661,1.8050369731771387,2.1713812523080622,,,CID4463,CID4463,162.0,0.0
balanced_split,RCTD,rna,factorial,1.0,B-cells,162,0.2947317722177803,0.7954508387092118,0.2947317722177803,,0.2947317722177803,0.0802469135802469,CID4463,CID4463,0.0,162.0
balanced_split,RCTD,rna,factorial,1.0,CAFs,162,1.662698399998554,2.8897170423021143,1.274507896533884,2.4911437276420685,0.0058077447115259,0.0,CID4463,CID4463,108.0,54.0
balanced_split,RCTD,rna,factorial,1.0,Cancer Epithelial,162,4.368904887592034,5.3449082987901155,-4.020823335520942,4.368904887592034,,,CID4463,CID4463,162.0,0.0
balanced_split,RCTD,rna,factorial,1.0,Cycling T-cells,162,1.4136455146691178,3.6604655548648704,-1.3768231999025893,8.371406143715122,0.022093388859917,0.0074074074074074,CID4463,CID4463,27.0,135.0
balanced_split,RCTD,rna,factorial,1.0,Endothelial,162,0.227449416088582,0.7059202598998109,-0.2054103224831009,1.3322073606342597,0.0064978271794464,0.0,CID4463,CID4463,27.0,135.0
balanced_split,RCTD,rna,factorial,1.0,Myeloid,162,0.5738408136978793,2.1469744937697297,-0.4336182635378963,3.4066648253606093,0.0072760113653335,0.0,CID4463,CID4463,27.0,135.0
balanced_split,RCTD,rna,factorial,1.0,NK cells,162,0.3867989950365224,0.9644672954631504,0.1376338423847677,0.945563161808818,0.2750461616820633,0.074074074074074,CID4463,CID4463,27.0,135.0
balanced_split,RCTD,rna,factorial,1.0,NKT cells,162,0.4419559449922796,0.9137477484327152,0.3159997117715015,0.6263241110796244,0.4050823117748107,0.1259259259259259,CID4463,CID4463,27.0,135.0
balanced_split,RCTD,rna,factorial,1.0,Normal Epithelial,162,4.418341637412518,5.519331161422013,4.418341637412518,,4.418341637412518,0.8271604938271605,CID4463,CID4463,0.0,162.0
balanced_split,RCTD,rna,factorial,1.0,PVL,162,1.5543605538410532,1.925343677185436,-1.262866145799272,1.5543605538410532,,,CID4463,CID4463,162.0,0.0
balanced_split,RCTD,rna,factorial,1.0,Plasmablasts,162,0.0156413451360129,0.0304574287417825,0.0156413451360129,,0.0156413451360129,0.0,CID4463,CID4463,0.0,162.0
balanced_split,RCTD,rna,factorial,1.0,T cells CD4+,162,1.678670331478876,3.1276931464136655,1.6424076345302423,2.0055265270774725,1.613299092359157,0.362962962962963,CID4463,CID4463,27.0,135.0
balanced_split,RCTD,rna,factorial,1.0,T cells CD8+,162,1.191092006281383,1.9905740250560795,-0.7997225727428989,1.7560711553406363,0.0611337081628767,0.0185185185185185,CID4463,CID4463,108.0,54.0
balanced_split,RCTD,rna,factorial,1.0,Epithelial total,162,1.8426732133089028,2.5381244987820963,0.3975183018915768,1.8426732133089028,,,CID4463,CID4463,162.0,0.0
baseline,RCTD,rna,factorial,0.25,B-cells,162,0.2630357836362837,0.7607755142415382,0.2630357836362837,,0.2630357836362837,0.0802469135802469,CID4463,CID4463,0.0,162.0
baseline,RCTD,rna,factorial,0.25,CAFs,162,1.399982671440962,2.337973076652122,-0.9648452147440488,2.0959794390337,0.0079891362554868,0.0,CID4463,CID4463,108.0,54.0
baseline,RCTD,rna,factorial,0.25,Cancer Epithelial,162,12.541824342560435,13.832571908266653,-12.51804452036196,12.541824342560435,,,CID4463,CID4463,162.0,0.0
baseline,RCTD,rna,factorial,0.25,Cycling T-cells,162,1.3812248792951916,3.1768185294419697,-0.7293546578579981,6.349109299227762,0.3876479953086775,0.0962962962962963,CID4463,CID4463,27.0,135.0
baseline,RCTD,rna,factorial,0.25,Endothelial,162,0.3382023491080829,1.0176958325168872,-0.268596895007711,1.8596097471823771,0.0339208694932239,0.0074074074074074,CID4463,CID4463,27.0,135.0
baseline,RCTD,rna,factorial,0.25,Myeloid,162,0.5689722538214834,2.1430095225251407,-0.421293743635279,3.3745858217837355,0.007849540229033,0.0,CID4463,CID4463,27.0,135.0
baseline,RCTD,rna,factorial,0.25,NK cells,162,0.4402129517589441,0.9643714253746278,0.17129261353029,1.1028906940459224,0.3076774033015484,0.0962962962962963,CID4463,CID4463,27.0,135.0
baseline,RCTD,rna,factorial,0.25,NKT cells,162,0.4766860690347345,1.0288131538547376,0.311567797372291,0.698540763120807,0.43231513021752,0.1185185185185185,CID4463,CID4463,27.0,135.0
baseline,RCTD,rna,factorial,0.25,Normal Epithelial,162,14.017706287536145,15.219749721999063,14.017706287536145,,14.01770628753614,0.9876543209876544,CID4463,CID4463,0.0,162.0
baseline,RCTD,rna,factorial,0.25,PVL,162,1.4771627923506343,2.0050390834916305,-0.4239371715924925,1.4771627923506343,,,CID4463,CID4463,162.0,0.0
baseline,RCTD,rna,factorial,0.25,Plasmablasts,162,0.0641506827137234,0.1261680503094855,0.0641506827137234,,0.0641506827137234,0.0,CID4463,CID4463,0.0,162.0
baseline,RCTD,rna,factorial,0.25,T cells CD4+,162,1.563634254486982,2.9386772595669086,1.3535830378238494,1.9437377234318052,1.4876135606980176,0.3333333333333333,CID4463,CID4463,27.0,135.0
baseline,RCTD,rna,factorial,0.25,T cells CD8+,162,1.2950003468555191,2.1345546267498605,-0.8552639994130916,1.908565282173187,0.0678704762201821,0.0185185185185185,CID4463,CID4463,108.0,54.0
baseline,RCTD,rna,factorial,0.25,Epithelial total,162,2.3940697981177927,3.116397525902758,1.4996617671741823,2.3940697981177927,,,CID4463,CID4463,162.0,0.0
donor_balanced,RCTD,rna,factorial,0.25,B-cells,162,0.2966780452440797,0.8213051863394465,0.2966780452440797,,0.2966780452440797,0.0987654320987654,CID4463,CID4463,0.0,162.0
donor_balanced,RCTD,rna,factorial,0.25,CAFs,162,1.4284026742262668,2.451361837239849,0.8637580835829759,2.138557020221554,0.0080939822356932,0.0,CID4463,CID4463,108.0,54.0
donor_balanced,RCTD,rna,factorial,0.25,Cancer Epithelial,162,4.956989402775534,5.978916160337891,-4.338840507539394,4.956989402775534,,,CID4463,CID4463,162.0,0.0
donor_balanced,RCTD,rna,factorial,0.25,Cycling T-cells,162,1.4168234648855644,3.276956213490392,-0.8091667364652946,6.677970604052577,0.3645940370521618,0.074074074074074,CID4463,CID4463,27.0,135.0
donor_balanced,RCTD,rna,factorial,0.25,Endothelial,162,0.3002814674258357,0.9041802615015788,-0.2518543105004488,1.6832110788426036,0.023695545142482,0.0074074074074074,CID4463,CID4463,27.0,135.0
donor_balanced,RCTD,rna,factorial,0.25,Myeloid,162,0.5719582404932674,2.1026421067869596,-0.40212766118019,3.37713989235612,0.0109219101206968,0.0,CID4463,CID4463,27.0,135.0
donor_balanced,RCTD,rna,factorial,0.25,NK cells,162,0.4942380952230368,1.0564631486601812,0.1916764375396519,1.1751818404509378,0.3580493461774566,0.1185185185185185,CID4463,CID4463,27.0,135.0
donor_balanced,RCTD,rna,factorial,0.25,NKT cells,162,0.4756894461142268,0.9541466588000084,0.2644538760326324,0.7705239952228378,0.4167225362925046,0.1407407407407407,CID4463,CID4463,27.0,135.0
donor_balanced,RCTD,rna,factorial,0.25,Normal Epithelial,162,5.066310304592253,6.25413053522055,5.066310304592253,,5.066310304592254,0.8580246913580247,CID4463,CID4463,0.0,162.0
donor_balanced,RCTD,rna,factorial,0.25,PVL,162,1.5757271750318973,1.9641642968341808,-1.1893929568953985,1.5757271750318973,,,CID4463,CID4463,162.0,0.0
donor_balanced,RCTD,rna,factorial,0.25,Plasmablasts,162,0.0345103574711742,0.0684942337441671,0.0345103574711742,,0.0345103574711742,0.0,CID4463,CID4463,0.0,162.0
donor_balanced,RCTD,rna,factorial,0.25,T cells CD4+,162,1.515294142877074,2.8414395602734728,1.3172491393172392,2.0031978766353977,1.4177133961254094,0.3333333333333333,CID4463,CID4463,27.0,135.0
donor_balanced,RCTD,rna,factorial,0.25,T cells CD8+,162,1.336761830098978,2.1871974975257817,-1.0432540711992817,1.987337026678588,0.0356114369397581,0.0,CID4463,CID4463,108.0,54.0
donor_balanced,RCTD,rna,factorial,0.25,Epithelial total,162,2.2048043002948368,2.95595565077219,0.7274697970528602,2.2048043002948368,,,CID4463,CID4463,162.0,0.0
epithelial_split,RCTD,rna,factorial,0.25,B-cells,162,0.2901343352139021,0.8140618081207345,0.2901343352139021,,0.2901343352139022,0.0864197530864197,CID4463,CID4463,0.0,162.0
epithelial_split,RCTD,rna,factorial,0.25,CAFs,162,1.296133774346095,2.080586559814593,-0.7025683090293166,1.937317715529656,0.013765891978972,0.0,CID4463,CID4463,108.0,54.0
epithelial_split,RCTD,rna,factorial,0.25,Cancer Epithelial,162,3.901441152835193,4.834093633831663,-3.070422899016166,3.901441152835193,,,CID4463,CID4463,162.0,0.0
epithelial_split,RCTD,rna,factorial,0.25,Cycling T-cells,162,1.301373436643504,3.381681433295574,-1.221397617395555,7.568313162117179,0.0479854915487693,0.0148148148148148,CID4463,CID4463,27.0,135.0
epithelial_split,RCTD,rna,factorial,0.25,Endothelial,162,0.3201651931810521,0.9674808274358764,-0.2724231539339108,1.8096196360415688,0.0222743046089488,0.0074074074074074,CID4463,CID4463,27.0,135.0
epithelial_split,RCTD,rna,factorial,0.25,Myeloid,162,0.5626897038657217,2.1259266036469944,-0.3952458688984158,3.3310121809215665,0.0090252084545528,0.0,CID4463,CID4463,27.0,135.0
epithelial_split,RCTD,rna,factorial,0.25,NK cells,162,0.4381091608182446,0.9932467055116856,0.1382769612931086,1.1495063447197034,0.2958297240379529,0.0888888888888888,CID4463,CID4463,27.0,135.0
epithelial_split,RCTD,rna,factorial,0.25,NKT cells,162,0.5102141108589751,1.1255043327063958,0.3756661929425156,0.6429058773618166,0.4836757575584067,0.1407407407407407,CID4463,CID4463,27.0,135.0
epithelial_split,RCTD,rna,factorial,0.25,Normal Epithelial,162,4.44674129528254,5.584339084153382,4.44674129528254,,4.446741295282539,0.8148148148148148,CID4463,CID4463,0.0,162.0
epithelial_split,RCTD,rna,factorial,0.25,PVL,162,1.3815023775452369,1.932584731312707,-0.2572421059975572,1.3815023775452369,,,CID4463,CID4463,162.0,0.0
epithelial_split,RCTD,rna,factorial,0.25,Plasmablasts,162,0.0618745232451486,0.1203029534024591,0.0618745232451486,,0.0618745232451486,0.0,CID4463,CID4463,0.0,162.0
epithelial_split,RCTD,rna,factorial,0.25,T cells CD4+,162,1.578223622657889,2.9529108138960893,1.3415957071810802,1.9497182485985136,1.5039246974697638,0.2962962962962963,CID4463,CID4463,27.0,135.0
epithelial_split,RCTD,rna,factorial,0.25,T cells CD8+,162,1.2416054856484309,2.0335628247511663,-0.7349890608873655,1.8394388748687067,0.0459387072078783,0.0,CID4463,CID4463,108.0,54.0
epithelial_split,RCTD,rna,factorial,0.25,Epithelial total,162,2.135085296891728,2.8273693394326544,1.376318396266374,2.135085296891728,,,CID4463,CID4463,162.0,0.0
balanced_split,RCTD,rna,factorial,0.25,B-cells,162,0.3419504460374754,0.9633700896617556,0.3419504460374754,,0.3419504460374753,0.1049382716049382,CID4463,CID4463,0.0,162.0
balanced_split,RCTD,rna,factorial,0.25,CAFs,162,1.7336147167262188,2.9545140463796065,1.3861768030242456,2.5966551335013586,0.0075338831759386,0.0,CID4463,CID4463,108.0,54.0
balanced_split,RCTD,rna,factorial,0.25,Cancer Epithelial,162,6.9830873920430845,8.042867795655981,-6.865000472035925,6.9830873920430845,,,CID4463,CID4463,162.0,0.0
balanced_split,RCTD,rna,factorial,0.25,Cycling T-cells,162,1.375898269904661,3.460841908838383,-1.20252085240117,7.735257366917491,0.1040264505020942,0.0296296296296296,CID4463,CID4463,27.0,135.0
balanced_split,RCTD,rna,factorial,0.25,Endothelial,162,0.2828629708043081,0.8350342005050995,-0.2105644562202719,1.557234170522466,0.0279887308606765,0.0074074074074074,CID4463,CID4463,27.0,135.0
balanced_split,RCTD,rna,factorial,0.25,Myeloid,162,0.5639176282698973,2.06645619719738,-0.3677156028281408,3.3242858319206428,0.011843987539748,0.0,CID4463,CID4463,27.0,135.0
balanced_split,RCTD,rna,factorial,0.25,NK cells,162,0.5023879990091137,1.0805941518722542,0.2063044481529314,1.206047827316731,0.3616560333475901,0.1111111111111111,CID4463,CID4463,27.0,135.0
balanced_split,RCTD,rna,factorial,0.25,NKT cells,162,0.5105584457808299,1.0751440459978476,0.3362480099430933,0.6992710255883097,0.4728159298193339,0.1481481481481481,CID4463,CID4463,27.0,135.0
balanced_split,RCTD,rna,factorial,0.25,Normal Epithelial,162,6.819372725319285,8.028109000142077,6.819372725319285,,6.819372725319285,0.9506172839506172,CID4463,CID4463,0.0,162.0
balanced_split,RCTD,rna,factorial,0.25,PVL,162,1.5558135240312307,1.957683794899705,-1.100823033612526,1.5558135240312307,,,CID4463,CID4463,162.0,0.0
balanced_split,RCTD,rna,factorial,0.25,Plasmablasts,162,0.0351449313341079,0.0704621474860712,0.0351449313341079,,0.0351449313341079,0.0,CID4463,CID4463,0.0,162.0
balanced_split,RCTD,rna,factorial,0.25,T cells CD4+,162,1.7600363422853598,3.2220094896802793,1.556777772742974,2.1798663776672824,1.6760703352089752,0.3777777777777777,CID4463,CID4463,27.0,135.0
balanced_split,RCTD,rna,factorial,0.25,T cells CD8+,162,1.287668944412778,2.087854416373052,-0.9353507194560772,1.911557201725596,0.0398924297871418,0.0,CID4463,CID4463,108.0,54.0
balanced_split,RCTD,rna,factorial,0.25,Epithelial total,162,2.10590632038908,2.8231575113760647,-0.0456277467166399,2.10590632038908,,,CID4463,CID4463,162.0,0.0
