donor_id,reference_label,review_group,EPCAM,KRT8,KRT18,KRT19,CD3D,CD3E,TRAC,CD8A,CD8B,COL1A1,COL1A2,DCN,LUM,RGS5,CSPG4,MCAM,PECAM1,VWF
CID4067,B-cells,other,0.0,0.0,0.10504082562794022,0.0,0.0,0.0,0.1783405072861839,0.0,0.0,0.0,0.0901104786095947,0.0,0.040621980695444246,0.0,0.0,0.0,0.0,0.0
CID4067,CAFs,flagged,0.0,0.0,0.0,0.0,0.0,0.0,0.0,0.0,0.0,3.6050908492742835,3.2036614754020816,3.6520565030788354,3.358300234507122,0.0,0.0,0.0,0.0,0.0
CID4067,CAFs,other,0.0,0.005318429213272947,0.03237650673483922,0.0,0.0,0.0,0.08276174313460441,0.0,0.010377228998359562,4.741119092882086,4.742893572876042,3.6251317258876354,3.6940613653731456,0.03203565553908355,0.05522990674505008,0.010520095909355036,0.0,0.0
CID4067,Cancer Epithelial,other,0.6271199122469797,2.0147499554826434,2.02524390647667,1.7676263770724752,0.007219683271764713,0.007880015299592175,0.008493766387891023,0.002041992448595976,0.003577986835003605,0.019867338491863246,0.009548676159079636,0.004916208979021275,0.0035689661072913835,0.015356216062841889,0.00138562067523189,0.0,0.006285766762675139,0.006744080689990863
CID4067,Cycling T-cells,other,0.0,0.0,0.0,0.0,1.5446404393793127,0.7451764195242814,1.1578601885059203,1.2194665246741947,0.0,0.0,0.0,0.0,0.0,0.0,0.0,0.0,0.0,0.0
CID4067,Endothelial,flagged,0.0,0.0,0.07579302633940835,0.0,0.0,0.0,0.0,0.0,0.0,0.0,0.29270765043037555,0.0,0.0,0.37319125390931945,0.0,0.0,0.9136200659062299,1.4808749748319137
CID4067,Endothelial,other,0.02469265977105827,0.09603783190408079,0.1243819043166454,0.0,0.003000244626987856,0.0,0.008169377682552319,0.0,0.0,0.024580584264892704,0.017790028845642264,0.0,0.0,0.03684373251278948,0.0,0.3764548555391434,1.3990361457933966,1.6596123871725523
CID4067,Myeloid,flagged,0.05257507628793189,0.2825487873467565,0.2339430325034442,0.0,0.0,0.0,0.0,0.0,0.0,0.164880919776417,0.0,0.0,0.07648724886714639,0.0,0.0,0.0,0.517337511877168,0.12770192488450766
CID4067,Myeloid,other,0.0,0.005115738003546012,0.027155304402423266,0.0,0.0,0.0,0.007374828832093178,0.006895957177440903,0.0,0.03777936383828329,0.0327505873021234,0.01313568239370888,0.01270993898649729,0.009241682329744918,0.0,0.003966755280338834,0.16269591467072753,0.005172756992152139
CID4067,NK cells,flagged,0.0,0.0,0.0,0.0,0.0,0.0,0.0,0.0,0.0,0.0,0.0,0.0,0.0,0.0,0.0,0.0,0.0,0.0
CID4067,NK cells,other,0.0,0.0,0.0,0.048735185546020424,0.0902168125717874,0.2337709515187304,0.17205903766423677,0.047843218597708875,0.0,0.0,0.0,0.0,0.0,0.0,0.0,0.0,0.05160227999630696,0.0
CID4067,NKT cells,other,0.0,0.0,0.0,0.0,0.8939701124713824,0.8232373377150416,0.23585943877219698,0.30264525077278265,0.12322715537266259,0.05668848627637391,0.0,0.0,0.0,0.0,0.0,0.0,0.0,0.0
CID4067,PVL,flagged,0.0,0.0,0.11949480849823266,0.0799263313295568,0.0,0.0,0.0,0.0,0.0,2.0482478802590127,2.788528147052168,0.7646223094743007,0.42670387544478655,3.377123639389845,1.5746397291997531,1.4607553467271162,0.0799263313295568,0.0
CID4067,PVL,other,0.021666289379897657,0.08848877737125929,0.07781466265785235,0.02058943944264039,0.0,0.0,0.0,0.0,0.0,0.9219108087166388,0.9233018408792988,0.39903034946259414,0.2128575265609366,2.024898902121921,0.3009042748813113,0.8696078575979285,0.0,0.0
CID4067,T cells CD4+,flagged,0.0,0.0,0.0,0.0,1.0860400215544617,1.6248911488874678,0.5620548909367712,0.0,0.18977219261576075,0.0,0.0,0.0,0.0,0.0,0.0,0.0,0.0,0.0
CID4067,T cells CD4+,other,0.0,0.018531145735717385,0.016978336423254827,0.018048398472228885,0.9678209211653831,1.3835428887020202,0.428726580806631,0.06931326678001333,0.06075795915818962,0.006472906045572377,0.006336210054800941,0.0,0.0,0.0,0.0,0.0,0.008000789406504455,0.0
CID4067,T cells CD8+,flagged,0.0,0.0,0.33212295539798375,0.0,1.4462395406926125,1.2200817219072588,0.0,0.6098749644907757,1.3575016025306317,0.0,0.0,0.0,0.0,0.0,0.0,0.0,0.0,0.0
CID4067,T cells CD8+,other,0.009806043028831974,0.0,0.03006431048026877,0.010844088812238358,1.1524200108210585,1.5204236386962071,0.5084079958802546,0.9858602182269552,0.7372016399655691,0.010144037947991968,0.008919572157705159,0.0,0.0,0.0,0.0,0.0,0.03295482157531584,0.0
CID4471,B-cells,flagged,0.0,0.46345012036619876,0.4112478653125977,0.8668921756316728,0.0,0.0,0.4787187562209165,0.0,0.0,0.20024824388695278,0.1619512467721546,0.3061816353079026,0.0,0.0,0.0,0.0,0.2562572225133498,0.4153357969151167
CID4471,B-cells,other,0.015600832536437662,0.05236256374927006,0.15962899258613003,0.03409870670581133,0.0,0.015316940294013995,0.1876139470410345,0.0,0.0,0.39566567796511404,0.20453409789084526,0.29719963870555366,0.09535801976569176,0.1372277713813671,0.0,0.03295135171264017,0.1888856301665306,0.08583280838442563
CID4471,CAFs,flagged,0.0,0.1976354030026688,0.13305676962123614,0.3605182929083142,0.0,0.0,0.0,0.0,0.0,3.046216682503183,3.0742991393656753,4.213885359368911,2.4819239680110856,0.23975973861312444,0.04575555736044876,0.14642407122652146,0.29269099816849037,0.12905540888943748
CID4471,CAFs,other,0.020555345509598134,0.0839083549468539,0.1206228523833187,0.10773237761557874,0.0033164422284906537,0.008983574124883634,0.07399784332084865,0.0024988910930318488,0.029976093759335822,3.3186183949696018,3.181473615041691,4.224187222520289,3.041795902264506,0.09804779520746869,0.022428160335108284,0.024490149147764255,0.09154492820956876,0.07601695036535247
CID4471,Cancer Epithelial,other,0.6820670762422203,2.0664049968912837,2.6819505164031967,3.7379594370216895,0.008116914681696633,0.01825332993760894,0.004700820515198427,0.009743811584049083,0.0024369126328683804,0.31034681960961286,0.10936575607329435,0.19230685714310816,0.10207219220579014,0.07804934663124585,0.010951429502791706,0.031024972803815564,0.04443391225861454,0.045217155267005336
CID4471,Cycling T-cells,other,0.20844509980544734,0.3756723121318651,0.0,0.0,0.9182457679110472,0.8395146276859049,0.5223700696203821,0.0,0.0,0.9802475297160882,0.8133097378841141,1.2629598307238075,0.8965019960023488,0.10948319939736982,0.0,0.3756723121318651,0.613235820081307,0.0
CID4471,Endothelial,flagged,0.021094054848317677,0.11150332185558558,0.28599022620412334,0.14274094017403968,0.0,0.017363912536402105,0.002885126957090953,0.010124627839313352,0.0,0.5745485299476045,0.488535390819694,0.43472313375704863,0.1664840258454119,1.1386087432418923,0.035122742128132795,0.6027838488216781,2.016960261077096,2.285242553347636
CID4471,Endothelial,other,0.04782588603876131,0.15039231739066328,0.29396472811208607,0.12145840133046457,0.002739147804214731,0.005286830380512347,0.003407978712088321,0.0016867058599290652,0.0006049568527225151,0.3198855102156584,0.18059307698779775,0.25437521741477936,0.1148865967823369,0.31686145955975864,0.0041038805140197745,0.40080329679152177,2.0738082024266444,2.0428305596264686
CID4471,Myeloid,flagged,0.0,0.07889457657784699,0.11402502869420421,0.1539182284811682,0.0,0.0,0.0,0.0,0.0,0.5482312574660609,0.42838792319332225,0.28671592963666076,0.0,0.0,0.0,0.0,0.38234211374426885,0.2168867523809331
CID4471,Myeloid,other,0.012786068683809474,0.12515707563623982,0.11212584082199306,0.11540805520515827,0.0,0.011932843783699463,0.0,0.0,0.0,0.3955239451211693,0.1891327939217387,0.26984339162838245,0.1422900377755492,0.10003468504468348,0.0011890694335318494,0.04110707422873184,0.4819145639867784,0.14789365065944482
CID4471,NK cells,flagged,0.0,0.0,2.2670116995150567,0.0,0.0,2.2670116995150567,0.0,0.0,0.0,3.2940410728075165,0.0,0.0,0.0,0.0,0.0,0.0,0.0,0.0
CID4471,NK cells,other,0.0,0.16555002842783506,0.31164497709480615,0.1432366815635725,0.06360277823474474,0.7945875445792057,0.2532888417278622,0.1392252451480007,0.0,0.6249063257257363,0.2132071809517423,0.43663078577289893,0.2100827137539705,0.07971154925910219,0.0,0.0,0.0,0.06281159424803553
CID4471,NKT cells,flagged,0.0,0.0,0.0,0.0,0.0,0.0,0.0,0.0,0.0,0.0,0.0,0.0,0.0,0.0,0.0,0.0,0.0,0.0
CID4471,NKT cells,other,0.0,0.2501162772943564,0.14981960235314465,0.23860162533448914,0.46903404345353916,0.6622288194800363,0.15215689573888816,0.4358934284686662,0.19648983411581603,0.19658990565971854,0.07783355062164476,0.22257443141650382,0.15088583385290777,0.1732439568053715,0.0,0.14976765823118182,0.17076992290625195,0.08362698445454317
CID4471,Normal Epithelial,flagged,0.6175126601797608,1.3805275061376807,2.160964405822026,1.9382998787427155,0.0,0.08845278834401425,0.07492382730204145,0.0,0.0,0.35518479488922294,0.060227143622828556,0.2965462710040715,0.2660675362789131,0.0,0.0,0.0,0.0,0.03822231466516359
CID4471,Normal Epithelial,other,0.7268453102364136,2.2114109862267526,1.8731202525006354,1.6030357619862001,0.0028385072471628415,0.006292687136548875,0.004710404342057052,0.0038562023592329437,0.006071257368411216,0.3006741982716636,0.14053315741140446,0.16291754463985259,0.07174701844140113,0.06638378468810165,0.0066209892957519246,0.12389447836606998,0.04828326510536626,0.050257330745713806
CID4471,PVL,flagged,0.05043056357175599,0.09994345171110348,0.17773758904870257,0.09200566161319675,0.0,0.012784612648680815,0.010085343779246046,0.0,0.0,1.4844722146357878,1.4525591116510534,1.2798626774543156,0.5299836803795958,2.9137680473804966,0.3267922235149043,1.7828322315985845,0.11179664406192945,0.036090922565784465
CID4471,PVL,other,0.02420521527889622,0.13466998695553717,0.20749556145898834,0.12275941181514335,0.005049338805063406,0.011280662219615533,0.0012663607290633583,0.002827900924532782,0.002465220785741819,0.8609538377261626,0.6439568264753172,0.6196988046538779,0.17453155583399035,1.5454694833056124,0.21215002236706276,1.2330511402464224,0.05231037010426855,0.07084867475419362
CID4471,Plasmablasts,flagged,0.3614689275788886,0.3614689275788886,0.5048423990702995,0.0,0.0,0.0,0.0,0.0,0.0,0.0,0.0,0.0,0.24219899834645225,0.5999843915678282,0.0,0.0,1.2218932193392082,0.0
CID4471,Plasmablasts,other,0.06445837387056215,0.10278673119549145,0.1519713450951592,0.0783971122989401,0.0,0.0,0.009636218115306718,0.0,0.0,0.1576664526641916,0.18536024705493312,0.1902187576869187,0.029209960073517786,0.05944954420810821,0.0,0.025933672294587918,0.2931585504714425,0.032750509183862235
CID4471,T cells CD4+,flagged,0.0,0.0,0.24139137264595695,0.0,0.799580584648385,1.3243191032402941,0.153578225481794,0.0,0.18836074491604254,0.5476882825009866,0.1191060849281624,0.31493578119891175,0.14425638823808282,0.0,0.0,0.15371586850565175,0.3652625793469505,0.3900582471783488
CID4471,T cells CD4+,other,0.019258727710102865,0.11199652651018643,0.22409482226866223,0.12371484488360153,1.4599651734813415,2.3005724385284876,0.6160642730293984,0.17717149525256934,0.08283987487130777,0.40407214520870627,0.19094890045815163,0.2575217671557199,0.09727299314472164,0.12543937763867696,0.0,0.05259676848226981,0.09328365867000678,0.060586740095502294
CID4471,T cells CD8+,flagged,0.0,0.0,0.0,0.0,0.0,1.0812615607495053,0.0,0.0,0.0,0.0,0.0,1.0812615607495053,1.4103848243110593,0.0,0.0,0.0,0.0,0.0
CID4471,T cells CD8+,other,0.027779259923185105,0.15711865338372522,0.15393617310843102,0.11254298727169751,1.4805966908894814,2.343951590776286,0.5675889306635065,2.1794877255814353,1.5204472304657592,0.4412266369144312,0.13832751776907967,0.41496292699392556,0.18564860613732787,0.11870512165912508,0.008764894246549079,0.0,0.1633895554153891,0.11421831410824582
CID4535,B-cells,flagged,0.35063161324915326,0.0,0.0,1.3333261716697251,0.0,0.0,0.35876358509223627,0.0,0.0,0.0,0.0,0.0,0.0,0.35876358509223627,0.0,0.0,0.0,0.0
CID4535,B-cells,other,0.2064892449614644,0.18195070341441313,0.3623078066595588,0.8251585141923757,0.0,0.0,0.07844643820851209,0.0,0.0,0.03335111430116662,0.0,0.0,0.042544105926935326,0.1508127106526361,0.0,0.04412699714505752,0.06199587589784611,0.0
CID4535,CAFs,flagged,0.09140628401637298,0.20001894024120315,0.8887664213792936,1.334292310863705,0.0,0.0,0.2253645767061255,0.0,0.0,2.168976761075239,1.731139587468252,1.2941595634337972,1.9772145234052743,1.3859483566827064,0.11987729608600477,0.5530594560259473,0.0,0.0
CID4535,CAFs,other,0.13222796130049566,0.3411530591969247,0.6640867492005698,1.3348275258028535,0.02372050982411504,0.0,0.04766292147960195,0.004654500207660514,0.0,1.6951832899654766,1.8188302949790436,1.4885494331422051,1.7710998715640056,0.962625589263612,0.08010399978890582,0.167338122964416,0.03552599603029813,0.00937994733295109
CID4535,Cancer Epithelial,flagged,0.6852592110038359,0.9998759878998237,1.88446466907628,3.025537857341543,0.022198192462661713,0.0018456951334412247,0.019298664644229507,0.015864279029725075,0.012614046253085107,0.020155676597077978,0.040050359546739515,0.022698609503360268,0.004619263063396967,0.08999185188203186,0.0010980311404238322,0.02325438220509387,0.0,0.0
CID4535,Cancer Epithelial,other,1.2773723141203326,1.7109750499034648,2.469395264130146,3.613394950334915,0.006910201629852994,0.002785656455213613,0.010972384772519914,0.008168787293069949,0.0011424128495166283,0.04249486574934227,0.022553968668466942,0.009639834125612746,0.022010684684572564,0.08463422479981604,0.004355234250131743,0.011149187770618544,0.013268543238721146,0.009316984707083448
CID4535,Cycling T-cells,flagged,0.0,0.0,1.1303937501280859,1.1303937501280859,2.5283504925787086,1.9865895458644394,2.6086904545129874,0.0,0.0,0.0,0.0,0.0,0.0,0.0,0.0,0.7170774673547182,0.0,0.0
CID4535,Cycling T-cells,other,0.09720077454047517,0.07778061876125542,0.7893261854324185,1.3239227584627236,0.7931702375820936,0.6980408697075755,1.0252424696712088,0.38802675207410686,0.3073797367638246,0.0,0.0,0.0,0.019818370390041536,0.167886006426938,0.0,0.0532156012196365,0.17722960641013308,0.0
CID4535,Endothelial,flagged,0.0,0.21765632057989526,0.6537966784464814,1.394545962695442,0.06950878591964484,0.0,0.0,0.0,0.0,0.1645635558028655,0.11940617898001789,0.0,0.0,0.29605420066149846,0.0,0.2249292367277468,1.0297435248575275,1.1118633255571808
CID4535,Endothelial,other,0.16219336048913557,0.27070856332554666,0.3554914006019513,1.1999712225388874,0.005146529997348631,0.0021533196049641308,0.011989178588726722,0.0,0.003967271024141061,0.02353356807211289,0.006463053198934049,0.0,0.01688835377701555,0.10221769729629185,0.01573467343818041,0.2911370152764098,1.9813800429499573,1.044905504550989
CID4535,Myeloid,flagged,0.18076257944837193,0.18248768954273237,0.32163771979482386,1.4420731650008856,0.0,0.0,0.0,0.0,0.0,0.0,0.015286887217959007,0.0,0.0,0.029502845390461246,0.0,0.0,0.16589645726735797,0.0
CID4535,Myeloid,other,0.13076422302181118,0.27136537521324317,0.4158180232076561,1.2267609382405298,0.022047585695095896,0.008846849061817734,0.010872423365760856,0.0,0.0,0.023255375622639535,0.006573557186152438,0.012903621882759916,0.011242781762445994,0.061742265731623766,0.0017936088536793517,0.0,0.3277589527000634,0.008119652315189926
CID4535,NK cells,other,0.10547718338071896,0.2771240806372861,0.450123771428289,1.6539701453110671,0.0,0.3772681509466549,0.09956989888609544,0.05512402586998325,0.0,0.0,0.049975217476773394,0.0,0.0,0.06181761801239013,0.0,0.0,0.07217479907279939,0.0
CID4535,NKT cells,other,0.21559965130581088,0.0,0.3889063497903449,1.2886816745294098,0.36889565429933313,0.34448778841496336,0.16089965210941196,0.23007197524162404,0.0,0.0,0.0,0.0,0.0,0.0,0.0,0.0,0.3248587209391934,0.0
CID4535,Normal Epithelial,flagged,0.7577969285816898,1.3357555884351366,1.6919605977669436,2.2358945895366547,0.0,0.0,0.0,0.0,0.0,0.0,0.1271640540602326,0.0,0.0,0.0,0.0,0.0,0.0,0.0
CID4535,Normal Epithelial,other,1.1310830819942843,1.9678143986329748,2.286913828501114,3.0617553572846354,0.0,0.0,0.0,0.0,0.0,0.03470730478672818,0.0,0.0,0.0,0.05121548673269085,0.03470730478672818,0.017427346263425608,0.0382775634207314,0.0
CID4535,PVL,flagged,0.1455322609048015,0.30947377315325153,0.6463239375552298,1.0484431766424527,0.0,0.007543234897659908,0.01887368214421097,0.0,0.0,1.1491756077547959,1.318619479378367,0.13825668769935304,0.1712863149535224,2.925155562423601,0.376485602762345,1.47555337554071,0.0,0.011830220292042556
CID4535,PVL,other,0.10974392575849376,0.3217600709754802,0.47106148674429366,1.175697820497624,0.006433873570617042,0.003129027507989459,0.012528804874395224,0.00555818711580548,0.0015368063614975334,0.5372661366412599,0.881622258570292,0.1513123556171787,0.09167884207939529,2.7043419970637688,0.21920981712963766,1.3478766367039232,0.011545772832655043,0.007259726791972188
CID4535,Plasmablasts,flagged,0.08539179626386639,0.27916265603428614,0.48343971084338777,1.757059962283296,0.0845953865794024,0.0,0.0,0.0,0.0,0.07470839103492441,0.015093026494484083,0.0,0.0671666119357708,0.08431499943879,0.0,0.05956204311548868,0.33566245860415933,0.0
CID4535,Plasmablasts,other,0.1617069794301303,0.42670807183429266,0.495299628376981,1.577309747784017,0.029988851955287603,0.005130195624267003,0.03371550049477382,0.015202654533440434,0.0,0.011051414099712402,0.007903530101306988,0.023299950581585405,0.05499802158086732,0.05851356321529609,0.026801270970858392,0.0,0.4077158308483513,0.02592869436664325
CID4535,T cells CD4+,flagged,0.0,2.4993894296254395,0.0,2.6069490426017694,0.7319818667811101,0.47799611982528206,1.0724981530050435,0.0,0.0,0.0,0.0,0.0,0.0,0.0,0.0,0.0,0.0,0.0
CID4535,T cells CD4+,other,0.17297988389149757,0.30804146302164453,0.6520081678607017,1.8059464286813216,0.845720846073317,0.513028268207506,1.1070336239022165,0.08504049184881876,0.11381994701534108,0.02107769770222211,0.03394076088367601,0.0,0.028300510615090823,0.10150554793905443,0.008081191298243102,0.02482322895254722,0.010113935650795816,0.0
CID4535,T cells CD8+,flagged,0.12634281952158805,0.18399961413624544,0.20616119523484308,1.82756502802764,1.4157982814509593,0.9508066146053127,1.5349190068276453,1.483009638488339,0.6733227030713966,0.0,0.0,0.0,0.0,0.35059010185667877,0.0,0.09552933789295096,0.1542917451245441,0.038682842532574646
CID4535,T cells CD8+,other,0.2103570877326277,0.22805719138237804,0.6687211019681157,1.0442093732616458,2.0569547150342298,1.425850135406064,1.9304594903868735,1.1218439123952708,0.757843793415706,0.017476879583811545,0.0,0.0,0.01723653429714192,0.09624705323866595,0.0,0.0,0.17124360462327795,0.0
