barcode,EPCAM,KRT8,KRT18,KRT19,CD3D,CD3E,TRAC,CD8A,CD8B,COL1A1,COL1A2,DCN,LUM,RGS5,CSPG4,MCAM,PECAM1,VWF
CID4471_AACACGTTCCACTCCA,0,0,0,0,0,0,0,0,0,0,0,0,0,0,0,0,2,6
CID4471_AACCGCGTCAACGAAA,0,1,0,0,0,0,0,0,0,1,0,0,0,0,0,0,4,3
CID4471_AACTCCCAGCGACGTA,0,0,0,0,0,0,0,0,0,0,0,0,0,0,0,0,1,3
CID4471_AACTCTTGTCCGTTAA,0,0,0,0,0,0,0,0,0,1,1,1,1,0,0,0,1,2
CID4471_ACACCGGAGGTGCAAC,0,0,0,0,0,0,0,0,0,0,0,0,0,0,0,0,1,3
CID4471_ACATGGTGTGTGCGTC,0,0,1,0,0,0,0,0,0,0,0,0,0,0,0,0,3,19
CID4471_ACGATGTTCAACACGT,0,0,0,0,0,0,0,0,0,1,0,0,0,0,0,0,2,4
CID4471_ACGCCGAGTTCAGCGC,0,0,0,1,0,0,0,0,0,0,0,0,0,0,0,4,7,31
CID4471_AGGGATGTCTGTACGA,0,0,0,0,0,0,0,0,0,1,0,0,0,0,0,0,2,2
CID4471_ATCACGATCGCCAAAT,0,0,0,0,0,0,0,0,0,3,1,0,0,0,0,1,0,7
CID4471_ATCATCTGTCAAGCGA,0,0,0,0,0,0,0,0,0,0,0,0,0,0,0,1,5,3
CID4471_CACAAACAGATGCCAG,1,0,0,1,0,0,0,0,0,0,0,0,0,0,0,0,7,5
CID4471_CACCAGGAGGCTAGGT,0,0,1,0,0,0,0,0,0,0,0,0,0,0,0,0,2,4
CID4471_CAGCGACTCCTGCAGG,0,0,0,1,0,0,0,0,0,0,0,0,0,0,0,0,3,10
CID4471_CCGGTAGAGAACTCGG,0,1,0,0,0,0,0,0,0,0,0,0,0,0,0,0,1,8
CID4471_CCGGTAGAGATCCTGT,0,0,0,1,0,0,0,0,0,0,0,0,0,0,0,2,3,9
CID4471_CCGTTCAAGTTAGGTA,0,0,0,0,0,0,0,0,0,2,0,0,0,0,0,0,0,13
CID4471_CGACCTTCACGGCCAT,0,0,0,0,0,0,0,0,0,0,0,0,0,0,0,0,1,4
CID4471_CGCGGTAGTGGACGAT,0,0,1,0,0,0,0,0,0,1,0,0,0,0,0,0,8,10
CID4471_CGCTATCCATAGACTC,0,0,0,1,0,0,0,0,0,0,0,0,0,0,0,0,4,3
CID4471_CGCTATCTCAGCAACT,0,1,0,0,0,0,0,0,0,0,0,1,0,0,0,1,1,3
CID4471_CGTGAGCAGCCAGTTT,0,1,0,0,0,0,0,0,0,0,0,0,0,0,0,1,1,7
CID4471_CTGGTCTAGCTTTGGT,0,0,0,0,0,0,0,0,0,0,0,0,0,0,0,0,0,3
CID4471_CTGTGCTCAGTAACGG,0,1,2,1,0,0,0,0,0,2,1,0,0,1,0,0,7,2
CID4471_GAACATCAGCCAGAAC,0,0,0,0,0,0,0,0,0,0,1,0,0,0,0,1,2,0
CID4471_GACCAATCACCTGGTG,0,0,1,0,0,0,0,0,0,0,0,0,0,0,0,0,1,4
CID4471_GACTAACAGGTGATAT,0,0,0,1,0,0,0,0,0,1,0,0,0,0,0,0,3,3
CID4471_GACTGCGCAGCGAACA,0,0,0,0,0,0,0,0,0,1,0,0,0,0,0,0,10,3
CID4471_GCAAACTCAAAGGAAG,0,0,0,0,0,0,0,1,0,1,0,0,0,0,0,0,5,7
CID4471_GCAATCAGTGGTCCGT,0,0,0,0,0,0,0,0,0,0,0,0,0,0,0,1,1,2
CID4471_GCACATAGTAGAAGGA,0,0,0,0,0,0,0,0,0,0,0,0,0,0,0,0,10,8
CID4471_GCATGCGGTCAAAGAT,0,0,0,0,0,0,0,0,0,2,0,3,0,0,0,0,4,6
CID4471_GCGAGAAAGAGACTAT,0,0,0,0,0,0,0,0,0,1,0,0,0,0,0,0,8,7
CID4471_GCTTGAAAGTGAACAT,0,0,1,0,0,0,0,0,0,0,0,0,0,0,0,0,7,5
CID4471_GGACAGAGTGTGAATA,0,1,0,0,0,0,0,0,0,1,0,0,0,0,0,0,2,21
CID4471_GGAGCAAGTCGCATCG,0,0,1,0,0,0,0,0,0,1,0,0,0,0,0,1,5,5
CID4471_GGGCACTCAACTGGCC,0,0,0,0,0,0,0,0,0,0,0,0,0,0,0,0,4,12
CID4471_GTATCTTGTGTGACCC,0,0,0,0,0,0,0,0,0,0,0,0,0,0,0,0,7,1
CID4471_GTCACAAGTACGCTGC,0,0,3,1,0,0,0,0,0,1,0,0,0,0,0,2,5,12
CID4471_GTTACAGGTCGGGTCT,0,0,0,0,0,0,0,0,0,1,0,0,0,0,0,0,4,15
CID4471_TACGGTAAGTACACCT,0,0,1,0,0,0,0,0,0,0,0,0,0,0,0,2,5,2
CID4471_TATCTCATCCCATTTA,0,0,1,0,0,0,0,0,0,0,0,0,0,0,0,1,2,11
CID4471_TCAACGAGTGACAAAT,0,0,0,0,0,0,0,0,0,1,0,0,1,0,0,0,0,5
CID4471_TCAATCTAGTACGCCC,0,0,1,0,0,0,0,0,0,0,0,0,0,0,0,1,3,5
CID4471_TCGGTAACAAGAGTCG,0,0,1,0,0,0,0,0,0,1,2,1,0,0,0,3,1,9
CID4471_TCTCATAGTACCGTTA,0,0,0,0,0,0,0,0,0,0,0,0,0,0,0,0,2,1
CID4471_TGACTAGTCGAGCCCA,0,0,1,0,0,0,0,0,0,0,0,0,0,0,0,0,4,10
CID4471_TGAGGGATCACCGGGT,0,0,0,0,0,0,0,0,0,0,0,0,0,0,0,0,1,0
CID4471_TGCCCATGTTGGTTTG,0,1,0,0,0,0,0,0,0,0,0,0,0,0,0,0,2,9
CID4471_TTAGGACAGCTAGTGG,0,0,0,0,0,0,0,0,0,0,0,0,0,0,0,0,5,1
CID4471_TTTCCTCGTATTCGTG,0,0,0,0,0,0,0,0,0,1,0,0,0,0,0,0,3,4
CID4471_ACCGTAAGTGGGTATG,0,0,1,0,0,0,0,0,0,0,0,0,0,0,0,0,6,4
CID4471_AGGTCATAGGAATTAC,0,0,0,0,0,0,0,0,0,1,0,1,0,0,0,0,4,3
CID4471_CGATTGACATACGCCG,0,0,0,0,0,0,0,0,0,1,0,1,0,0,0,0,4,2
CID4471_CGTCACTCATGCCACG,0,0,2,0,0,0,0,0,0,1,0,0,0,0,0,0,4,5
CID4471_GGAGCAATCAGCTCTC,0,0,0,1,0,0,0,0,0,0,0,0,0,0,0,0,4,10
CID4471_TCAGCAAGTGGTAACG,0,0,1,0,0,0,0,0,0,0,1,0,0,1,0,1,6,22
CID4471_TTGAACGTCTGATACG,0,0,1,0,0,0,0,0,0,0,1,0,0,0,0,0,3,4
CID4471_CACACTCGTCTCTTTA,0,0,0,0,0,0,0,0,0,0,0,0,0,0,0,0,6,1
CID4471_GGGCACTAGACTAGAT,0,0,0,0,0,0,0,0,0,0,1,0,0,0,0,0,2,2
CID4471_TACGGATCAGACGCTC,0,0,0,0,0,0,0,0,0,1,0,0,0,0,0,0,1,12
CID4471_TTGGCAATCCTTTCTC,0,0,0,0,0,0,0,0,0,0,0,0,0,0,0,3,1,10
CID4471_AGGCCGTGTCCGAACC,0,0,0,0,0,0,0,0,0,0,1,0,0,0,0,0,7,4
CID4471_CGTTGGGCATGGAATA,0,0,1,1,0,0,0,0,0,0,0,0,0,0,0,0,4,2
CID4471_CTAGTGAGTATTAGCC,0,0,0,0,0,0,0,0,0,0,0,0,0,0,0,0,3,2
CID4471_GAACGGATCAAAGACA,0,0,1,1,0,0,0,0,0,1,0,1,0,0,0,3,0,8
CID4471_GCCAAATCAGGTGCCT,0,0,0,0,0,0,0,0,0,0,0,0,0,2,0,0,1,1
CID4471_GCGGGTTCATGGTTGT,0,0,0,0,0,0,0,0,0,1,0,0,0,0,0,0,1,6
CID4471_GGGCATCCATAGACTC,0,0,0,0,0,0,0,0,0,0,0,0,1,0,0,0,5,1
CID4471_TACTTACCAATCCAAC,0,0,0,1,0,0,0,0,0,0,0,1,1,1,0,0,5,4
CID4471_TATCAGGAGTTTAGGA,0,0,0,0,0,0,0,0,0,0,0,0,0,0,0,0,2,3
CID4471_CGATGTACATGGTCAT,0,1,0,0,0,0,0,0,0,0,0,0,0,2,0,0,2,4
CID4471_CGCTTCAAGAAACCTA,0,0,0,0,0,0,0,0,0,0,1,0,0,0,0,0,1,8
CID4471_CCGTTCAGTCTCAACA,0,0,0,0,0,0,0,0,0,1,0,0,0,0,0,0,6,5
CID4471_GACAGAGTCAGGCAAG,0,0,0,1,0,0,0,0,0,0,0,0,0,0,0,0,5,2
CID4471_CAACCAATCACAGTAC,0,0,0,0,0,0,0,0,0,0,0,0,0,0,0,0,2,9
CID4471_CACCTTGGTGTGGCTC,0,0,0,0,0,0,0,0,0,0,0,0,0,0,0,0,4,10
CID4471_CTACGTCAGAGTACAT,0,1,5,0,0,0,0,0,0,0,0,0,0,1,0,2,8,10
CID4471_GGGACCTCAGTTCCCT,0,2,1,0,0,0,0,0,0,2,0,4,2,9,0,8,3,3
CID4471_CCTATTACATTACCTT,0,0,0,0,0,1,0,0,0,0,0,2,2,5,0,2,6,5
CID4471_GAAACTCCAGTCGTGC,0,0,0,0,0,0,0,0,0,0,0,1,0,0,0,2,0,2
CID4471_CAGCAGCCAATGCCAT,0,0,1,0,0,0,0,0,0,1,2,3,0,14,0,3,4,9
CID4471_CATGACACAATAGCAA,2,0,1,0,0,0,0,0,0,5,3,4,0,14,0,5,27,24
CID4471_GCATGCGCATATGGTC,0,1,1,0,0,0,0,0,0,0,0,0,0,0,0,0,3,5
CID4471_CTCTACGTCAGGCCCA,0,0,0,0,0,1,0,0,0,0,0,0,0,1,0,1,1,1
CID4471_ACATGGTGTCAAGCGA,0,0,0,0,0,0,0,0,0,0,0,0,0,0,0,0,1,2
CID4471_TTCGGTCCACGAAATA,0,0,0,0,0,0,0,0,0,1,0,0,0,2,0,1,1,7
CID4471_CCTTACGAGATAGGAG,0,0,0,0,0,0,0,0,0,0,0,0,0,0,0,0,0,7
CID4471_GACGTGCTCGCCCTTA,0,0,0,0,0,0,0,0,0,0,0,0,0,0,0,0,4,5
CID4471_CCCAATCTCATTGCCC,0,0,0,0,0,0,0,0,0,0,0,0,0,2,0,0,3,3
CID4471_CGTTCTGCAGCCTTTC,0,0,0,0,0,0,0,0,0,0,0,0,0,0,0,0,1,1
CID4471_CTGTGCTAGCAACGGT,0,0,1,0,0,0,0,0,0,3,3,1,0,2,0,3,4,4
CID4471_GGACAGAGTAGAAAGG,0,0,0,0,0,0,0,0,0,0,0,1,1,15,0,0,3,4
CID4471_CTGCTGTGTCGCGGTT,0,0,0,0,0,0,0,0,0,2,2,0,0,40,1,4,0,0
CID4471_AATCGGTTCTCAAGTG,0,1,2,0,0,0,0,0,0,1,3,2,0,58,0,3,13,7
CID4471_CACACAATCGGTCCGA,0,0,0,0,0,0,0,0,0,4,5,1,1,13,0,3,19,30
CID4471_CGCTTCACACGACGAA,0,1,0,0,0,0,0,0,0,0,8,2,0,38,0,2,17,27
CID4471_TTCTACAAGTGCCAGA,0,1,10,0,0,0,0,0,0,6,7,5,1,20,0,3,19,23
CID4471_AACTCAGTCTCGCATC,0,0,0,0,0,0,0,0,0,2,1,2,0,30,0,4,12,8
CID4471_ACACCGGCAGGTCGTC,0,0,1,1,0,0,0,0,0,5,3,7,0,36,2,1,11,10
CID4471_ACTGCTCCAGCATGAG,0,0,0,0,0,0,0,0,0,3,3,1,0,16,0,2,16,14
CID4471_AGATTGCAGAGTTGGC,0,0,1,0,0,0,0,0,0,1,2,5,1,31,0,2,4,11
CID4471_AGCGTATAGTTCGCAT,0,0,0,0,0,0,0,0,0,0,2,3,0,66,1,7,10,9
CID4471_ATCATGGCAAGAGTCG,0,1,0,0,0,0,0,0,0,2,3,0,0,61,0,4,24,28
CID4471_ATCGAGTCAAGTACCT,0,1,0,0,0,0,0,0,0,0,3,8,0,82,1,2,11,17
CID4471_CAACCAATCCTATTCA,0,0,1,0,0,0,0,0,0,0,2,6,0,68,0,2,5,7
CID4471_CAACCTCCAGACACTT,1,0,0,1,0,0,0,0,0,2,3,0,0,33,0,2,14,9
CID4471_CACAGGCTCCTTTACA,0,1,1,0,0,0,0,0,0,1,4,24,1,77,0,2,11,5
CID4471_CATGGCGCATTTGCCC,0,0,1,0,0,0,0,0,0,2,1,10,1,15,0,3,1,0
CID4471_CTACATTGTCAGAGGT,0,0,0,0,0,0,0,0,0,0,3,12,0,23,0,2,4,1
CID4471_GAAGCAGTCACAATGC,0,0,1,0,0,0,0,0,0,0,2,2,0,58,0,3,10,15
CID4471_GACCAATCAGCTGTGC,1,2,4,0,0,0,0,0,0,2,7,2,0,156,0,3,29,8
CID4471_GCCTCTATCTGACCTC,0,0,0,0,0,0,0,0,0,1,4,2,0,26,0,3,13,11
CID4471_GCTCCTAAGCCACCTG,0,0,0,0,0,0,0,0,0,8,4,4,1,13,0,3,14,11
CID4471_GGAATAAAGACAAGCC,0,0,0,0,0,0,0,0,0,6,3,9,3,110,2,4,13,11
CID4471_GGCTCGATCACGAAGG,0,1,0,0,0,0,0,0,0,1,6,10,4,10,0,7,16,16
CID4471_GGGTCTGGTTCCCGAG,0,0,0,0,0,0,0,0,0,2,1,2,1,59,0,3,8,6
CID4471_GTAACGTTCAGCTCTC,0,0,0,0,0,0,0,0,0,1,4,56,5,41,0,2,6,9
CID4471_GTACGTATCCGAATGT,1,0,0,0,0,0,0,0,0,2,6,2,0,24,0,6,10,16
CID4471_GTGGGTCAGTACGACG,0,1,0,0,0,0,0,0,0,3,4,0,0,53,1,3,3,9
CID4471_TATCTCAGTACCAGTT,0,0,1,0,0,0,0,0,0,23,15,35,26,114,0,3,4,9
CID4471_TCAGGATAGAATAGGG,0,0,0,0,0,0,0,0,0,3,8,6,1,137,1,6,6,7
CID4471_TCCCGATGTCTCCATC,0,0,1,0,0,0,0,0,0,5,5,5,6,44,0,2,13,19
CID4471_TGCTACCAGCAATCTC,0,0,2,0,0,0,0,0,0,10,6,1,4,39,0,3,15,16
CID4471_TGCTGCTAGACTTTCG,0,0,1,1,0,0,0,0,0,5,10,1,0,68,1,5,30,17
CID4471_TGGCTGGAGGCCCTTG,0,0,0,0,0,0,0,0,0,7,8,2,1,42,1,3,15,35
CID4471_TGTGGTAGTCTTCGTC,0,0,0,0,0,0,0,0,0,2,4,3,0,59,0,2,7,4
CID4471_TTCGGTCAGCAGGTCA,0,0,0,0,0,0,0,0,0,4,4,2,3,71,0,2,14,17
CID4471_TTGCCGTAGCCATCGC,0,1,0,0,0,0,1,0,0,8,10,1,2,126,0,8,13,8
CID4471_TTTATGCGTGTGAAAT,0,0,0,0,0,0,0,0,0,3,13,1,0,32,0,3,2,10
CID4471_AATCCAGCACTATCTT,0,0,0,0,0,0,0,0,0,0,3,3,0,80,0,3,9,6
CID4471_TACAGTGCACCACGTG,0,0,0,0,0,0,0,0,0,2,3,1,0,45,0,2,8,9
CID4471_GCTCCTATCGACGGAA,0,0,0,0,0,0,0,0,0,0,1,0,0,11,0,3,0,0
CID4471_AGGTCATCATCGATTG,0,0,1,0,0,0,0,0,0,0,0,0,0,0,0,1,8,3
CID4471_CGTTGGGAGAGTTGGC,0,0,1,0,0,0,0,0,0,1,0,0,0,0,0,0,6,0
CID4471_GGGTTGCGTCTCTCGT,0,0,0,0,0,0,0,0,0,0,0,0,0,0,0,0,4,0
CID4471_TGACGGCAGTGTACGG,0,0,0,0,0,0,0,0,0,0,0,1,0,2,0,2,8,16
CID4471_TCTATTGTCGGATGTT,0,0,0,0,0,0,0,0,0,2,3,0,0,47,0,4,18,6
CID4471_CGATGGCGTAAGTGTA,0,0,0,0,0,0,0,0,0,0,2,0,0,0,0,1,4,0
CID4471_GCGCAGTTCGGCGCAT,0,0,0,2,0,0,0,0,0,1,0,0,0,0,0,0,3,1
CID4471_AGACGTTTCGCATGGC,0,0,0,0,0,0,0,0,0,9,2,18,3,0,0,0,0,0
CID4471_ACACCCTCATCACCCT,0,0,0,1,0,0,0,0,0,18,8,7,3,0,0,0,0,0
CID4471_ACATGGTTCTGGTTCC,0,0,0,0,0,0,0,0,0,1,3,126,8,0,0,0,0,0
CID4471_ACGCAGCAGGTGCTTT,0,0,1,0,0,0,0,0,0,4,6,49,2,0,0,0,0,0
CID4471_ATCTACTGTACCATCA,0,0,0,1,0,0,0,0,0,1,1,8,1,0,0,0,0,0
CID4471_CGATTGATCAGCTCTC,0,0,0,0,0,0,0,0,0,2,6,29,1,0,0,0,0,0
CID4471_CGGGTCATCTTTACGT,0,0,0,0,0,0,0,0,0,2,1,23,1,0,0,0,0,0
CID4471_CTAGCCTAGGCGTACA,0,0,0,1,0,0,0,0,0,4,8,33,1,0,0,0,1,1
CID4471_GATCGCGTCCCTAACC,0,0,0,0,0,0,0,0,0,0,4,44,5,0,0,0,0,0
CID4471_TAAGAGAGTTTGTGTG,0,2,0,0,0,0,0,0,0,0,3,24,4,0,0,0,0,0
CID4471_TGGTTAGGTCGCTTCT,0,0,0,0,0,0,0,0,0,6,6,15,0,0,0,0,0,0
CID4471_TTTATGCCAGTCGTGC,0,0,0,0,0,0,0,0,0,2,1,39,0,0,0,0,0,0
CID4471_CACACTCGTCCGACGT,0,0,0,1,0,0,0,0,0,5,6,53,25,0,0,0,0,0
CID4471_ATCCACCGTACCGTAT,0,0,0,0,0,0,0,0,0,4,4,143,26,0,2,4,0,0
CID4471_CACCTTGAGCGTAATA,0,0,0,0,0,0,0,0,0,0,0,10,2,0,0,0,1,0
CID4471_TGACTTTAGTGTCCCG,0,2,1,0,0,0,0,0,0,16,10,29,2,16,0,2,0,0
CID4471_AGTAGTCCAATCACAC,0,0,0,0,0,0,0,0,0,312,174,65,84,10,0,2,8,10
CID4471_AAACGGGCATATACCG,0,0,1,0,0,0,0,0,0,35,23,10,3,0,0,0,1,0
CID4471_CCTACACGTAAGCACG,0,1,0,1,0,0,0,0,0,36,23,24,11,0,0,0,1,0
CID4471_CCGGTAGCAGCTGTGC,0,0,0,0,0,0,0,0,0,195,71,6,16,0,0,0,0,0
CID4471_GTATTCTGTAGAAGGA,0,0,0,0,0,0,0,0,0,32,20,15,15,0,0,0,0,0
CID4471_TAAGTGCAGGGTTTCT,0,0,0,0,0,0,0,0,0,274,116,15,15,0,0,0,0,0
CID4471_TGCGCAGTCCAAACAC,0,0,0,1,0,0,0,0,0,102,67,17,15,1,0,0,0,0
CID4471_ACTGATGTCTAAGCCA,0,0,0,1,0,0,0,0,0,3,0,0,1,5,0,8,0,0
CID4471_ACCCACTGTTAGTGGG,0,0,0,0,0,0,0,0,0,3,1,2,0,10,0,3,0,0
CID4471_ACGCCGATCATCACCC,0,0,0,0,0,0,0,0,0,2,1,2,0,26,0,5,0,0
CID4471_ACTATCTGTTGGTGGA,0,0,0,0,0,0,0,0,0,4,1,1,2,4,1,7,0,1
CID4471_AGCATACAGAATCTCC,0,1,2,0,0,0,0,0,0,1,1,1,0,18,0,6,1,0
CID4471_AGGCCACGTTGTGGAG,0,0,0,0,0,0,0,0,0,8,1,2,0,12,2,11,0,0
CID4471_ATCACGAGTAATCGTC,0,1,1,0,0,0,0,0,0,6,3,1,0,91,0,6,0,0
CID4471_ATCTACTAGCACGCCT,0,0,1,0,0,0,0,0,0,2,2,0,0,8,0,6,0,0
CID4471_CATCCACTCAACACCA,0,0,0,0,0,0,0,0,0,1,1,0,0,5,0,1,0,0
CID4471_CCGTGGATCGGAGGTA,0,0,0,0,0,0,0,0,0,5,5,0,1,8,1,5,0,0
CID4471_CCGTTCATCTAAGCCA,0,0,0,0,0,0,0,0,0,0,0,1,0,0,0,4,0,0
CID4471_CCTAAAGGTCCAGTTA,0,0,1,0,0,0,0,0,0,0,0,0,0,0,0,6,0,0
CID4471_CGGACGTCAATGGACG,0,0,0,0,0,0,0,0,0,0,1,0,0,0,0,1,0,0
CID4471_CTACATTAGTGAACAT,0,0,0,0,0,0,0,0,0,0,1,0,0,0,0,14,0,0
CID4471_CTCCTAGGTCGAGTTT,0,0,0,0,0,0,0,0,0,3,0,2,1,3,0,3,0,0
CID4471_CTCGTCATCATGTCTT,0,0,0,0,0,0,0,0,0,0,1,1,0,1,0,4,0,0
CID4471_GACTGCGGTTCGCGAC,0,0,0,0,0,0,0,0,0,7,15,0,0,13,3,0,0,0
CID4471_GCAATCATCATCATTC,0,0,2,0,0,0,0,0,0,1,0,1,0,218,5,10,0,1
CID4471_GCGACCAAGACTCGGA,0,0,0,0,0,0,0,0,0,1,0,0,0,1,0,6,0,0
CID4471_GCGCAACCACGCGAAA,0,0,0,1,0,0,1,0,0,4,0,2,2,4,1,9,0,0
CID4471_GCGCCAAGTGACAAAT,0,0,0,0,0,0,0,0,0,2,2,0,0,3,1,9,0,0
CID4471_GCTGCTTTCGCGCCAA,0,1,0,0,0,0,0,0,0,2,2,1,0,38,1,4,0,0
CID4471_GGGACCTGTATAAACG,0,0,0,0,0,0,0,0,0,3,4,0,0,3,1,11,0,0
CID4471_GGGAGATCATGCTGGC,0,0,0,0,0,0,0,0,0,0,2,3,0,21,0,3,0,0
CID4471_GTCTCGTCAGTAACGG,0,0,1,0,0,0,0,0,0,4,1,2,0,13,0,2,0,0
CID4471_GTGTGCGCAAGAGGCT,0,0,0,0,0,0,0,0,0,1,1,2,2,14,1,2,1,0
CID4471_TACACGATCGTGGGAA,0,1,0,0,0,0,0,0,0,2,0,2,0,6,0,5,0,0
CID4471_TGAGGGATCCACTCCA,0,0,0,0,0,0,0,0,0,0,0,1,0,0,0,8,0,0
CID4471_AAGGTTCAGCCCAACC,0,0,0,0,0,0,0,0,0,0,0,0,0,0,0,0,0,0
CID4471_ACAGCCGAGACTGGGT,0,0,0,0,0,0,0,0,0,1,1,0,0,7,0,0,0,0
CID4471_GCAATCACACTAAGTC,0,0,1,0,0,0,0,0,0,5,7,0,0,93,0,8,4,1
CID4471_AGCTTGACATCGGACC,0,0,1,0,0,0,0,0,0,3,4,2,0,38,1,4,0,0
CID4471_TACTTACGTCAGAATA,0,0,1,0,0,0,0,0,0,1,1,11,11,38,0,7,0,0
CID4471_TACCTTAAGCTAGTTC,0,0,0,0,0,0,0,0,0,1,2,5,0,34,1,3,0,0
CID4471_AGATTGCTCCTCGCAT,0,0,0,0,0,0,0,0,0,0,0,1,0,17,3,2,0,0
CID4471_CATTATCAGCACAGGT,0,0,0,0,0,0,0,0,0,1,2,0,0,0,0,1,0,0
CID4471_CGCTTCACACCCATTC,0,0,0,1,0,0,0,0,0,1,0,0,0,0,0,1,0,0
CID4471_GTGCGGTTCTGCTGCT,0,0,0,0,0,0,0,0,0,1,0,0,1,14,0,0,0,0
CID4471_AATCGGTAGATGGCGT,0,0,0,0,0,0,0,0,0,2,5,2,0,35,0,2,0,0
CID4471_CCAATCCGTCGAAAGC,0,0,0,0,0,0,0,0,0,3,3,8,6,67,1,2,0,0
CID4471_CTAGCCTCAAGCGTAG,0,0,0,0,0,0,0,0,0,4,6,0,0,62,1,2,0,0
CID4471_GACAGAGTCCCAACGG,0,0,0,0,0,0,0,0,0,0,4,2,0,83,0,2,0,1
CID4471_GAGTCCGAGCGTAATA,0,1,1,0,0,0,0,0,0,2,3,1,1,55,1,4,0,0
CID4471_GCTGCGAAGATCACGG,0,0,0,0,0,0,0,0,0,0,2,5,0,30,1,2,0,0
CID4471_TCTTCGGGTCATCGGC,0,1,0,0,0,0,0,0,0,1,2,9,2,27,0,0,0,0
CID4471_TGAGCATAGCCCAATT,0,0,0,0,0,0,0,0,0,3,3,5,5,49,1,3,0,0
CID4471_AATCCAGCACGACGAA,0,0,0,0,0,0,0,0,0,2,6,4,1,42,0,3,0,0
CID4471_TAGACCATCGATAGAA,0,0,0,0,0,0,0,0,0,0,2,2,1,29,0,2,0,0
CID4471_TTTATGCTCGATAGAA,0,0,0,0,0,0,0,0,0,2,4,51,0,10,0,0,0,0
CID4471_ACTTACTAGATGAGAG,0,0,1,0,0,0,0,0,0,12,12,0,0,14,0,3,0,0
CID4471_CCTTTCTTCCAATGGT,1,0,0,0,0,0,0,0,0,3,5,6,0,10,0,3,1,0
CID4471_CTACACCAGAGTGAGA,0,0,0,0,0,0,0,0,0,25,13,0,1,5,0,3,0,0
CID4471_CTACCCAAGTATTGGA,1,0,2,0,0,0,0,0,0,0,7,3,11,14,1,3,0,0
CID4471_GAAGCAGCATGCCTTC,0,0,0,0,0,0,0,0,0,0,3,5,0,34,0,2,0,0
CID4471_GCTGCTTGTCGGCATC,0,0,0,0,0,0,0,0,0,21,14,9,0,46,2,4,0,0
CID4471_GTAGTCATCGCTAGCG,0,0,0,0,0,0,0,0,0,6,0,0,1,2,0,4,0,0
CID4471_AATCGGTCATTGGTAC,0,1,0,0,0,0,0,0,0,10,7,5,3,4,0,2,0,0
CID4471_AATCGGTGTTTAGCTG,0,0,0,0,0,0,0,0,0,3,2,6,0,19,0,2,0,0
CID4471_ACGAGGAAGGGCTCTC,0,0,0,2,0,0,0,0,0,2,1,3,0,12,0,2,1,0
CID4471_AGTCTTTTCCACGAAT,0,0,1,0,0,0,0,0,0,2,2,6,0,5,0,2,0,0
CID4471_CAGCATAGTATTAGCC,0,0,0,0,0,0,0,0,0,3,2,21,7,20,0,2,0,0
CID4471_CCACCTACAGTTAACC,0,0,0,0,0,0,0,0,0,3,6,15,2,55,0,2,0,0
CID4471_CCTAAAGCACCCATGG,0,0,0,0,0,0,0,0,0,5,7,1,0,2,0,2,0,0
CID4471_CGTCCATGTCCTGCTT,1,0,1,0,0,0,0,0,0,4,0,0,1,0,0,2,1,0
CID4471_CTACATTTCCGAGCCA,1,0,0,0,0,0,0,0,0,5,11,2,0,11,0,2,0,0
CID4471_GACGCGTAGACACGAC,0,0,0,0,0,0,0,0,0,11,9,5,0,57,0,8,0,0
CID4471_GTCTCGTTCTACGAGT,0,0,0,0,0,0,0,0,0,2,4,12,4,2,0,3,0,0
CID4471_TAAGTGCGTAGCTTGT,0,0,0,1,0,0,0,0,0,6,2,2,2,28,0,2,0,0
CID4471_TAAGTGCGTATGCTTG,0,0,0,0,0,0,0,0,0,6,6,7,0,8,0,2,1,0
CID4471_TAGAGCTGTCTAGCGC,0,0,0,1,0,1,0,0,0,3,4,0,0,21,0,2,0,0
CID4471_TGTTCCGGTGGCGAAT,0,0,0,0,0,0,0,0,0,4,3,1,0,31,0,3,0,0
CID4471_TGAGCATTCCCAGGTG,0,0,0,0,0,0,0,0,0,0,1,0,0,0,0,0,1,0
CID4471_GATCGCGTCGTAGGAG,0,0,0,0,0,0,0,0,0,0,0,0,0,0,0,0,0,0
CID4471_GCAGTTAAGAGGGATA,0,0,0,0,0,0,0,0,0,0,0,0,2,0,0,0,0,0
CID4471_AGCGTCGTCCACGCAG,0,0,0,0,0,1,0,0,0,0,0,1,0,0,0,0,0,0
CID4067_CGTCAGGCAGCTTCGG,0,0,2,0,0,0,0,0,0,0,0,0,0,0,0,0,21,5
CID4067_GCACTCTCAACTGGCC,0,0,0,0,0,0,0,0,0,0,0,0,0,0,0,0,0,1
CID4067_TGAAAGACATACTCTT,0,0,0,0,0,0,0,0,0,0,0,0,0,0,0,0,1,0
CID4067_AGCGTATGTTCACGGC,0,0,0,0,0,0,0,0,0,0,0,0,0,0,0,0,1,2
CID4067_CGACTTCGTCAATGTC,0,0,0,0,0,0,0,0,0,0,0,0,0,0,0,0,0,1
CID4067_TTCTCCTTCTGAAAGA,0,0,0,0,0,0,0,0,0,0,0,0,0,0,0,0,0,2
CID4067_GGGAATGAGCGCTCCA,0,0,0,0,0,0,0,0,0,0,1,0,0,2,0,0,0,0
CID4067_CTGTGCTCACGAGAGT,0,0,0,0,0,0,0,0,0,0,0,0,0,0,0,0,0,0
CID4067_AGCGGTCTCATTCACT,0,0,0,0,0,0,0,0,0,0,0,2,10,0,0,0,0,0
CID4067_CAGTCCTCATCCCATC,0,0,0,0,0,0,0,0,0,0,0,5,3,0,0,0,0,0
CID4067_CGATCGGTCCCAACGG,0,0,0,0,0,0,0,0,0,35,14,6,0,0,0,0,0,0
CID4067_CTCGTACAGTCGTTTG,0,0,0,0,0,0,0,0,0,7,10,2,1,0,0,0,0,0
CID4067_TCTCTAAGTTCCGTCT,0,0,0,0,0,0,0,0,0,1,0,2,3,0,0,0,0,0
CID4067_TTGACTTTCTAACTTC,0,0,0,0,0,0,0,0,0,8,6,11,8,0,0,0,0,0
CID4067_GTTACAGAGCGCCTTG,0,0,0,0,0,0,0,0,0,1,4,1,4,0,0,0,0,0
CID4067_CCTACACAGGATGCGT,0,0,0,0,0,0,0,0,0,38,27,4,2,0,0,0,0,0
CID4067_CCTTACGGTCTGGTCG,0,0,0,0,0,0,0,0,0,54,45,7,8,0,0,0,0,0
CID4067_TATTACCAGAATGTGT,0,0,0,0,0,0,0,0,0,235,145,31,29,0,0,0,0,0
CID4067_GTATCTTGTAAGTAGT,0,0,2,0,0,0,0,0,0,4,21,4,0,171,2,19,0,0
CID4067_ACGGGCTAGGGAGTAA,0,0,0,0,0,0,0,0,0,2,3,0,0,11,3,0,0,0
CID4067_CTGCCTACAGCTGCAC,0,0,0,0,0,0,0,0,0,5,10,1,0,26,1,2,0,0
CID4067_CTGCGGATCTCGATGA,0,0,0,0,0,0,0,0,0,8,8,2,3,14,2,6,0,0
CID4067_CTGCTGTCATAAGACA,0,0,0,0,0,0,0,0,0,2,3,1,0,5,1,2,0,0
CID4067_GAATAAGAGTGAACGC,0,0,0,0,0,0,0,0,0,3,3,0,0,0,0,0,0,0
CID4067_GTATTCTAGTGACTCT,0,0,0,0,0,0,0,0,0,0,1,0,0,3,1,0,0,0
CID4067_TGGCGCATCGGCATCG,0,0,0,0,0,0,0,0,0,0,0,0,0,2,2,0,0,0
CID4067_TCGAGGCTCGGAAACG,0,0,0,0,0,0,0,0,0,4,8,0,0,31,2,4,0,0
CID4067_CGATGGCTCCTGCCAT,0,0,0,0,0,0,0,0,0,2,4,0,0,6,0,3,0,0
CID4067_TACCTATTCCCTCAGT,0,0,1,2,0,0,0,0,0,18,42,9,17,6,0,4,2,0
CID4067_CCTTTCTTCTTGTATC,0,0,0,0,2,1,0,0,1,0,0,0,0,0,0,0,0,0
CID4067_ACAGCCGGTTATTCTC,0,0,0,0,0,0,0,0,0,0,0,0,0,0,0,0,0,0
CID4067_ATCCGAAAGTCATCCA,0,0,0,0,1,2,0,0,0,0,0,0,0,0,0,0,0,0
CID4067_CATATGGAGTTCGCGC,0,0,0,0,2,0,0,0,0,0,0,0,0,0,0,0,0,0
CID4067_CGGACGTCAGGTGCCT,0,0,0,0,0,0,0,0,0,0,0,0,0,0,0,0,0,0
CID4067_CTGTTTAAGAATTGTG,0,0,0,0,3,1,0,1,3,0,0,0,0,0,0,0,0,0
CID4067_TATCAGGAGAATAGGG,0,0,0,0,0,1,0,1,0,0,0,0,0,0,0,0,0,0
CID4067_TGTGTTTAGCCGATTT,0,0,1,0,0,0,0,0,1,0,0,0,0,0,0,0,0,0
CID4067_TTGCCGTAGCGTTGCC,0,0,0,0,0,0,0,0,1,0,0,0,0,0,0,0,0,0
CID4535_CAACTAGGTTCAGCGC,0,0,0,0,0,0,0,0,0,0,0,0,0,0,0,0,0,1
CID4535_CTCGGAGTCCGTAGGC,0,0,0,0,0,0,0,0,0,0,0,0,0,0,0,0,0,1
CID4535_GTCTTCGTCAGGATCT,0,1,0,2,0,0,0,0,0,0,0,0,0,0,0,2,2,3
CID4535_CTTGGCTCAGTGGGAT,0,2,2,1,0,0,0,0,0,0,0,0,0,0,0,0,2,5
CID4535_ATTACTCTCCAGAGGA,0,0,1,1,0,0,0,0,0,0,0,0,0,0,0,0,0,1
CID4535_CAGCTGGAGAACTCGG,0,0,1,0,0,0,0,0,0,0,0,0,0,0,0,0,0,2
CID4535_AGCTTGATCCTAGGGC,0,0,0,4,0,0,0,0,0,3,9,0,0,84,0,6,2,4
CID4535_GTCATTTCAGAGTGTG,0,0,0,0,0,0,0,0,0,0,0,0,0,0,0,0,0,0
CID4535_GACCTGGGTCGCGTGT,0,0,0,2,0,0,0,0,0,0,0,0,0,0,0,0,1,1
CID4535_TTCTACAGTGGGTATG,0,0,0,2,0,0,0,0,0,1,0,0,0,0,0,0,0,0
CID4535_TATGCCCAGTGTACGG,0,0,1,0,0,0,0,0,0,0,0,0,0,0,0,0,2,0
CID4535_AAACGGGTCCTTTCGG,0,0,2,1,0,0,0,0,0,0,0,0,0,0,0,0,9,1
CID4535_ACTATCTAGCGTCTAT,0,0,1,1,0,0,0,0,0,0,0,0,0,0,0,0,2,1
CID4535_ACTGATGAGTGTCCCG,0,0,0,3,1,0,0,0,0,0,0,0,0,0,0,0,1,1
CID4535_CGCCAAGGTCTAGTCA,0,0,0,5,0,0,0,0,0,0,0,0,0,0,0,0,0,0
CID4535_TCTCTAATCACTTCAT,0,0,1,4,0,0,0,0,0,0,0,0,0,0,0,0,2,0
CID4535_TGACTTTCAGTAAGAT,0,0,1,9,0,0,0,0,0,48,36,63,102,0,0,0,0,0
CID4535_GAACCTATCCCACTTG,1,0,7,14,0,0,0,0,0,0,1,1,0,22,1,5,0,0
CID4535_GACGTGCCAGAAGCAC,1,0,1,0,0,0,0,0,0,1,0,0,0,14,0,0,0,0
CID4535_TAGTGGTGTTATCGGT,0,1,0,0,0,0,0,0,0,0,1,0,0,6,0,0,0,0
CID4535_TGAGGGAGTCCAAGTT,0,0,0,0,0,0,0,0,0,0,0,0,0,0,0,0,0,0
CID4535_TGCTACCGTCTTGCGG,0,0,0,0,0,0,0,0,0,1,0,0,0,4,0,1,0,0
CID4535_ACGCCGACACCGAAAG,0,0,1,0,0,0,0,0,0,0,0,1,3,0,0,0,0,0
CID4535_GTACTCCGTAGGCTGA,0,0,0,1,0,0,0,0,0,3,3,1,9,0,0,0,0,0
CID4535_CGTAGGCGTTGTGGCC,0,1,1,2,0,0,0,0,0,2,2,0,0,5,1,3,0,0
CID4535_TGGCTGGAGAATCTCC,0,0,0,0,0,0,1,0,0,6,0,0,0,0,0,0,0,0
CID4535_CAGCAGCGTCCATCCT,0,0,1,2,0,0,0,0,0,2,5,0,1,40,1,4,0,0
CID4535_CGTAGCGTCTTGGGTA,0,0,1,0,0,0,0,0,0,0,0,0,4,0,0,0,0,0
CID4535_TTTGGTTGTGATAAAC,0,1,5,4,0,0,0,0,0,7,5,0,0,3,0,3,0,0
CID4535_GACGTTAAGTCCAGGA,0,0,1,3,0,0,0,0,0,4,1,8,6,15,0,2,0,0
CID4535_TTTCCTCGTGTTCGAT,0,0,0,1,0,0,0,0,0,1,1,4,10,0,0,0,0,0
CID4535_CACACAAAGCAATCTC,0,0,0,2,0,0,0,0,0,23,7,1,3,0,0,0,0,0
CID4535_CACACCTTCGGACAAG,0,0,1,1,0,0,1,0,0,5,2,0,6,3,0,0,0,0
CID4535_GCACTCTTCTCACATT,0,0,0,1,0,0,0,0,0,5,2,1,1,0,0,0,0,0
CID4535_GCATGATTCAGCATGT,0,0,1,1,0,0,0,0,0,43,31,15,32,0,0,0,0,0
CID4535_TCAGCAACATTTCAGG,0,0,1,3,0,0,1,0,0,7,5,0,1,6,0,2,0,0
CID4535_AGGGAGTCAATCGAAA,1,2,13,4,0,0,0,0,0,14,8,0,1,6,0,3,0,0
CID4535_AAACCTGGTCGATTGT,0,2,5,2,0,0,0,0,0,2,2,0,0,19,0,7,0,0
CID4535_AAAGCAAGTCGGATCC,0,2,6,8,0,0,0,0,0,2,0,0,0,0,0,5,0,0
CID4535_AAGCCGCAGTAAGTAC,1,0,4,0,0,0,0,0,0,5,4,0,0,8,0,7,0,0
CID4535_ACATCAGCAGGACGTA,0,0,0,0,0,0,0,0,0,0,0,0,0,2,2,1,0,0
CID4535_ACCAGTACAAGTCATC,0,0,3,1,0,0,0,0,0,4,3,0,0,11,0,7,0,0
CID4535_ACTGATGGTGTGCCTG,0,0,0,4,0,0,0,0,0,2,4,0,0,28,2,2,0,0
CID4535_ACTTACTAGTGTACTC,0,0,1,4,0,0,0,0,0,4,2,0,0,7,0,2,0,0
CID4535_ACTTTCAGTAAGAGGA,0,0,0,1,0,0,0,0,0,0,0,0,0,26,1,1,0,0
CID4535_AGACGTTGTTCGCGAC,1,0,0,3,0,0,0,0,0,2,2,0,0,2,0,5,0,0
CID4535_ATCATGGGTAGGAGTC,0,0,0,0,0,0,0,0,0,1,0,0,0,1,0,4,0,0
CID4535_ATGGGAGCAAGCCTAT,0,0,2,1,0,0,0,0,0,2,2,0,0,15,1,9,0,0
CID4535_ATTACTCGTACGCACC,0,0,1,2,0,0,0,0,0,1,0,0,0,5,1,0,0,0
CID4535_CAACCTCCAAGGTTTC,0,1,1,2,0,0,0,0,0,0,0,0,0,9,0,2,0,0
CID4535_CAAGGCCCAATCGAAA,0,1,0,0,0,0,0,0,0,1,0,0,0,11,1,3,0,0
CID4535_CAAGTTGTCTTGAGAC,0,0,0,1,0,0,0,0,0,0,0,0,0,10,0,1,0,0
CID4535_CACAGTATCGGAAATA,0,0,0,1,0,0,0,0,0,0,1,0,0,2,0,2,0,0
CID4535_CACCAGGAGTTGCAGG,0,0,1,2,0,0,0,0,0,0,0,0,0,19,0,1,0,0
CID4535_CAGAGAGCAGATGGCA,0,0,0,1,0,0,0,0,0,3,4,0,0,24,1,2,0,0
CID4535_CAGCAGCCACCACGTG,0,1,2,2,0,0,0,0,0,4,3,0,0,77,0,5,0,0
CID4535_CAGCGACCACTTGGAT,0,0,1,3,0,0,0,0,0,4,3,0,0,4,0,3,0,0
CID4535_CAGCTAACATCACAAC,0,2,3,2,0,0,0,0,0,2,3,0,0,10,0,6,0,0
CID4535_CAGTCCTCACAGATTC,0,1,1,0,0,0,0,0,0,2,2,0,0,26,0,6,0,0
CID4535_CATATGGCAAGCGTAG,0,0,0,0,0,0,0,0,0,5,4,0,0,12,0,3,0,0
CID4535_CCAGCGAGTGCAACGA,1,0,0,1,0,0,0,0,0,5,3,0,0,11,0,2,0,0
CID4535_CCAGCGAGTTAAGATG,0,0,0,0,0,0,0,0,0,0,0,0,0,1,1,1,0,0
CID4535_CCTAAAGAGTTAGGTA,0,0,3,0,0,0,0,0,0,2,2,0,0,3,0,4,0,0
CID4535_CCTAAAGCAGTGAGTG,0,2,1,1,0,0,0,0,0,4,6,0,0,73,2,3,0,0
CID4535_CCTAGCTCACGCTTTC,0,0,0,4,0,0,0,0,0,2,3,4,7,36,0,4,0,0
CID4535_CCTTCCCGTCTAAACC,0,1,0,0,0,0,0,0,0,0,1,0,0,0,1,2,0,0
CID4535_CCTTCCCTCCCTTGTG,1,1,2,6,0,0,0,0,0,3,4,0,0,30,1,5,0,0
CID4535_CGATGGCTCATCACCC,0,0,2,3,0,0,0,0,0,0,1,0,0,0,0,3,0,0
CID4535_CGCTATCAGACCTTTG,0,0,0,0,0,0,0,0,0,0,0,0,0,1,1,0,0,0
CID4535_CGGAGCTTCGAGCCCA,0,0,0,2,0,0,0,0,0,1,4,0,0,3,2,3,0,0
CID4535_CGGAGTCAGCCCAGCT,1,1,2,0,0,0,0,0,0,3,2,0,0,15,0,4,0,1
CID4535_CGGCTAGGTCTGGAGA,0,0,0,0,0,0,0,0,0,0,0,0,0,2,0,0,0,0
CID4535_CTAATGGCATGACGGA,0,0,0,1,0,0,0,0,0,3,2,0,0,3,1,4,0,0
CID4535_CTGCTGTAGCTTATCG,1,0,0,1,0,0,0,0,0,0,0,0,0,12,0,2,0,0
CID4535_CTGCTGTAGTCAATAG,0,0,0,2,0,0,0,0,0,2,2,0,0,9,0,5,0,0
CID4535_CTTAGGACACACCGAC,2,1,0,1,0,0,0,0,0,2,4,0,0,32,0,3,0,0
CID4535_GACGTTAAGTCGCCGT,0,0,0,0,0,0,0,0,0,0,1,0,0,1,0,3,0,0
CID4535_GACGTTAGTATGAATG,0,0,0,1,0,0,0,0,0,3,2,0,0,6,0,9,0,0
CID4535_GATCAGTGTTTGGCGC,0,0,0,1,0,0,0,0,0,0,0,0,0,4,0,3,0,0
CID4535_GCAGCCATCACAAACC,0,2,3,4,0,0,0,0,0,1,3,0,0,2,0,0,0,0
CID4535_GCATACATCTGTTGAG,0,0,1,1,0,0,0,0,0,2,0,0,0,15,1,1,0,0
CID4535_GCCAAATTCATCATTC,0,1,1,1,0,0,0,0,0,2,3,0,0,21,1,2,0,0
CID4535_GCCTCTAAGATGTGGC,0,0,1,0,0,0,0,0,0,2,3,1,0,17,0,2,0,0
CID4535_GCGAGAAAGTTCCACA,0,0,0,0,0,0,0,0,0,2,5,1,0,48,0,4,0,0
CID4535_GCTCTGTTCGTACGGC,0,0,0,4,0,0,0,0,0,5,4,0,0,16,1,3,0,0
CID4535_GGATGTTGTAGGCTGA,0,0,1,1,0,0,0,0,0,1,0,0,0,0,0,2,0,0
CID4535_GGCAATTGTCAGTGGA,0,0,2,4,0,0,0,0,0,6,3,0,0,37,2,5,0,0
CID4535_GGCCGATCATCTATGG,0,0,2,0,0,0,0,0,0,3,2,0,0,12,2,2,0,0
CID4535_GGGAATGTCGGCTTGG,1,0,0,1,0,0,0,0,0,0,3,0,0,11,1,4,0,0
CID4535_GGTGCGTAGGCATTGG,0,0,0,1,0,0,0,0,0,0,0,0,0,0,1,2,0,0
CID4535_GTCAAGTCAATACGCT,0,0,2,1,0,0,0,0,0,1,1,0,2,6,0,2,0,0
CID4535_GTCACGGCATTTGCCC,1,1,0,4,0,0,0,0,0,1,4,0,0,16,0,2,0,0
CID4535_GTCGGGTGTAGCTTGT,0,0,0,0,0,0,0,0,0,0,0,0,0,0,0,0,0,0
CID4535_GTGTGCGCAGCCAATT,0,1,2,0,0,0,0,0,0,3,2,0,0,11,0,3,0,0
CID4535_GTGTTAGAGACAGAGA,0,0,1,0,0,0,0,0,0,1,2,2,0,31,0,4,0,0
CID4535_GTTAAGCGTCAACTGT,0,3,0,1,0,0,0,0,0,2,3,0,0,58,1,3,0,0
CID4535_TAAGCGTGTTTGGGCC,0,1,0,0,0,0,0,0,0,0,2,2,3,3,0,3,0,0
CID4535_TACTCGCTCAGTTTGG,0,0,0,1,0,0,0,0,0,0,0,0,0,0,0,0,0,0
CID4535_TAGACCAAGTTCGCAT,0,0,2,1,0,0,0,0,0,2,6,0,0,40,1,9,0,0
CID4535_TCAATCTCAATGGATA,0,0,1,1,0,0,1,0,0,4,5,0,0,6,0,6,0,0
CID4535_TCAATCTTCAGTCCCT,0,0,1,1,0,0,0,0,0,1,3,1,2,21,0,6,0,0
CID4535_TGACAACCAGTAAGAT,0,0,1,0,0,0,0,0,0,0,0,0,0,22,0,2,0,0
CID4535_TGCGTGGGTCCTAGCG,0,1,0,3,0,0,0,0,0,1,0,0,0,24,0,3,0,0
CID4535_TGGCGCACAAGCGCTC,0,2,1,3,0,0,0,0,0,13,6,0,0,26,1,5,0,0
CID4535_TTGGCAACATCAGTAC,2,2,1,3,0,0,1,0,0,7,4,0,0,14,0,3,0,0
CID4535_TTGGCAAGTTACAGAA,0,0,0,0,0,0,0,0,0,0,0,0,0,6,1,0,0,0
CID4535_GAACGGATCGGATGTT,0,0,0,4,0,0,0,0,0,0,0,0,0,1,0,1,0,0
CID4535_TGTATTCAGAAACGAG,0,0,0,0,0,0,0,0,0,0,0,0,0,2,0,0,0,0
CID4535_TCGCGAGCAGTTAACC,0,0,1,1,0,0,0,0,0,1,2,0,0,15,0,5,0,0
CID4535_AACTCAGTCCCTAACC,1,0,0,2,0,0,0,0,0,7,2,0,0,9,0,7,0,0
CID4535_TGGTTAGTCCTCGCAT,0,2,3,2,0,0,0,0,0,33,28,0,0,10,0,4,0,0
CID4535_TGGTTCCGTTGCTCCT,0,0,2,2,0,0,0,0,0,5,11,0,2,16,0,3,0,0
CID4535_TCAATCTTCTGTCAAG,0,1,0,0,0,0,0,0,0,8,7,0,0,24,1,4,0,0
CID4535_ATCCGAAGTGTGTGCC,0,1,3,1,0,0,0,0,0,3,7,0,1,24,0,3,0,0
CID4535_CTCGAAATCATTTGGG,1,1,1,1,0,0,0,0,0,3,1,0,0,5,0,1,0,0
CID4535_GACACGCTCATAAAGG,0,0,2,1,0,1,0,0,0,3,3,0,0,45,1,5,0,0
CID4535_TTCTCCTTCAACACAC,0,0,0,0,0,0,0,0,0,0,0,0,0,3,0,1,0,0
CID4535_CTCGGGACACGGCTAC,0,1,4,4,0,0,0,0,0,7,11,0,0,9,1,5,0,0
CID4535_TACAGTGTCCCATTAT,0,1,0,1,0,0,0,0,0,4,3,0,0,6,2,4,0,0
CID4535_CTGTGCTCATTCTCAT,0,1,1,2,0,0,0,0,0,3,2,0,0,73,0,6,0,0
CID4535_AGAGCTTAGACATAAC,0,0,2,0,0,0,0,0,0,0,1,0,0,13,0,3,0,0
CID4535_GACTAACGTATGAAAC,1,0,0,2,0,0,0,0,0,3,2,0,0,33,0,5,0,0
CID4535_GCTTGAACATACTACG,0,0,1,1,0,0,0,0,0,0,0,0,0,22,0,0,0,0
CID4535_CACCAGGAGCGTGAGT,0,0,0,0,0,0,0,0,0,2,2,0,0,21,1,0,0,0
CID4535_GACTACAAGATAGTCA,0,0,0,2,0,0,0,0,0,1,12,1,6,35,0,3,0,0
CID4535_AGAGTGGTCTGCGACG,0,0,0,1,0,0,0,0,0,1,2,0,0,17,0,2,0,0
CID4535_TGCCCATCAAGGTGTG,0,0,0,1,0,0,0,0,0,0,1,0,0,28,1,2,0,0
CID4535_AAAGATGAGTATCTCG,0,0,0,1,0,0,0,0,0,2,2,0,0,45,0,2,0,0
CID4535_ACTGAACTCAACCAAC,0,0,0,1,0,0,0,0,0,2,3,0,0,28,1,3,0,0
CID4535_ATAAGAGAGGTGCAAC,0,0,1,4,0,0,0,0,0,2,3,0,0,35,1,3,0,0
CID4535_CACCAGGTCACAGTAC,0,0,0,3,0,0,0,0,0,2,1,0,0,20,0,0,0,0
CID4535_CGGAGTCCACCCAGTG,0,0,0,1,0,0,0,0,0,4,4,0,0,41,1,2,0,0
CID4535_CGGTTAACACAGGCCT,0,2,0,2,0,0,0,0,0,4,4,0,0,54,0,2,0,0
CID4535_CGTGAGCTCAGTTTGG,2,0,4,2,0,0,0,0,0,5,10,0,0,55,0,2,0,0
CID4535_CTGAAGTAGCCGTCGT,0,0,0,3,0,0,0,0,0,0,6,0,0,66,0,1,0,0
CID4535_GAGTCCGGTCAACTGT,0,0,1,7,0,0,0,0,0,2,6,0,0,37,3,2,0,0
CID4535_GTGAAGGGTACTTCTT,1,3,0,3,0,0,0,0,0,6,8,0,0,119,2,12,0,0
CID4535_TCAGCTCCAGACTCGC,0,0,1,5,0,0,0,0,0,3,6,11,14,60,3,5,0,0
CID4535_TGGCGCAAGTACGCCC,0,0,0,3,0,0,0,0,0,8,8,1,0,103,0,4,0,0
CID4535_TTCTCAATCTACTTAC,1,1,1,4,0,0,0,0,0,0,6,0,4,70,2,1,0,0
CID4535_TTGAACGAGCTTCGCG,0,0,1,2,0,0,0,0,0,3,3,0,0,72,0,2,0,0
CID4535_ACACTGACATCAGTCA,0,0,0,0,0,0,0,0,0,0,1,0,0,13,0,1,0,0
CID4535_CCCAGTTCATCGGTTA,0,0,0,0,0,0,0,0,0,0,0,0,0,5,0,3,0,0
CID4535_CGATGGCTCACAGTAC,0,0,0,0,0,0,0,0,0,4,5,0,1,17,0,5,0,0
CID4535_CAGCCGACAGCCTTGG,0,1,0,0,0,0,0,0,0,6,3,0,0,16,0,4,0,0
CID4535_CAACTAGCATCTATGG,0,0,0,2,0,0,0,0,0,1,0,0,0,14,1,2,0,0
CID4535_TAGTGGTTCCACGTTC,0,1,1,2,0,0,0,0,0,2,4,1,0,21,0,2,0,0
CID4535_TGAGCATCATGAACCT,1,0,1,2,0,0,0,0,0,3,4,0,0,2,0,5,0,0
CID4535_GTTTCTACAGGAACGT,2,0,2,3,0,0,0,0,0,3,2,0,0,44,1,4,0,0
CID4535_GGACATTGTGTTTGGT,0,1,2,2,0,0,0,0,0,0,1,0,0,2,0,0,0,0
CID4535_AGCTCCTGTAAGTGGC,0,0,1,2,0,0,0,0,0,1,1,0,0,16,0,3,0,0
CID4535_CATATGGCATCACGAT,0,0,5,5,0,0,0,0,0,2,2,1,1,22,2,4,0,0
CID4535_CATGCCTCATGGTCTA,0,0,0,1,0,0,0,0,0,1,6,1,1,43,0,0,0,0
CID4535_TCACAAGTCGGATGTT,0,4,2,9,0,0,0,0,0,1,6,0,0,50,0,2,0,0
CID4535_GGCGTGTTCGCAGGCT,1,1,1,3,0,0,0,0,0,0,2,0,0,3,0,0,0,0
CID4535_TCTTTCCTCATGTGGT,0,0,0,1,0,0,0,0,0,0,0,0,0,3,0,0,0,0
CID4535_AGTTGGTCAGTTAACC,0,0,1,0,0,0,0,0,0,0,0,0,0,0,0,0,0,0
CID4535_GCACTCTGTGCGATAG,0,0,0,1,0,0,0,0,0,0,1,0,0,5,0,0,0,0
CID4535_TGAAAGACACTTCTGC,0,1,2,2,0,0,0,0,0,2,5,1,0,52,0,3,0,0
CID4535_ATGCGATAGACGCTTT,0,0,1,2,0,0,0,0,0,2,0,0,0,1,0,2,0,0
CID4535_ATGTGTGAGGAGCGTT,0,0,2,4,0,0,0,0,0,8,21,1,7,13,0,0,0,0
CID4535_CCTTCGACATGTAGTC,0,1,0,1,0,0,0,0,0,4,7,1,1,24,0,3,0,1
CID4535_TTATGCTTCTGTCTAT,1,0,0,2,0,0,0,0,0,1,3,2,0,10,1,2,0,0
CID4535_CCAGCGAGTCCATGAT,0,0,0,0,0,0,0,0,0,0,0,0,0,0,0,0,0,0
CID4535_GTGCATAGTTGGTTTG,0,0,1,0,0,0,0,0,0,1,1,0,0,0,0,0,0,0
CID4535_AGTGAGGGTGGGTCAA,0,1,0,2,0,0,0,0,0,0,0,0,0,1,0,0,1,0
CID4535_CACAGGCCAGCCTGTG,0,0,0,1,0,0,0,0,0,0,0,0,0,0,0,0,0,0
CID4535_TAAACCGAGTTCGCGC,0,1,2,2,0,0,0,0,0,11,4,0,0,23,0,2,0,0
CID4535_AGGTCATTCTTCCTTC,0,0,3,3,0,0,1,0,0,7,9,0,0,13,0,3,0,0
CID4535_ATCTGCCGTGCTAGCC,0,0,2,4,0,0,0,0,0,7,6,0,0,50,0,4,0,0
CID4535_CTAGAGTGTTGGTTTG,0,0,1,3,0,0,0,0,0,2,7,0,0,47,4,7,0,0
CID4535_CTAGCCTCACGGTGTC,0,1,2,0,0,0,0,0,0,8,5,0,0,33,1,2,0,0
CID4535_ATCCACCGTTTGTGTG,0,1,0,0,0,0,0,0,0,5,4,0,0,16,1,5,0,0
CID4535_ATCATCTTCCGTAGTA,0,1,0,2,0,0,0,0,0,2,2,0,0,19,1,3,0,0
CID4535_CCAGCGATCTGTCTCG,0,0,1,0,1,0,0,0,0,0,0,0,0,0,0,0,0,0
CID4535_CGGACTGCACTTGGAT,0,0,0,0,0,0,0,0,0,0,0,0,0,0,0,0,0,0
CID4535_AACCGCGCAAAGCGGT,0,0,0,6,4,3,6,4,2,0,0,0,0,0,0,0,0,0
CID4535_ACGATACGTAAGAGAG,0,0,1,5,2,2,1,1,2,0,0,0,0,0,0,0,0,0
CID4535_AGTGTCAGTCTCCACT,0,0,0,2,1,0,3,1,0,0,0,0,0,0,0,0,0,0
CID4535_CTACCCAGTAAACCTC,0,0,0,2,0,0,1,0,0,0,0,0,0,0,0,0,0,0
CID4535_GTAACTGAGGATGGTC,0,0,0,0,5,3,8,3,2,0,0,0,0,0,0,0,2,0
CID4535_TTTATGCGTGGCGAAT,0,2,0,2,2,1,2,0,0,0,0,0,0,0,0,0,0,0
CID4535_CTCTAATCAGATGGGT,0,0,0,0,0,1,0,0,0,0,0,0,0,0,0,0,0,0
CID4535_CTGATCCTCTGCAAGT,0,0,0,2,0,0,0,1,2,0,0,0,0,0,0,0,0,0
CID4535_CTCGGGACATCGACGC,0,0,0,1,0,0,0,0,0,0,0,0,0,0,0,0,0,0
CID4535_AAGTCTGGTTACCGAT,0,0,0,0,0,0,0,0,0,0,0,0,0,1,0,0,0,0
CID4535_CAAGATCCAACGCACC,0,0,0,0,5,3,2,4,1,0,0,0,0,1,0,0,0,0
CID4535_CATCAAGCAGCCTTTC,0,0,0,3,2,3,8,4,1,0,0,0,0,0,0,0,2,1
CID4535_GTACTTTTCTACTTAC,0,0,0,0,8,0,4,4,4,0,0,0,0,0,0,0,0,0
CID4535_TGCCCATCATTGCGGC,2,1,0,2,1,2,7,4,0,0,0,0,0,1,0,1,0,0
CID4535_TTATGCTTCGGGAGTA,0,0,0,2,0,0,0,0,0,0,0,0,0,0,0,0,0,0
CID4535_ATTGGACAGACGCTTT,0,0,0,2,2,0,0,1,0,0,0,0,0,0,0,0,0,0
CID4535_CAAGGCCGTAGAGGAA,0,0,0,3,0,2,2,1,0,0,0,0,0,0,0,0,0,0
CID4535_TGACGGCTCTCAAACG,0,0,0,1,1,0,1,2,0,0,0,0,0,0,0,0,0,0
CID4535_AAACCTGTCCCAACGG,1,0,3,2,0,0,0,0,0,0,0,0,0,0,0,0,0,0
CID4535_AAAGTAGTCAACACGT,0,1,1,0,0,0,0,0,0,0,0,0,0,0,0,0,0,0
CID4535_AACACGTCAGCCTGTG,1,2,2,6,0,0,0,0,0,0,0,0,0,0,0,0,0,0
CID4535_AACTCAGGTCTTGTCC,0,0,0,1,0,0,0,0,0,0,0,0,0,0,0,0,0,0
CID4535_AACTGGTTCAGCTGGC,0,0,4,9,0,0,0,0,0,0,0,0,0,0,0,0,0,0
CID4535_AACTTTCTCCCTCTTT,1,4,0,9,0,0,0,0,0,0,0,0,0,0,0,0,0,0
CID4535_AAGTCTGTCGAATCCA,1,1,2,8,0,0,0,0,0,0,1,0,0,0,0,0,0,0
CID4535_AATCCAGTCACGATGT,7,7,22,137,0,0,0,0,0,2,11,0,0,26,1,2,0,0
CID4535_AATCGGTAGTAAGTAC,0,0,1,6,0,0,0,0,0,0,0,0,0,0,0,0,0,0
CID4535_ACACCGGTCGCAGGCT,0,0,2,4,0,0,0,0,0,0,0,0,0,0,0,0,0,0
CID4535_ACAGCCGCATCTCGCT,1,1,1,4,0,0,0,0,0,0,0,0,0,0,0,0,0,0
CID4535_ACAGCTAAGCGCCTCA,0,2,6,10,0,0,0,0,0,0,0,0,0,0,0,0,0,0
CID4535_ACAGCTACACGGATAG,1,0,1,8,0,0,0,0,0,0,0,0,0,0,0,0,0,0
CID4535_ACAGCTATCCAAACTG,0,1,1,4,0,0,0,0,0,0,0,0,0,0,0,1,0,0
CID4535_ACATGGTAGCCAACAG,0,2,3,2,0,0,0,0,0,0,0,0,0,0,0,0,0,0
CID4535_ACATGGTGTTGAACTC,2,1,3,2,0,0,0,0,0,0,0,0,0,0,0,0,0,0
CID4535_ACCGTAAGTACTCTCC,0,0,2,2,0,0,0,0,0,0,0,0,0,0,0,0,0,0
CID4535_ACCTTTAAGAAGCCCA,0,0,2,8,0,0,0,0,0,0,0,0,0,0,0,0,0,0
CID4535_ACCTTTACACGAAATA,0,0,1,2,0,0,0,0,0,0,0,0,0,0,0,0,0,0
CID4535_ACGAGCCAGTGGAGAA,0,1,5,14,0,0,0,0,0,0,0,0,0,0,0,0,0,0
CID4535_ACGAGCCGTTCTGGTA,1,0,2,12,0,0,0,0,0,0,0,0,0,0,0,0,0,0
CID4535_ACGATACGTCTGCGGT,0,1,1,24,0,0,0,0,0,0,0,0,0,0,0,0,0,0
CID4535_ACGCCAGGTAGAAGGA,1,0,0,7,0,0,0,0,0,0,0,0,0,0,0,0,0,0
CID4535_ACGGGCTCAATACGCT,1,0,0,0,0,0,0,0,0,0,0,0,0,0,0,0,0,0
CID4535_ACGGGTCAGGGTGTTG,0,1,2,2,0,0,0,0,0,0,1,0,0,0,0,0,0,0
CID4535_ACGTCAAGTGTCGCTG,1,0,1,8,0,0,0,0,0,0,0,0,0,0,0,0,0,0
CID4535_ACTATCTCAGTAACGG,0,0,0,1,0,0,0,0,0,0,0,0,0,0,0,0,0,0
CID4535_ACTGAACTCTCAAGTG,0,0,1,1,0,0,0,0,0,0,0,0,0,0,0,0,0,0
CID4535_ACTGAGTGTGTGTGCC,0,0,0,2,1,0,0,0,0,0,0,0,0,0,0,0,0,0
CID4535_ACTGCTCAGAAACCTA,1,0,0,6,0,0,0,0,0,0,0,0,0,0,0,0,0,0
CID4535_ACTGTCCCAGTAGAGC,0,1,3,1,0,0,0,0,0,0,0,0,0,0,0,0,0,0
CID4535_AGACGTTCAAACAACA,0,1,0,0,0,0,0,0,0,0,0,0,0,0,0,0,0,0
CID4535_AGACGTTGTCACCCAG,0,0,1,4,0,0,0,0,0,0,0,0,0,0,0,0,0,0
CID4535_AGAGCGAAGTGATCGG,1,1,3,9,0,0,0,0,0,0,0,0,0,0,0,0,0,0
CID4535_AGAGTGGAGCGACGTA,1,0,0,5,0,0,0,0,0,0,0,0,0,0,0,0,0,0
CID4535_AGATTGCTCCATGAAC,0,0,0,3,0,0,0,0,0,0,0,0,0,0,0,0,0,0
CID4535_AGCATACTCCGAGCCA,0,0,1,8,0,0,0,0,0,0,0,0,0,0,0,0,0,0
CID4535_AGCCTAATCTTGACGA,1,1,2,3,0,0,0,0,0,0,0,0,0,0,0,0,0,0
CID4535_AGGCCGTAGTCGATAA,0,0,0,1,0,0,0,0,0,0,0,0,0,0,0,0,0,0
CID4535_AGGGAGTAGAAGGCCT,1,0,1,9,0,0,0,0,0,0,0,0,0,0,0,0,0,0
CID4535_AGGGAGTAGGCTCAGA,0,0,1,1,0,0,0,0,0,0,0,0,0,0,0,0,0,0
CID4535_AGGGAGTCACCCATGG,0,2,3,0,0,0,0,0,0,0,0,0,0,0,0,0,0,0
CID4535_AGGGAGTGTGCACCAC,1,0,1,3,0,0,0,0,1,0,0,0,0,0,0,0,0,0
CID4535_AGTAGTCTCCACGCAG,0,1,7,4,0,0,1,0,0,0,0,0,0,0,0,0,0,0
CID4535_AGTGGGATCGCCATAA,0,0,1,3,0,0,0,0,0,0,0,0,0,0,0,0,0,0
CID4535_ATAACGCCAATAGAGT,0,1,1,11,0,0,0,0,0,0,0,0,0,0,0,0,0,0
CID4535_ATAACGCCACTAAGTC,0,2,1,10,0,0,0,0,0,0,0,0,0,0,0,0,0,0
CID4535_ATCCGAACATATGGTC,0,3,3,12,0,0,0,0,0,0,0,0,0,0,0,0,0,0
CID4535_ATCGAGTCAGGATCGA,0,0,0,1,0,0,0,0,0,0,0,0,0,0,0,0,0,0
CID4535_ATCGAGTTCCCAAGTA,0,0,2,2,0,0,0,0,0,0,0,0,0,0,0,0,0,0
CID4535_ATCTGCCAGGCAATTA,8,15,33,77,2,0,9,2,2,0,0,0,0,0,0,0,0,0
CID4535_ATGAGGGGTATCAGTC,0,1,1,3,0,0,0,0,0,0,0,0,0,0,0,0,0,0
CID4535_ATTACTCCATTCCTGC,1,0,0,13,0,0,0,0,0,0,0,0,0,0,0,0,0,0
CID4535_CAACTAGGTCTACCTC,0,0,1,6,0,0,0,0,0,0,0,0,0,0,0,0,0,0
CID4535_CAAGATCGTAACGCGA,0,2,0,1,0,0,0,0,0,0,0,0,0,0,0,0,0,0
CID4535_CAAGTTGCAGTACACT,1,1,1,4,0,0,0,0,0,0,0,0,0,0,0,0,0,0
CID4535_CAAGTTGGTATCACCA,0,0,1,2,0,0,0,0,0,0,0,0,0,0,0,0,0,0
CID4535_CACACTCGTGCGAAAC,0,0,4,10,0,0,0,0,0,0,0,0,0,0,0,0,0,0
CID4535_CACATAGAGTCTCGGC,0,0,4,6,0,0,0,0,0,0,0,0,0,0,0,0,0,0
CID4535_CACCACTTCATGCAAC,1,1,1,6,0,0,0,0,0,0,0,0,0,0,0,0,0,0
CID4535_CACCTTGCAACACCCG,0,3,3,7,0,0,0,0,0,0,0,0,0,0,0,0,0,0
CID4535_CACTCCACATTTGCCC,3,0,3,0,0,0,0,0,0,0,0,0,0,0,0,0,0,0
CID4535_CACTCCAGTAGTACCT,2,0,1,11,0,0,0,0,0,0,0,0,0,0,0,0,0,0
CID4535_CAGAGAGCACATCCAA,0,0,3,6,0,0,0,0,0,0,0,0,1,0,0,0,0,0
CID4535_CAGCAGCAGCTCCTTC,0,1,0,2,0,0,0,0,0,0,0,0,0,0,0,0,0,0
CID4535_CAGCAGCTCATTATCC,1,0,2,3,0,0,0,0,0,0,0,0,0,0,0,0,0,0
CID4535_CAGCATAAGAAGGCCT,1,0,1,2,0,0,0,0,0,0,0,0,0,0,0,0,0,0
CID4535_CAGCTAACAAAGCGGT,0,0,1,6,0,0,0,0,0,0,0,0,0,0,0,0,0,0
CID4535_CAGCTGGCATGACGGA,0,1,3,1,0,0,0,0,0,0,0,0,0,0,0,0,0,0
CID4535_CAGGTGCCAATGACCT,0,0,2,8,0,0,0,0,0,0,0,0,0,1,0,0,0,0
CID4535_CAGGTGCGTGCGCTTG,0,0,1,2,0,0,0,0,0,0,0,0,0,0,0,0,0,0
CID4535_CAGTAACAGACGCTTT,0,1,1,2,0,0,0,0,0,0,0,0,0,0,0,0,0,0
CID4535_CATCAAGCACCAACCG,0,0,1,2,0,0,0,0,0,0,0,0,0,0,0,0,0,0
CID4535_CATCAGAAGCGAGAAA,0,2,2,1,0,0,0,0,0,0,0,0,0,1,0,0,0,0
CID4535_CCAGCGAAGGAACTGC,0,0,1,3,0,0,0,0,0,0,0,0,0,0,0,0,0,0
CID4535_CCATGTCTCCGTAGGC,0,1,4,12,0,0,0,0,0,0,0,0,0,0,0,0,0,0
CID4535_CCATTCGGTATGAATG,0,1,0,2,0,0,0,0,0,0,0,0,0,0,0,0,0,0
CID4535_CCCAATCTCAGTTGAC,0,1,0,2,0,0,0,0,0,0,0,0,0,0,0,0,0,0
CID4535_CCCAGTTAGTTAGGTA,0,1,1,0,0,0,0,0,0,0,0,0,0,0,0,0,0,0
CID4535_CCCAGTTCATAACCTG,0,0,1,1,0,0,0,0,0,0,0,0,0,0,0,0,0,0
CID4535_CCGGTAGTCACCAGGC,0,0,1,5,0,0,0,0,0,0,0,0,0,0,0,0,0,0
CID4535_CCGTGGAAGCAATATG,1,0,0,4,0,0,0,0,0,0,0,0,0,0,0,0,0,0
CID4535_CCTACCAAGTCGCCGT,0,0,3,4,0,0,0,0,0,0,0,0,0,0,0,0,0,0
CID4535_CCTACCACAAGCTGTT,0,2,1,2,0,0,0,0,0,0,0,0,0,0,0,0,0,0
CID4535_CCTAGCTGTGTTAAGA,1,1,1,9,0,0,0,0,0,0,0,0,0,0,0,0,0,0
CID4535_CCTTACGTCTTGCAAG,2,1,2,2,0,0,0,0,0,0,0,0,0,0,0,0,0,0
CID4535_CGACCTTGTGCAGTAG,1,0,1,1,0,0,0,0,0,0,0,0,0,0,0,0,0,0
CID4535_CGAGCCATCTGATTCT,0,0,0,2,0,0,0,0,0,0,0,0,0,0,0,0,0,0
CID4535_CGATCGGGTGTGTGCC,2,1,2,7,0,0,0,0,0,0,0,0,0,0,0,0,0,0
CID4535_CGATGGCGTAGCCTCG,0,0,2,4,0,0,0,0,0,0,0,0,0,0,0,0,0,0
CID4535_CGATGTAAGTGGAGTC,2,1,2,12,0,0,0,0,0,0,0,0,0,0,0,0,0,0
CID4535_CGATTGACACGGTTTA,2,2,1,6,0,0,0,0,0,0,0,0,0,0,0,0,0,0
CID4535_CGCGGTATCCTCATTA,0,2,1,10,0,0,0,0,0,0,0,0,0,0,0,0,0,0
CID4535_CGCGTTTCAATAAGCA,0,2,3,8,0,0,0,0,0,0,0,0,0,0,0,0,0,0
CID4535_CGCGTTTGTCGGGTCT,1,0,2,4,0,0,0,0,0,0,0,0,0,1,0,0,0,0
CID4535_CGCTATCTCAAACCGT,0,1,1,2,0,0,0,0,0,0,0,0,0,0,0,0,0,0
CID4535_CGCTTCATCCAGAAGG,1,1,1,12,0,0,0,0,0,0,0,0,0,0,0,0,0,0
CID4535_CGCTTCATCCGCATCT,0,0,1,8,0,0,0,0,0,0,0,0,0,0,0,0,0,0
CID4535_CGGACGTAGCGGCTTC,0,1,2,3,0,0,0,0,0,0,0,0,0,1,0,0,0,0
CID4535_CGGACGTCACACATGT,0,2,0,28,0,0,0,0,0,0,0,0,0,0,0,0,0,0
CID4535_CGGAGCTAGCGCCTCA,0,1,0,0,0,0,0,0,0,0,0,0,0,0,0,0,0,0
CID4535_CGGAGTCTCGTCTGCT,0,1,0,6,0,0,0,0,0,0,0,0,0,0,0,0,0,0
CID4535_CGTAGCGCACTATCTT,0,3,2,5,0,0,0,0,0,0,0,0,0,0,0,0,0,0
CID4535_CGTCACTGTCTCCCTA,0,0,0,1,0,0,0,0,0,0,0,0,0,0,0,0,0,0
CID4535_CGTGAGCCAATGGATA,1,0,0,1,0,0,0,0,0,0,0,0,0,0,0,0,0,0
CID4535_CGTGTCTCAGCGAACA,6,4,25,83,0,0,1,0,0,4,2,0,0,17,0,6,0,0
CID4535_CGTTCTGAGACCTTTG,0,0,3,9,0,0,0,0,0,0,0,0,0,0,0,0,0,0
CID4535_CGTTCTGGTGGTCCGT,0,2,1,2,0,0,0,0,0,0,0,0,0,0,0,0,0,0
CID4535_CTAAGACTCATAAAGG,0,0,1,5,0,0,0,0,0,0,0,0,0,0,0,0,0,0
CID4535_CTAATGGGTTCGCTAA,0,1,2,11,0,0,0,0,0,0,0,0,0,1,0,0,0,0
CID4535_CTACACCTCGTAGGTT,0,1,1,1,0,0,0,1,0,0,0,0,0,0,0,0,0,0
CID4535_CTAGTGAAGAGTACCG,0,1,1,6,0,0,0,0,0,0,0,0,0,0,0,0,0,0
CID4535_CTCAGAATCCCGGATG,1,0,3,4,0,0,0,0,0,0,0,0,0,0,0,0,0,0
CID4535_CTCCTAGCACAACGTT,0,1,1,4,0,0,0,0,0,0,0,0,0,0,0,0,0,0
CID4535_CTCGAAATCTCAAACG,2,0,1,2,0,0,0,0,0,0,0,0,0,0,0,0,0,0
CID4535_CTCGTACAGGTAAACT,0,0,2,8,0,0,0,0,0,0,0,0,0,0,0,0,0,0
CID4535_CTGAAACAGTCCGTAT,1,1,2,1,0,0,0,0,0,0,0,0,0,0,0,0,0,0
CID4535_CTGATCCAGACACTAA,0,1,2,2,0,0,0,0,0,0,0,0,0,0,0,0,0,0
CID4535_CTGCCTACAGGGTACA,1,2,2,19,0,0,0,0,0,0,0,0,0,0,0,0,0,0
CID4535_CTGCTGTCATGGAATA,0,0,5,15,0,0,0,0,0,0,0,0,0,0,0,0,0,0
CID4535_CTGCTGTGTTCTGAAC,0,0,1,3,0,0,0,0,0,0,0,0,0,0,0,0,0,0
CID4535_CTGTGCTTCCAAAGTC,0,1,1,9,0,0,0,0,0,0,0,0,0,0,0,0,0,0
CID4535_CTGTTTAAGTTTGCGT,0,0,4,4,0,0,0,0,0,0,0,0,0,0,0,0,0,0
CID4535_CTGTTTACAAAGGCGT,0,1,1,4,0,0,0,0,0,0,0,0,0,0,0,0,0,0
CID4535_CTTAACTCACACATGT,0,0,2,13,0,0,0,0,0,0,0,0,0,0,0,0,0,0
CID4535_GAAATGAAGGAACTGC,0,0,3,1,0,0,0,0,0,0,0,1,0,0,0,0,0,0
CID4535_GAACATCCAGATCCAT,1,3,2,18,0,0,0,0,0,0,0,0,0,0,0,0,0,0
CID4535_GAACGGATCCACGTTC,0,1,2,13,0,0,0,0,0,0,0,0,0,0,0,0,0,0
CID4535_GAAGCAGGTGAGCGAT,1,3,5,5,0,0,0,0,0,0,0,0,0,0,0,0,0,0
CID4535_GAATAAGAGTACACCT,0,0,0,1,0,0,0,0,0,0,0,0,0,0,0,0,0,0
CID4535_GAATAAGCAGGATCGA,0,0,2,12,0,0,0,0,0,0,0,0,0,0,0,0,0,0
CID4535_GAATGAATCAGCACAT,0,1,0,0,0,0,0,0,0,0,0,0,0,0,0,0,0,0
CID4535_GACCTGGCAGCCTGTG,0,0,0,6,0,0,0,0,0,0,0,0,0,0,0,0,0,0
CID4535_GACGTGCCATCACGTA,2,0,1,2,0,0,0,0,0,0,0,0,0,0,0,0,0,0
CID4535_GACGTTAGTCCTGCTT,0,0,0,2,0,0,0,0,0,0,0,0,0,0,0,0,0,0
CID4535_GACTAACCAGGGTATG,1,0,0,12,0,0,0,0,0,0,0,0,0,0,0,0,0,0
CID4535_GAGCAGATCATTGCGA,0,0,1,4,0,0,0,0,0,0,0,0,0,0,0,0,0,0
CID4535_GAGGTGACACCGATAT,1,0,5,9,0,0,0,0,0,0,0,0,0,0,0,0,0,0
CID4535_GAGGTGATCACCCTCA,0,0,0,4,0,0,0,0,0,0,0,0,0,0,0,0,0,0
CID4535_GATCAGTCACAAGTAA,0,0,0,4,0,0,0,0,0,0,0,0,0,0,0,0,0,0
CID4535_GATCGCGCAGACAAGC,1,0,4,4,0,0,0,0,0,0,0,0,0,0,0,0,0,0
CID4535_GATTCAGTCCTAGTGA,0,0,0,0,0,0,0,0,0,0,0,0,0,0,0,0,0,0
CID4535_GCAAACTAGATCACGG,0,0,0,1,0,0,0,0,0,0,0,0,0,0,0,0,0,0
CID4535_GCACTCTTCAGTGCAT,0,0,3,7,0,0,0,0,0,0,0,0,0,0,0,0,0,0
CID4535_GCATGATGTCCGTTAA,2,0,2,12,0,0,0,0,0,0,0,0,0,0,0,0,0,0
CID4535_GCATGCGTCACTCTTA,1,0,2,4,0,0,0,0,0,0,0,0,0,0,0,0,0,0
CID4535_GCCTCTAGTCGCATCG,2,3,1,10,0,0,0,0,0,0,0,1,0,0,0,0,0,0
CID4535_GCGACCAAGCGGCTTC,0,2,3,6,0,0,0,0,0,0,0,0,0,0,0,0,0,0
CID4535_GCGACCACAGGATTGG,0,2,1,9,0,0,0,0,0,0,0,0,0,0,0,0,0,0
CID4535_GCGCAACCATGTAGTC,0,0,0,12,0,0,0,0,0,0,0,0,0,0,0,0,0,0
CID4535_GCTCCTACACAGGCCT,1,0,1,6,0,0,0,0,0,0,0,0,0,0,0,0,0,0
CID4535_GCTCCTATCTCGATGA,0,1,2,4,0,0,0,0,0,0,0,0,0,0,0,0,0,0
CID4535_GCTCTGTAGGGTATCG,0,0,4,6,0,0,0,0,0,0,0,0,0,0,0,0,0,0
CID4535_GCTGCAGAGGCAGTCA,1,0,0,4,0,0,0,0,0,0,0,0,0,0,0,0,0,0
CID4535_GCTGCAGCACGGTAGA,0,0,0,1,0,0,0,0,0,0,0,0,0,0,0,0,0,0
CID4535_GCTGCTTTCTCTTATG,0,0,0,3,0,0,0,0,0,0,0,0,0,0,0,0,0,0
CID4535_GCTTCCAAGTGAATTG,0,1,3,10,0,0,0,0,0,0,0,0,0,0,0,1,0,0
CID4535_GCTTCCATCCCTAACC,0,1,0,4,0,0,0,0,0,0,0,0,0,0,0,0,0,0
CID4535_GCTTCCATCTCAACTT,0,0,0,0,0,0,0,0,0,0,0,0,0,0,0,0,0,0
CID4535_GGACAGATCGAGGTAG,1,0,1,15,0,0,0,0,0,0,0,0,0,0,0,0,0,0
CID4535_GGACATTGTAAAGGAG,0,0,4,3,0,0,0,0,0,0,0,0,0,0,0,0,0,0
CID4535_GGATGTTAGACAAAGG,0,2,1,13,0,0,0,0,0,0,1,0,0,0,0,0,0,0
CID4535_GGCAATTCATATGAGA,0,0,2,3,0,0,0,0,0,0,0,0,0,0,0,0,0,0
CID4535_GGCAATTCATTCACTT,1,0,0,2,0,0,0,0,0,0,0,0,0,0,0,0,0,0
CID4535_GGGCATCCAACACCTA,0,0,3,1,0,0,0,0,0,0,0,0,0,0,0,0,0,0
CID4535_GGTATTGTCTTCATGT,1,0,0,3,0,0,0,0,0,0,0,0,0,0,0,0,0,0
CID4535_GTAACGTTCGTTTGCC,1,1,0,1,0,0,0,0,0,0,0,0,0,0,0,0,0,0
CID4535_GTAACTGCAATCGGTT,2,1,1,7,0,0,0,0,0,0,0,0,0,0,0,0,0,0
CID4535_GTAACTGTCTGGTGTA,0,0,3,1,0,0,0,0,0,0,0,0,0,0,0,0,0,0
CID4535_GTACGTACAGCGTTCG,1,0,2,2,0,0,0,0,0,0,0,0,0,0,0,0,0,0
CID4535_GTAGTCAAGCCCAATT,0,0,2,8,0,0,0,0,0,0,0,0,0,0,0,0,0,0
CID4535_GTATTCTTCTAAGCCA,0,1,3,5,0,0,0,0,0,0,0,0,0,0,0,0,0,0
CID4535_GTATTCTTCTCACATT,0,6,4,19,0,0,0,0,0,0,0,0,0,0,0,0,0,0
CID4535_GTCAAGTCAATCCAAC,1,0,2,8,0,0,0,0,0,0,1,0,0,0,0,0,0,0
CID4535_GTCAAGTGTGATGCCC,0,0,0,1,0,0,0,0,0,0,0,0,0,0,0,0,0,0
CID4535_GTCAAGTTCGCAAGCC,0,2,0,5,0,0,0,0,0,0,0,0,0,1,0,0,0,0
CID4535_GTCACGGGTAGTAGTA,1,0,2,5,0,0,0,0,0,0,0,0,0,0,0,0,0,0
CID4535_GTCATTTGTCGAACAG,0,0,2,5,0,0,0,0,0,0,0,0,0,0,0,0,0,0
CID4535_GTCCTCACACATAACC,1,1,0,2,0,0,0,0,0,0,0,0,0,0,0,0,0,0
CID4535_GTCGGGTTCAAGGTAA,0,0,1,6,0,0,0,0,0,0,0,0,0,0,0,0,0,0
CID4535_GTCGTAACACTGCCAG,0,0,2,5,0,0,0,0,0,0,0,0,0,0,0,0,0,0
CID4535_GTCTTCGGTCCAACTA,0,0,1,2,0,0,0,0,0,0,0,0,0,0,0,0,0,0
CID4535_GTGCGGTCATGCGCAC,0,2,2,3,0,0,0,0,0,0,0,0,0,0,0,0,0,0
CID4535_GTTTCTAGTTAAGATG,1,0,5,4,0,0,0,0,0,0,0,0,0,0,0,0,0,0
CID4535_GTTTCTATCCGTAGTA,0,2,3,7,0,0,0,0,0,0,0,0,0,0,0,0,0,0
CID4535_TAAACCGGTCAATACC,0,0,3,7,0,0,0,0,0,0,0,0,0,0,0,0,0,0
CID4535_TAAGCGTAGAAACGCC,0,1,4,9,0,0,0,0,0,0,0,0,0,0,0,0,0,0
CID4535_TACCTATGTACATCCA,0,2,1,0,0,0,0,0,0,0,0,0,0,0,0,0,0,0
CID4535_TACTCATTCATGTAGC,0,1,1,7,0,0,0,0,0,0,0,0,0,0,0,0,0,0
CID4535_TACTTGTCAATGGAGC,0,0,4,5,0,0,0,0,0,0,0,0,0,0,0,0,0,0
CID4535_TAGGCATCACTTGGAT,0,2,0,1,0,0,0,0,0,0,0,0,0,0,0,0,0,0
CID4535_TAGTGGTGTCATGCAT,1,1,2,1,0,0,0,0,0,0,0,0,0,0,0,0,0,0
CID4535_TCAATCTAGTAATCCC,1,3,1,13,0,0,0,0,0,0,0,0,0,0,0,0,0,0
CID4535_TCAGATGAGACCTTTG,0,1,1,6,0,0,0,0,0,0,0,0,0,0,0,0,0,0
CID4535_TCAGGATGTCGATTGT,0,0,1,7,0,0,0,0,0,0,0,0,0,0,0,0,0,0
CID4535_TCAGGATTCCACTGGG,0,1,2,3,0,0,0,0,0,0,0,0,0,0,0,0,0,0
CID4535_TCATTACGTTATCGGT,0,1,7,8,0,0,0,0,0,0,0,0,0,0,0,0,0,0
CID4535_TCCACACAGAGAACAG,1,1,2,7,0,0,0,0,0,0,0,0,0,0,0,0,0,0
CID4535_TCGAGGCTCGCCGTGA,0,1,3,3,0,0,0,0,0,0,0,0,0,0,0,0,0,0
CID4535_TCGCGAGGTCGCATAT,0,2,3,1,0,0,0,0,0,0,0,0,0,0,0,0,0,0
CID4535_TCGCGAGGTTTAGGAA,0,0,3,4,0,0,0,0,0,0,0,0,0,0,0,0,0,0
CID4535_TCTATTGCATTAACCG,1,0,2,4,0,0,0,0,0,0,0,0,0,0,0,0,0,0
CID4535_TCTCATAAGTCCAGGA,0,1,3,8,0,0,0,0,0,0,0,0,0,0,0,0,0,0
CID4535_TCTCATAGTTACGGAG,0,3,4,9,0,0,0,0,0,0,0,0,0,1,0,0,0,0
CID4535_TCTCATATCTCCAGGG,0,3,3,11,0,0,0,0,0,0,0,0,0,0,0,0,0,0
CID4535_TCTCTAAAGATCGATA,1,0,1,0,0,0,0,0,0,0,0,0,0,0,0,0,0,0
CID4535_TCTGAGAGTTCCTCCA,0,0,3,8,0,0,0,0,0,0,0,0,0,0,0,0,0,0
CID4535_TCTGGAAGTTACGGAG,0,0,0,2,0,0,0,0,0,0,0,0,0,0,0,0,0,0
CID4535_TGAAAGACAGCTGTTA,0,1,0,3,0,0,0,0,0,0,0,0,0,0,0,0,0,0
CID4535_TGAAAGACATTCTCAT,0,0,0,3,0,0,0,0,0,0,0,0,0,1,0,0,0,0
CID4535_TGACAACCATCCCATC,0,1,1,11,0,0,0,1,0,0,0,0,0,0,0,0,0,0
CID4535_TGACAACTCCTTGGTC,0,0,0,1,0,0,0,0,0,0,0,1,0,1,0,0,0,0
CID4535_TGACGGCTCGGCGCAT,0,0,3,12,0,0,0,0,0,0,0,0,0,0,0,0,0,0
CID4535_TGACTAGGTTGGACCC,10,9,33,121,0,0,0,0,0,2,4,0,0,21,0,3,0,0
CID4535_TGAGCATCATGCCACG,0,1,4,3,0,0,0,0,0,0,0,0,0,0,0,0,0,0
CID4535_TGCACCTAGCAACGGT,0,0,1,2,0,0,0,0,0,0,0,0,0,0,0,0,0,0
CID4535_TGCCCTAAGTAGGTGC,1,1,2,6,0,0,0,0,0,0,0,0,0,0,0,0,0,0
CID4535_TGCGGGTCAAGACACG,0,1,2,8,0,0,0,0,0,0,0,0,0,0,0,0,0,0
CID4535_TGGCCAGTCCAGAGGA,0,0,2,4,0,0,0,0,0,0,0,0,0,0,0,0,0,0
CID4535_TGGCGCAAGACAAGCC,0,1,4,8,0,0,0,0,0,0,0,0,0,0,0,0,0,0
CID4535_TGGCGCATCATGTCCC,1,1,1,2,0,0,0,0,0,0,0,0,0,0,0,0,0,0
CID4535_TGGCTGGGTCCTCTTG,0,0,1,1,0,0,0,0,0,1,0,1,0,0,0,0,0,0
CID4535_TGGGAAGCAGACACTT,0,1,1,3,0,0,0,0,0,0,0,0,0,0,0,0,0,0
CID4535_TGGGAAGCAGCTGCAC,0,2,2,4,0,0,0,0,0,0,0,0,0,0,0,0,0,0
CID4535_TGGGAAGGTAGGAGTC,1,1,5,19,0,0,0,0,0,0,0,0,0,1,0,0,0,0
CID4535_TGTATTCAGGCAGTCA,0,2,3,13,0,0,0,0,0,0,0,0,0,0,0,0,0,0
CID4535_TGTATTCTCTCAACTT,0,0,1,1,0,0,0,0,0,0,0,0,0,1,0,0,0,0
CID4535_TGTCCCACATACGCTA,1,1,0,5,0,0,0,0,0,0,0,0,0,0,0,0,0,0
CID4535_TTAACTCCATCCTTGC,0,0,2,1,0,0,0,0,0,0,0,0,0,0,0,0,0,0
CID4535_TTAGGACGTTTAAGCC,0,0,3,13,1,0,0,0,0,0,0,0,0,0,0,0,0,0
CID4535_TTCCCAGGTATAAACG,0,0,1,0,0,0,0,0,0,0,0,0,0,0,0,0,0,0
CID4535_TTGGAACCAGCTGTGC,0,0,2,0,0,0,0,0,0,0,0,0,0,0,0,0,0,0
CID4535_TTTACTGCAACCGCCA,2,2,1,4,0,0,0,0,0,0,0,0,0,0,0,0,0,0
CID4535_TTTCCTCCATTGGTAC,1,0,6,8,0,0,0,0,0,0,0,0,0,0,0,0,0,0
CID4535_TTTGTCAAGATCCCAT,0,0,1,2,0,0,0,0,0,0,0,0,0,0,0,0,0,0
CID4535_AACGTTGCATTCGACA,0,2,1,2,0,0,0,0,0,0,0,0,0,0,0,0,0,0
CID4535_AACGTTGCATTTGCCC,0,2,0,2,0,0,0,0,0,0,0,0,0,0,0,0,0,0
CID4535_ACGATGTGTCCAGTGC,1,1,1,2,0,0,0,0,0,0,0,0,0,0,0,0,0,0
CID4535_ACGGCCAAGTGAATTG,0,0,0,4,0,0,0,0,0,0,0,0,0,0,0,0,0,0
CID4535_AGTGGGAGTGTCCTCT,1,1,1,2,0,0,0,0,0,0,0,0,0,0,0,0,0,0
CID4535_ATTCTACGTACAGCAG,0,0,1,1,0,0,0,0,0,0,0,0,0,0,0,0,0,0
CID4535_CACCACTCACACCGCA,0,0,2,9,0,0,0,0,0,0,0,0,0,0,0,0,0,0
CID4535_CATGACAGTGCGCTTG,1,0,0,3,0,0,0,0,0,0,0,0,0,0,0,0,0,0
CID4535_CCCAATCGTTCGTTGA,0,0,1,2,0,0,0,0,0,0,0,0,0,0,0,0,0,0
CID4535_CCGGTAGTCACTATTC,0,0,2,4,0,0,0,0,0,0,0,0,0,0,0,0,0,0
CID4535_CGCCAAGAGGTAGCCA,2,2,0,3,0,0,0,0,0,0,0,0,0,0,0,0,0,0
CID4535_CGGACGTAGATGTTAG,0,0,1,5,0,0,0,0,0,0,0,0,0,0,0,0,0,0
CID4535_CGTCCATTCACTCTTA,1,2,0,5,0,0,0,0,0,1,0,0,0,0,0,0,0,0
CID4535_CGTGAGCGTAAGTGTA,3,4,3,8,0,0,0,0,0,0,0,0,0,0,0,0,0,0
CID4535_CTCATTAAGGTTACCT,0,1,5,14,0,0,0,0,0,0,0,0,0,0,0,0,0,0
CID4535_CTGCGGACATGACGGA,2,0,4,6,0,0,0,0,0,0,0,0,0,0,0,0,0,0
CID4535_GACGGCTGTCCATCCT,1,0,0,8,0,0,0,0,0,0,0,0,0,0,0,0,0,0
CID4535_GACTACAGTTACGTCA,0,0,2,0,0,0,0,0,0,0,0,0,0,0,0,0,0,0
CID4535_GACTGCGCATGGTCTA,0,0,3,7,0,0,0,0,0,0,0,0,0,0,0,0,0,0
CID4535_GCGCGATAGTCGAGTG,3,0,2,4,0,0,0,0,0,0,0,0,0,0,0,0,0,0
CID4535_GCTGCGACACGAAGCA,7,10,52,116,5,2,7,2,1,0,0,0,0,0,0,0,0,0
CID4535_GGAATAAGTAGCGTCC,0,1,0,5,0,0,0,0,0,0,0,0,0,0,0,0,0,0
CID4535_GTGTGCGGTACCTACA,1,1,0,5,0,0,0,0,0,0,0,0,0,0,0,0,0,0
CID4535_GTTCTCGAGCGGCTTC,0,0,0,1,0,0,0,0,0,0,0,0,0,0,0,0,0,0
CID4535_TCTATTGTCTGTCCGT,0,0,0,3,0,0,0,0,0,0,0,0,0,0,0,0,0,0
CID4535_TGAGCCGCAGCCTATA,5,1,0,0,0,0,0,0,0,0,0,0,0,0,0,0,0,0
CID4535_TGCACCTAGTCCATAC,0,0,2,4,0,0,0,0,0,0,0,0,0,0,0,0,0,0
CID4535_TGCCAAACATATGAGA,0,0,3,9,0,0,0,0,0,0,0,0,0,0,0,0,0,0
CID4535_TGCTACCCACCAGATT,0,1,1,1,0,0,0,0,0,0,0,0,0,0,0,0,0,0
CID4535_TGTATTCAGTGAAGTT,0,3,4,1,0,0,0,0,0,0,0,0,0,0,0,0,0,0
CID4535_TTGCGTCCAGATCCAT,0,1,3,5,0,0,0,0,0,0,0,0,0,0,0,0,0,0
CID4535_ACACCGGAGTCTCCTC,1,1,4,5,0,0,0,0,0,0,0,0,0,0,0,0,0,0
CID4535_ATTATCCGTACGAAAT,0,0,0,3,0,0,0,0,0,0,0,0,0,0,0,0,0,0
